Using pre-set license
Built from '6000.0/staging' branch; Version is '6000.0.39f1 (15ea7ed0b100) revision 1436286'; Using compiler version '193933523'; Build Type 'Release'
OS: 'Windows 11  (10.0.26100) 64bit Core' Language: 'ko' Physical Memory: 16074 MB
BatchMode: 1, IsHumanControllingUs: 0, StartBugReporterOnCrash: 0, Is64bit: 1, IsPro: 1

COMMAND LINE ARGUMENTS:
C:\Program Files\Unity\Hub\Editor\6000.0.39f1\Editor\Unity.exe
-adb2
-batchMode
-noUpm
-name
AssetImportWorker5
-projectPath
C:/Users/ieoql/unity/HyewonKo
-logFile
Logs/AssetImportWorker5.log
-srvPort
8794
-job-worker-count
7
-background-job-worker-count
8
-gc-helper-count
1
Successfully changed project path to: C:/Users/ieoql/unity/HyewonKo
C:/Users/ieoql/unity/HyewonKo
[UnityMemory] Configuration Parameters - Can be set up in boot.config
    "memorysetup-bucket-allocator-granularity=16"
    "memorysetup-bucket-allocator-bucket-count=8"
    "memorysetup-bucket-allocator-block-size=33554432"
    "memorysetup-bucket-allocator-block-count=8"
    "memorysetup-main-allocator-block-size=16777216"
    "memorysetup-thread-allocator-block-size=16777216"
    "memorysetup-gfx-main-allocator-block-size=16777216"
    "memorysetup-gfx-thread-allocator-block-size=16777216"
    "memorysetup-cache-allocator-block-size=4194304"
    "memorysetup-typetree-allocator-block-size=2097152"
    "memorysetup-profiler-bucket-allocator-granularity=16"
    "memorysetup-profiler-bucket-allocator-bucket-count=8"
    "memorysetup-profiler-bucket-allocator-block-size=33554432"
    "memorysetup-profiler-bucket-allocator-block-count=8"
    "memorysetup-profiler-allocator-block-size=16777216"
    "memorysetup-profiler-editor-allocator-block-size=1048576"
    "memorysetup-temp-allocator-size-main=16777216"
    "memorysetup-job-temp-allocator-block-size=2097152"
    "memorysetup-job-temp-allocator-block-size-background=1048576"
    "memorysetup-job-temp-allocator-reduction-small-platforms=262144"
    "memorysetup-allocator-temp-initial-block-size-main=262144"
    "memorysetup-allocator-temp-initial-block-size-worker=262144"
    "memorysetup-temp-allocator-size-background-worker=32768"
    "memorysetup-temp-allocator-size-job-worker=262144"
    "memorysetup-temp-allocator-size-preload-manager=33554432"
    "memorysetup-temp-allocator-size-nav-mesh-worker=65536"
    "memorysetup-temp-allocator-size-audio-worker=65536"
    "memorysetup-temp-allocator-size-cloud-worker=32768"
    "memorysetup-temp-allocator-size-gi-baking-worker=262144"
    "memorysetup-temp-allocator-size-gi-baking-worker=262144"
    "memorysetup-temp-allocator-size-gi-baking-worker=262144"
    "memorysetup-temp-allocator-size-gi-baking-worker=262144"
    "memorysetup-temp-allocator-size-gi-baking-worker=262144"
    "memorysetup-temp-allocator-size-gfx=262144"
Player connection [58124]  Target information:

Player connection [58124]  * "[IP] 192.168.219.106 [Port] 0 [Flags] 2 [Guid] 70807058 [EditorId] 70807058 [Version] 1048832 [Id] WindowsEditor(7,GalaxyBook) [Debug] 1 [PackageName] WindowsEditor [ProjectName] Editor" 

Player connection [58124] Host joined multi-casting on [225.0.0.222:54997]...
Player connection [58124] Host joined alternative multi-casting on [225.0.0.222:34997]...
JobSystem: Creating JobQueue using job-worker-count value 7
Input System module state changed to: Initialized.
[Physics::Module] Initialized fallback backend.
[Physics::Module] Id: 0xdecafbad
Library Redirect Path: Library/
[Physics::Module] Selected backend.
[Physics::Module] Name: PhysX
[Physics::Module] Id: 0xf2b8ea05
[Physics::Module] SDK Version: 4.1.2
[Physics::Module] Integration Version: 1.0.0
[Physics::Module] Threading Mode: Multi-Threaded
Refreshing native plugins compatible for Editor in 4.30 ms, found 3 plugins.
Preloading 0 native plugins for Editor in 0.00 ms.
Initialize engine version: 6000.0.39f1 (15ea7ed0b100)
[Subsystems] Discovering subsystems at path C:/Program Files/Unity/Hub/Editor/6000.0.39f1/Editor/Data/Resources/UnitySubsystems
[Subsystems] Discovering subsystems at path C:/Users/ieoql/unity/HyewonKo/Assets
GfxDevice: creating device client; kGfxThreadingModeNonThreaded
Direct3D:
    Version:  Direct3D 11.0 [level 11.1]
    Renderer: Intel(R) Iris(R) Xe Graphics (ID=0xa7a0)
    Vendor:   Intel
    VRAM:     8037 MB
    Driver:   31.0.101.4314
Initialize mono
Mono path[0] = 'C:/Program Files/Unity/Hub/Editor/6000.0.39f1/Editor/Data/Managed'
Mono path[1] = 'C:/Program Files/Unity/Hub/Editor/6000.0.39f1/Editor/Data/MonoBleedingEdge/lib/mono/unityjit-win32'
Mono config path = 'C:/Program Files/Unity/Hub/Editor/6000.0.39f1/Editor/Data/MonoBleedingEdge/etc'
Using monoOptions --debugger-agent=transport=dt_socket,embedding=1,server=y,suspend=n,address=127.0.0.1:56668
Begin MonoManager ReloadAssembly
Registering precompiled unity dll's ...
Register platform support module: C:/Program Files/Unity/Hub/Editor/6000.0.39f1/Editor/Data/PlaybackEngines/WindowsStandaloneSupport/UnityEditor.WindowsStandalone.Extensions.dll
Register platform support module: C:/Program Files/Unity/Hub/Editor/6000.0.39f1/Editor/Data/PlaybackEngines/AndroidPlayer/UnityEditor.Android.Extensions.dll
Register platform support module: C:/Program Files/Unity/Hub/Editor/6000.0.39f1/Editor/Data/PlaybackEngines/iOSSupport/UnityEditor.iOS.Extensions.dll
Registered in 0.013390 seconds.
- Loaded All Assemblies, in  0.609 seconds
[usbmuxd] Start listen thread
[usbmuxd] Listen thread started
Native extension for iOS target not found
Native extension for Android target not found
Native extension for WindowsStandalone target not found
Mono: successfully reloaded assembly
- Finished resetting the current domain, in  0.426 seconds
Domain Reload Profiling: 1032ms
	BeginReloadAssembly (223ms)
		ExecutionOrderSort (0ms)
		DisableScriptedObjects (0ms)
		BackupInstance (0ms)
		ReleaseScriptingObjects (0ms)
		CreateAndSetChildDomain (1ms)
	RebuildCommonClasses (41ms)
	RebuildNativeTypeToScriptingClass (16ms)
	initialDomainReloadingComplete (66ms)
	LoadAllAssembliesAndSetupDomain (259ms)
		LoadAssemblies (222ms)
		RebuildTransferFunctionScriptingTraits (0ms)
		AnalyzeDomain (254ms)
			TypeCache.Refresh (252ms)
				TypeCache.ScanAssembly (231ms)
			BuildScriptInfoCaches (0ms)
			ResolveRequiredComponents (1ms)
	FinalizeReload (426ms)
		ReleaseScriptCaches (0ms)
		RebuildScriptCaches (0ms)
		SetupLoadedEditorAssemblies (378ms)
			LogAssemblyErrors (0ms)
			InitializePlatformSupportModulesInManaged (94ms)
			SetLoadedEditorAssemblies (3ms)
			BeforeProcessingInitializeOnLoad (55ms)
			ProcessInitializeOnLoadAttributes (149ms)
			ProcessInitializeOnLoadMethodAttributes (77ms)
			AfterProcessingInitializeOnLoad (0ms)
			EditorAssembliesLoaded (0ms)
		ExecutionOrderSort2 (0ms)
		AwakeInstancesAfterBackupRestoration (0ms)
========================================================================
Worker process is ready to serve import requests
Import Worker Mode flag is 0x00
Begin MonoManager ReloadAssembly
Symbol file LoadedFromMemory is not a mono symbol file
- Loaded All Assemblies, in  1.535 seconds
Refreshing native plugins compatible for Editor in 2.40 ms, found 3 plugins.
Native extension for iOS target not found
Native extension for Android target not found
Native extension for WindowsStandalone target not found
Refreshing native plugins compatible for Editor in 2.67 ms, found 3 plugins.
Mono: successfully reloaded assembly
- Finished resetting the current domain, in  1.303 seconds
Domain Reload Profiling: 2831ms
	BeginReloadAssembly (301ms)
		ExecutionOrderSort (0ms)
		DisableScriptedObjects (8ms)
		BackupInstance (0ms)
		ReleaseScriptingObjects (0ms)
		CreateAndSetChildDomain (43ms)
	RebuildCommonClasses (56ms)
	RebuildNativeTypeToScriptingClass (13ms)
	initialDomainReloadingComplete (57ms)
	LoadAllAssembliesAndSetupDomain (1101ms)
		LoadAssemblies (861ms)
		RebuildTransferFunctionScriptingTraits (0ms)
		AnalyzeDomain (437ms)
			TypeCache.Refresh (349ms)
				TypeCache.ScanAssembly (318ms)
			BuildScriptInfoCaches (73ms)
			ResolveRequiredComponents (11ms)
	FinalizeReload (1304ms)
		ReleaseScriptCaches (0ms)
		RebuildScriptCaches (0ms)
		SetupLoadedEditorAssemblies (1135ms)
			LogAssemblyErrors (0ms)
			InitializePlatformSupportModulesInManaged (31ms)
			SetLoadedEditorAssemblies (5ms)
			BeforeProcessingInitializeOnLoad (185ms)
			ProcessInitializeOnLoadAttributes (817ms)
			ProcessInitializeOnLoadMethodAttributes (90ms)
			AfterProcessingInitializeOnLoad (7ms)
			EditorAssembliesLoaded (0ms)
		ExecutionOrderSort2 (0ms)
		AwakeInstancesAfterBackupRestoration (12ms)
database is locked
Failed to delete database file Library/ShaderCache.db
database is locked
database is locked
database is locked
database is locked
database is locked
database is locked
database is locked
database is locked
database is locked
database is locked
database is locked
database is locked
database is locked
database is locked
database is locked
database is locked
database is locked
database is locked
database is locked
database is locked
database is locked
database is locked
database is locked
database is locked
database is locked
database is locked
database is locked
database is locked
database is locked
database is locked
database is locked
database is locked
database is locked
database is locked
database is locked
database is locked
database is locked
database is locked
database is locked
database is locked
database is locked
database is locked
database is locked
database is locked
database is locked
database is locked
database is locked
database is locked
database is locked
database is locked
database is locked
database is locked
database is locked
database is locked
database is locked
database is locked
database is locked
database is locked
database is locked
database is locked
database is locked
database is locked
database is locked
database is locked
database is locked
database is locked
database is locked
database is locked
database is locked
database is locked
database is locked
database is locked
database is locked
database is locked
database is locked
database is locked
database is locked
database is locked
database is locked
database is locked
database is locked
database is locked
database is locked
database is locked
database is locked
database is locked
database is locked
database is locked
database is locked
database is locked
database is locked
database is locked
database is locked
database is locked
database is locked
database is locked
database is locked
database is locked
database is locked
database is locked
database is locked
database is locked
database is locked
database is locked
database is locked
database is locked
database is locked
database is locked
database is locked
database is locked
database is locked
database is locked
database is locked
database is locked
database is locked
database is locked
database is locked
database is locked
database is locked
database is locked
database is locked
database is locked
database is locked
database is locked
database is locked
database is locked
database is locked
database is locked
database is locked
database is locked
database is locked
database is locked
database is locked
database is locked
database is locked
database is locked
database is locked
database is locked
database is locked
database is locked
database is locked
database is locked
database is locked
database is locked
database is locked
database is locked
database is locked
database is locked
database is locked
database is locked
database is locked
database is locked
database is locked
database is locked
database is locked
database is locked
database is locked
database is locked
database is locked
database is locked
database is locked
database is locked
database is locked
database is locked
database is locked
database is locked
database is locked
database is locked
database is locked
database is locked
database is locked
database is locked
database is locked
database is locked
database is locked
database is locked
database is locked
database is locked
database is locked
database is locked
database is locked
database is locked
database is locked
database is locked
database is locked
database is locked
database is locked
database is locked
database is locked
database is locked
database is locked
database is locked
database is locked
database is locked
database is locked
database is locked
database is locked
database is locked
database is locked
database is locked
database is locked
database is locked
database is locked
database is locked
database is locked
database is locked
database is locked
database is locked
database is locked
database is locked
database is locked
database is locked
database is locked
database is locked
database is locked
database is locked
database is locked
Launched and connected shader compiler UnityShaderCompiler.exe after 0.07 seconds
database is locked
Refreshing native plugins compatible for Editor in 2.04 ms, found 3 plugins.
Preloading 0 native plugins for Editor in 0.00 ms.
Unloading 216 Unused Serialized files (Serialized files now loaded: 0)
Unloading 6869 unused Assets / (12.2 MB). Loaded Objects now: 7366.
Memory consumption went from 189.5 MB to 177.3 MB.
Total: 9.256100 ms (FindLiveObjects: 0.477800 ms CreateObjectMapping: 0.331500 ms MarkObjects: 4.241900 ms  DeleteObjects: 4.203500 ms)

========================================================================
Received Prepare
Begin MonoManager ReloadAssembly
Symbol file LoadedFromMemory is not a mono symbol file
- Loaded All Assemblies, in  0.878 seconds
Refreshing native plugins compatible for Editor in 2.55 ms, found 3 plugins.
Native extension for iOS target not found
Native extension for Android target not found
Native extension for WindowsStandalone target not found
Mono: successfully reloaded assembly
- Finished resetting the current domain, in  0.868 seconds
Domain Reload Profiling: 1745ms
	BeginReloadAssembly (228ms)
		ExecutionOrderSort (0ms)
		DisableScriptedObjects (6ms)
		BackupInstance (0ms)
		ReleaseScriptingObjects (0ms)
		CreateAndSetChildDomain (50ms)
	RebuildCommonClasses (40ms)
	RebuildNativeTypeToScriptingClass (12ms)
	initialDomainReloadingComplete (32ms)
	LoadAllAssembliesAndSetupDomain (563ms)
		LoadAssemblies (448ms)
		RebuildTransferFunctionScriptingTraits (0ms)
		AnalyzeDomain (239ms)
			TypeCache.Refresh (8ms)
				TypeCache.ScanAssembly (0ms)
			BuildScriptInfoCaches (213ms)
			ResolveRequiredComponents (12ms)
	FinalizeReload (868ms)
		ReleaseScriptCaches (0ms)
		RebuildScriptCaches (0ms)
		SetupLoadedEditorAssemblies (712ms)
			LogAssemblyErrors (0ms)
			InitializePlatformSupportModulesInManaged (25ms)
			SetLoadedEditorAssemblies (4ms)
			BeforeProcessingInitializeOnLoad (161ms)
			ProcessInitializeOnLoadAttributes (433ms)
			ProcessInitializeOnLoadMethodAttributes (83ms)
			AfterProcessingInitializeOnLoad (7ms)
			EditorAssembliesLoaded (0ms)
		ExecutionOrderSort2 (0ms)
		AwakeInstancesAfterBackupRestoration (14ms)
database is locked
database is locked
database is locked
database is locked
database is locked
database is locked
database is locked
database is locked
database is locked
database is locked
database is locked
database is locked
database is locked
database is locked
database is locked
database is locked
database is locked
database is locked
database is locked
database is locked
database is locked
database is locked
database is locked
database is locked
database is locked
database is locked
database is locked
database is locked
database is locked
database is locked
database is locked
database is locked
database is locked
database is locked
database is locked
database is locked
database is locked
database is locked
database is locked
database is locked
database is locked
database is locked
database is locked
database is locked
database is locked
database is locked
database is locked
database is locked
database is locked
database is locked
database is locked
database is locked
database is locked
database is locked
database is locked
database is locked
database is locked
database is locked
database is locked
database is locked
database is locked
database is locked
database is locked
database is locked
database is locked
database is locked
database is locked
database is locked
database is locked
database is locked
database is locked
database is locked
database is locked
database is locked
database is locked
database is locked
database is locked
database is locked
database is locked
database is locked
database is locked
database is locked
database is locked
database is locked
database is locked
database is locked
database is locked
database is locked
database is locked
database is locked
database is locked
database is locked
database is locked
database is locked
database is locked
database is locked
database is locked
database is locked
database is locked
database is locked
database is locked
database is locked
database is locked
database is locked
database is locked
database is locked
database is locked
database is locked
database is locked
database is locked
database is locked
database is locked
database is locked
database is locked
database is locked
database is locked
database is locked
database is locked
database is locked
database is locked
database is locked
database is locked
database is locked
database is locked
database is locked
database is locked
database is locked
database is locked
database is locked
database is locked
database is locked
database is locked
database is locked
database is locked
database is locked
database is locked
database is locked
database is locked
database is locked
database is locked
database is locked
database is locked
database is locked
database is locked
database is locked
database is locked
database is locked
database is locked
database is locked
database is locked
database is locked
database is locked
database is locked
database is locked
database is locked
database is locked
database is locked
database is locked
database is locked
database is locked
database is locked
database is locked
database is locked
database is locked
database is locked
database is locked
database is locked
database is locked
database is locked
database is locked
database is locked
database is locked
database is locked
database is locked
database is locked
database is locked
database is locked
database is locked
database is locked
database is locked
database is locked
database is locked
database is locked
database is locked
database is locked
database is locked
database is locked
database is locked
database is locked
database is locked
database is locked
database is locked
database is locked
database is locked
database is locked
database is locked
database is locked
database is locked
database is locked
database is locked
database is locked
database is locked
database is locked
database is locked
database is locked
database is locked
database is locked
database is locked
database is locked
database is locked
database is locked
database is locked
database is locked
database is locked
database is locked
Refreshing native plugins compatible for Editor in 3.72 ms, found 3 plugins.
Preloading 0 native plugins for Editor in 0.00 ms.
Unloading 106 Unused Serialized files (Serialized files now loaded: 0)
Unloading 6867 unused Assets / (12.5 MB). Loaded Objects now: 7368.
Memory consumption went from 169.4 MB to 156.9 MB.
Total: 24.187300 ms (FindLiveObjects: 2.917400 ms CreateObjectMapping: 0.811600 ms MarkObjects: 10.529500 ms  DeleteObjects: 9.925000 ms)

Prepare: number of updated asset objects reloaded= 0
========================================================================
Received Prepare
Begin MonoManager ReloadAssembly
Symbol file LoadedFromMemory is not a mono symbol file
- Loaded All Assemblies, in  0.994 seconds
Refreshing native plugins compatible for Editor in 2.06 ms, found 3 plugins.
Native extension for iOS target not found
Native extension for Android target not found
Native extension for WindowsStandalone target not found
Mono: successfully reloaded assembly
- Finished resetting the current domain, in  0.844 seconds
Domain Reload Profiling: 1835ms
	BeginReloadAssembly (257ms)
		ExecutionOrderSort (0ms)
		DisableScriptedObjects (7ms)
		BackupInstance (0ms)
		ReleaseScriptingObjects (0ms)
		CreateAndSetChildDomain (57ms)
	RebuildCommonClasses (46ms)
	RebuildNativeTypeToScriptingClass (18ms)
	initialDomainReloadingComplete (41ms)
	LoadAllAssembliesAndSetupDomain (629ms)
		LoadAssemblies (539ms)
		RebuildTransferFunctionScriptingTraits (0ms)
		AnalyzeDomain (233ms)
			TypeCache.Refresh (8ms)
				TypeCache.ScanAssembly (0ms)
			BuildScriptInfoCaches (208ms)
			ResolveRequiredComponents (12ms)
	FinalizeReload (845ms)
		ReleaseScriptCaches (0ms)
		RebuildScriptCaches (0ms)
		SetupLoadedEditorAssemblies (678ms)
			LogAssemblyErrors (0ms)
			InitializePlatformSupportModulesInManaged (21ms)
			SetLoadedEditorAssemblies (4ms)
			BeforeProcessingInitializeOnLoad (153ms)
			ProcessInitializeOnLoadAttributes (408ms)
			ProcessInitializeOnLoadMethodAttributes (80ms)
			AfterProcessingInitializeOnLoad (11ms)
			EditorAssembliesLoaded (0ms)
		ExecutionOrderSort2 (0ms)
		AwakeInstancesAfterBackupRestoration (15ms)
database is locked
database is locked
database is locked
database is locked
database is locked
database is locked
database is locked
database is locked
database is locked
database is locked
database is locked
database is locked
database is locked
database is locked
database is locked
database is locked
database is locked
database is locked
database is locked
database is locked
database is locked
database is locked
database is locked
database is locked
database is locked
database is locked
database is locked
database is locked
database is locked
database is locked
database is locked
database is locked
database is locked
database is locked
database is locked
database is locked
database is locked
database is locked
database is locked
database is locked
database is locked
database is locked
database is locked
database is locked
database is locked
database is locked
database is locked
database is locked
database is locked
database is locked
database is locked
database is locked
database is locked
database is locked
database is locked
database is locked
database is locked
database is locked
database is locked
database is locked
database is locked
database is locked
database is locked
database is locked
database is locked
database is locked
database is locked
database is locked
database is locked
database is locked
database is locked
database is locked
database is locked
database is locked
database is locked
database is locked
database is locked
database is locked
database is locked
database is locked
database is locked
database is locked
database is locked
database is locked
database is locked
database is locked
database is locked
database is locked
database is locked
database is locked
database is locked
database is locked
database is locked
database is locked
database is locked
database is locked
database is locked
database is locked
database is locked
database is locked
database is locked
database is locked
database is locked
database is locked
database is locked
database is locked
database is locked
database is locked
database is locked
database is locked
database is locked
database is locked
database is locked
database is locked
database is locked
database is locked
database is locked
database is locked
database is locked
database is locked
database is locked
database is locked
database is locked
database is locked
database is locked
database is locked
database is locked
database is locked
database is locked
database is locked
database is locked
database is locked
database is locked
database is locked
database is locked
database is locked
database is locked
database is locked
database is locked
database is locked
database is locked
database is locked
database is locked
database is locked
database is locked
database is locked
database is locked
database is locked
database is locked
database is locked
database is locked
database is locked
database is locked
database is locked
database is locked
database is locked
database is locked
database is locked
database is locked
database is locked
database is locked
database is locked
database is locked
database is locked
database is locked
database is locked
database is locked
database is locked
database is locked
database is locked
database is locked
database is locked
database is locked
database is locked
database is locked
database is locked
database is locked
database is locked
database is locked
database is locked
database is locked
database is locked
database is locked
database is locked
database is locked
database is locked
database is locked
database is locked
database is locked
database is locked
database is locked
database is locked
database is locked
database is locked
database is locked
database is locked
database is locked
database is locked
database is locked
database is locked
database is locked
database is locked
database is locked
database is locked
database is locked
database is locked
database is locked
database is locked
database is locked
database is locked
database is locked
database is locked
database is locked
database is locked
database is locked
Refreshing native plugins compatible for Editor in 1.96 ms, found 3 plugins.
Preloading 0 native plugins for Editor in 0.00 ms.
Unloading 106 Unused Serialized files (Serialized files now loaded: 0)
Unloading 6867 unused Assets / (13.7 MB). Loaded Objects now: 7370.
Memory consumption went from 169.5 MB to 155.8 MB.
Total: 13.750200 ms (FindLiveObjects: 1.843700 ms CreateObjectMapping: 0.451300 ms MarkObjects: 5.510100 ms  DeleteObjects: 5.942800 ms)

Prepare: number of updated asset objects reloaded= 0
========================================================================
Received Prepare
Begin MonoManager ReloadAssembly
Symbol file LoadedFromMemory is not a mono symbol file
- Loaded All Assemblies, in  0.884 seconds
Refreshing native plugins compatible for Editor in 2.78 ms, found 3 plugins.
Native extension for iOS target not found
Native extension for Android target not found
Native extension for WindowsStandalone target not found
Mono: successfully reloaded assembly
- Finished resetting the current domain, in  0.768 seconds
Domain Reload Profiling: 1649ms
	BeginReloadAssembly (219ms)
		ExecutionOrderSort (0ms)
		DisableScriptedObjects (6ms)
		BackupInstance (0ms)
		ReleaseScriptingObjects (0ms)
		CreateAndSetChildDomain (51ms)
	RebuildCommonClasses (39ms)
	RebuildNativeTypeToScriptingClass (14ms)
	initialDomainReloadingComplete (33ms)
	LoadAllAssembliesAndSetupDomain (575ms)
		LoadAssemblies (473ms)
		RebuildTransferFunctionScriptingTraits (0ms)
		AnalyzeDomain (223ms)
			TypeCache.Refresh (8ms)
				TypeCache.ScanAssembly (0ms)
			BuildScriptInfoCaches (198ms)
			ResolveRequiredComponents (11ms)
	FinalizeReload (769ms)
		ReleaseScriptCaches (0ms)
		RebuildScriptCaches (0ms)
		SetupLoadedEditorAssemblies (622ms)
			LogAssemblyErrors (0ms)
			InitializePlatformSupportModulesInManaged (17ms)
			SetLoadedEditorAssemblies (3ms)
			BeforeProcessingInitializeOnLoad (145ms)
			ProcessInitializeOnLoadAttributes (370ms)
			ProcessInitializeOnLoadMethodAttributes (78ms)
			AfterProcessingInitializeOnLoad (8ms)
			EditorAssembliesLoaded (0ms)
		ExecutionOrderSort2 (0ms)
		AwakeInstancesAfterBackupRestoration (12ms)
database is locked
database is locked
database is locked
database is locked
database is locked
database is locked
database is locked
database is locked
database is locked
database is locked
database is locked
database is locked
database is locked
database is locked
database is locked
database is locked
database is locked
database is locked
database is locked
database is locked
database is locked
database is locked
database is locked
database is locked
database is locked
database is locked
database is locked
database is locked
database is locked
database is locked
database is locked
database is locked
database is locked
database is locked
database is locked
database is locked
database is locked
database is locked
database is locked
database is locked
database is locked
database is locked
database is locked
database is locked
database is locked
database is locked
database is locked
database is locked
database is locked
database is locked
database is locked
database is locked
database is locked
database is locked
database is locked
database is locked
database is locked
database is locked
database is locked
database is locked
database is locked
database is locked
database is locked
database is locked
database is locked
database is locked
database is locked
database is locked
database is locked
database is locked
database is locked
database is locked
database is locked
database is locked
database is locked
database is locked
database is locked
database is locked
database is locked
database is locked
database is locked
database is locked
database is locked
database is locked
database is locked
database is locked
database is locked
database is locked
database is locked
database is locked
database is locked
database is locked
database is locked
database is locked
database is locked
database is locked
database is locked
database is locked
database is locked
database is locked
database is locked
database is locked
database is locked
database is locked
database is locked
database is locked
database is locked
database is locked
database is locked
database is locked
database is locked
database is locked
database is locked
database is locked
database is locked
database is locked
database is locked
database is locked
database is locked
database is locked
database is locked
database is locked
database is locked
database is locked
database is locked
database is locked
database is locked
database is locked
database is locked
database is locked
database is locked
database is locked
database is locked
database is locked
database is locked
database is locked
database is locked
database is locked
database is locked
database is locked
database is locked
database is locked
database is locked
database is locked
database is locked
database is locked
database is locked
database is locked
database is locked
database is locked
database is locked
database is locked
database is locked
database is locked
database is locked
database is locked
database is locked
database is locked
database is locked
database is locked
database is locked
database is locked
database is locked
database is locked
database is locked
database is locked
database is locked
database is locked
database is locked
database is locked
database is locked
database is locked
database is locked
database is locked
database is locked
database is locked
database is locked
database is locked
database is locked
database is locked
database is locked
database is locked
database is locked
database is locked
database is locked
database is locked
database is locked
database is locked
database is locked
database is locked
database is locked
database is locked
database is locked
database is locked
database is locked
database is locked
database is locked
database is locked
database is locked
database is locked
database is locked
database is locked
database is locked
database is locked
database is locked
database is locked
database is locked
database is locked
database is locked
database is locked
database is locked
database is locked
database is locked
database is locked
database is locked
Refreshing native plugins compatible for Editor in 4.08 ms, found 3 plugins.
Preloading 0 native plugins for Editor in 0.00 ms.
Unloading 106 Unused Serialized files (Serialized files now loaded: 0)
Unloading 6867 unused Assets / (13.2 MB). Loaded Objects now: 7372.
Memory consumption went from 169.6 MB to 156.4 MB.
Total: 18.036300 ms (FindLiveObjects: 2.125200 ms CreateObjectMapping: 1.021500 ms MarkObjects: 7.158800 ms  DeleteObjects: 7.728100 ms)

Prepare: number of updated asset objects reloaded= 0
========================================================================
Received Prepare
Begin MonoManager ReloadAssembly
Symbol file LoadedFromMemory is not a mono symbol file
- Loaded All Assemblies, in  0.900 seconds
Refreshing native plugins compatible for Editor in 2.33 ms, found 3 plugins.
Native extension for iOS target not found
Native extension for Android target not found
Native extension for WindowsStandalone target not found
Mono: successfully reloaded assembly
- Finished resetting the current domain, in  0.786 seconds
Domain Reload Profiling: 1684ms
	BeginReloadAssembly (217ms)
		ExecutionOrderSort (0ms)
		DisableScriptedObjects (6ms)
		BackupInstance (0ms)
		ReleaseScriptingObjects (0ms)
		CreateAndSetChildDomain (47ms)
	RebuildCommonClasses (40ms)
	RebuildNativeTypeToScriptingClass (15ms)
	initialDomainReloadingComplete (35ms)
	LoadAllAssembliesAndSetupDomain (591ms)
		LoadAssemblies (483ms)
		RebuildTransferFunctionScriptingTraits (0ms)
		AnalyzeDomain (229ms)
			TypeCache.Refresh (7ms)
				TypeCache.ScanAssembly (0ms)
			BuildScriptInfoCaches (205ms)
			ResolveRequiredComponents (11ms)
	FinalizeReload (787ms)
		ReleaseScriptCaches (0ms)
		RebuildScriptCaches (0ms)
		SetupLoadedEditorAssemblies (635ms)
			LogAssemblyErrors (0ms)
			InitializePlatformSupportModulesInManaged (16ms)
			SetLoadedEditorAssemblies (3ms)
			BeforeProcessingInitializeOnLoad (161ms)
			ProcessInitializeOnLoadAttributes (370ms)
			ProcessInitializeOnLoadMethodAttributes (79ms)
			AfterProcessingInitializeOnLoad (6ms)
			EditorAssembliesLoaded (0ms)
		ExecutionOrderSort2 (0ms)
		AwakeInstancesAfterBackupRestoration (11ms)
database is locked
database is locked
database is locked
database is locked
database is locked
database is locked
database is locked
database is locked
database is locked
database is locked
database is locked
database is locked
database is locked
database is locked
database is locked
database is locked
database is locked
database is locked
database is locked
database is locked
database is locked
database is locked
database is locked
database is locked
database is locked
database is locked
database is locked
database is locked
database is locked
database is locked
database is locked
database is locked
database is locked
database is locked
database is locked
database is locked
database is locked
database is locked
database is locked
database is locked
database is locked
database is locked
database is locked
database is locked
database is locked
database is locked
database is locked
database is locked
database is locked
database is locked
database is locked
database is locked
database is locked
database is locked
database is locked
database is locked
database is locked
database is locked
database is locked
database is locked
database is locked
database is locked
database is locked
database is locked
database is locked
database is locked
database is locked
database is locked
database is locked
database is locked
database is locked
database is locked
database is locked
database is locked
database is locked
database is locked
database is locked
database is locked
database is locked
database is locked
database is locked
database is locked
database is locked
database is locked
database is locked
database is locked
database is locked
database is locked
database is locked
database is locked
database is locked
database is locked
database is locked
database is locked
database is locked
database is locked
database is locked
database is locked
database is locked
database is locked
database is locked
database is locked
database is locked
database is locked
database is locked
database is locked
database is locked
database is locked
database is locked
database is locked
database is locked
database is locked
database is locked
database is locked
database is locked
database is locked
database is locked
database is locked
database is locked
database is locked
database is locked
database is locked
database is locked
database is locked
database is locked
database is locked
database is locked
database is locked
database is locked
database is locked
database is locked
database is locked
database is locked
database is locked
database is locked
database is locked
database is locked
database is locked
database is locked
database is locked
database is locked
database is locked
database is locked
database is locked
database is locked
database is locked
database is locked
database is locked
database is locked
database is locked
database is locked
database is locked
database is locked
database is locked
database is locked
database is locked
database is locked
database is locked
database is locked
database is locked
database is locked
database is locked
database is locked
database is locked
database is locked
database is locked
database is locked
database is locked
database is locked
database is locked
database is locked
database is locked
database is locked
database is locked
database is locked
database is locked
database is locked
database is locked
database is locked
database is locked
database is locked
database is locked
database is locked
database is locked
database is locked
database is locked
database is locked
database is locked
database is locked
database is locked
database is locked
database is locked
database is locked
database is locked
database is locked
database is locked
database is locked
database is locked
database is locked
database is locked
database is locked
database is locked
database is locked
database is locked
database is locked
database is locked
database is locked
database is locked
database is locked
database is locked
database is locked
database is locked
database is locked
database is locked
database is locked
Refreshing native plugins compatible for Editor in 1.68 ms, found 3 plugins.
Preloading 0 native plugins for Editor in 0.00 ms.
Unloading 106 Unused Serialized files (Serialized files now loaded: 0)
Unloading 6867 unused Assets / (13.1 MB). Loaded Objects now: 7374.
Memory consumption went from 169.6 MB to 156.5 MB.
Total: 11.756300 ms (FindLiveObjects: 0.815200 ms CreateObjectMapping: 0.380700 ms MarkObjects: 5.665400 ms  DeleteObjects: 4.893100 ms)

Prepare: number of updated asset objects reloaded= 0
========================================================================
Received Prepare
Begin MonoManager ReloadAssembly
Symbol file LoadedFromMemory is not a mono symbol file
- Loaded All Assemblies, in  0.882 seconds
Refreshing native plugins compatible for Editor in 2.31 ms, found 3 plugins.
Native extension for iOS target not found
Native extension for Android target not found
Native extension for WindowsStandalone target not found
Mono: successfully reloaded assembly
- Finished resetting the current domain, in  0.786 seconds
Domain Reload Profiling: 1666ms
	BeginReloadAssembly (219ms)
		ExecutionOrderSort (0ms)
		DisableScriptedObjects (8ms)
		BackupInstance (0ms)
		ReleaseScriptingObjects (0ms)
		CreateAndSetChildDomain (47ms)
	RebuildCommonClasses (41ms)
	RebuildNativeTypeToScriptingClass (14ms)
	initialDomainReloadingComplete (39ms)
	LoadAllAssembliesAndSetupDomain (566ms)
		LoadAssemblies (458ms)
		RebuildTransferFunctionScriptingTraits (0ms)
		AnalyzeDomain (226ms)
			TypeCache.Refresh (9ms)
				TypeCache.ScanAssembly (0ms)
			BuildScriptInfoCaches (201ms)
			ResolveRequiredComponents (11ms)
	FinalizeReload (787ms)
		ReleaseScriptCaches (0ms)
		RebuildScriptCaches (0ms)
		SetupLoadedEditorAssemblies (646ms)
			LogAssemblyErrors (0ms)
			InitializePlatformSupportModulesInManaged (18ms)
			SetLoadedEditorAssemblies (3ms)
			BeforeProcessingInitializeOnLoad (148ms)
			ProcessInitializeOnLoadAttributes (375ms)
			ProcessInitializeOnLoadMethodAttributes (92ms)
			AfterProcessingInitializeOnLoad (8ms)
			EditorAssembliesLoaded (0ms)
		ExecutionOrderSort2 (0ms)
		AwakeInstancesAfterBackupRestoration (14ms)
database is locked
database is locked
database is locked
database is locked
database is locked
database is locked
database is locked
database is locked
database is locked
database is locked
database is locked
database is locked
database is locked
database is locked
database is locked
database is locked
database is locked
database is locked
database is locked
database is locked
database is locked
database is locked
database is locked
database is locked
database is locked
database is locked
database is locked
database is locked
database is locked
database is locked
database is locked
database is locked
database is locked
database is locked
database is locked
database is locked
database is locked
database is locked
database is locked
database is locked
database is locked
database is locked
database is locked
database is locked
database is locked
database is locked
database is locked
database is locked
database is locked
database is locked
database is locked
database is locked
database is locked
database is locked
database is locked
database is locked
database is locked
database is locked
database is locked
database is locked
database is locked
database is locked
database is locked
database is locked
database is locked
database is locked
database is locked
database is locked
database is locked
database is locked
database is locked
database is locked
database is locked
database is locked
database is locked
database is locked
database is locked
database is locked
database is locked
database is locked
database is locked
database is locked
database is locked
database is locked
database is locked
database is locked
database is locked
database is locked
database is locked
database is locked
database is locked
database is locked
database is locked
database is locked
database is locked
database is locked
database is locked
database is locked
database is locked
database is locked
database is locked
database is locked
database is locked
database is locked
database is locked
database is locked
database is locked
database is locked
database is locked
database is locked
database is locked
database is locked
database is locked
database is locked
database is locked
database is locked
database is locked
database is locked
database is locked
database is locked
database is locked
database is locked
database is locked
database is locked
database is locked
database is locked
database is locked
database is locked
database is locked
database is locked
database is locked
database is locked
database is locked
database is locked
database is locked
database is locked
database is locked
database is locked
database is locked
database is locked
database is locked
database is locked
database is locked
database is locked
database is locked
database is locked
database is locked
database is locked
database is locked
database is locked
database is locked
database is locked
database is locked
database is locked
database is locked
database is locked
database is locked
database is locked
database is locked
database is locked
database is locked
database is locked
database is locked
database is locked
database is locked
database is locked
database is locked
database is locked
database is locked
database is locked
database is locked
database is locked
database is locked
database is locked
database is locked
database is locked
database is locked
database is locked
database is locked
database is locked
database is locked
database is locked
database is locked
database is locked
database is locked
database is locked
database is locked
database is locked
database is locked
database is locked
database is locked
database is locked
database is locked
database is locked
database is locked
database is locked
database is locked
database is locked
database is locked
database is locked
database is locked
database is locked
database is locked
database is locked
database is locked
database is locked
database is locked
database is locked
database is locked
database is locked
database is locked
database is locked
database is locked
database is locked
database is locked
Refreshing native plugins compatible for Editor in 1.71 ms, found 3 plugins.
Preloading 0 native plugins for Editor in 0.00 ms.
Unloading 106 Unused Serialized files (Serialized files now loaded: 0)
Unloading 6867 unused Assets / (13.7 MB). Loaded Objects now: 7376.
Memory consumption went from 169.5 MB to 155.8 MB.
Total: 16.920000 ms (FindLiveObjects: 2.323800 ms CreateObjectMapping: 0.398900 ms MarkObjects: 8.222300 ms  DeleteObjects: 5.972500 ms)

Prepare: number of updated asset objects reloaded= 0
========================================================================
Received Prepare
Begin MonoManager ReloadAssembly
Symbol file LoadedFromMemory is not a mono symbol file
- Loaded All Assemblies, in  1.040 seconds
Refreshing native plugins compatible for Editor in 2.84 ms, found 3 plugins.
Native extension for iOS target not found
Native extension for Android target not found
Native extension for WindowsStandalone target not found
Mono: successfully reloaded assembly
- Finished resetting the current domain, in  0.912 seconds
Domain Reload Profiling: 1949ms
	BeginReloadAssembly (258ms)
		ExecutionOrderSort (0ms)
		DisableScriptedObjects (7ms)
		BackupInstance (0ms)
		ReleaseScriptingObjects (0ms)
		CreateAndSetChildDomain (60ms)
	RebuildCommonClasses (48ms)
	RebuildNativeTypeToScriptingClass (18ms)
	initialDomainReloadingComplete (42ms)
	LoadAllAssembliesAndSetupDomain (671ms)
		LoadAssemblies (533ms)
		RebuildTransferFunctionScriptingTraits (0ms)
		AnalyzeDomain (273ms)
			TypeCache.Refresh (7ms)
				TypeCache.ScanAssembly (0ms)
			BuildScriptInfoCaches (247ms)
			ResolveRequiredComponents (14ms)
	FinalizeReload (912ms)
		ReleaseScriptCaches (0ms)
		RebuildScriptCaches (0ms)
		SetupLoadedEditorAssemblies (755ms)
			LogAssemblyErrors (0ms)
			InitializePlatformSupportModulesInManaged (21ms)
			SetLoadedEditorAssemblies (5ms)
			BeforeProcessingInitializeOnLoad (181ms)
			ProcessInitializeOnLoadAttributes (446ms)
			ProcessInitializeOnLoadMethodAttributes (88ms)
			AfterProcessingInitializeOnLoad (13ms)
			EditorAssembliesLoaded (1ms)
		ExecutionOrderSort2 (0ms)
		AwakeInstancesAfterBackupRestoration (19ms)
database is locked
database is locked
database is locked
database is locked
database is locked
database is locked
database is locked
database is locked
database is locked
database is locked
database is locked
database is locked
database is locked
database is locked
database is locked
database is locked
database is locked
database is locked
database is locked
database is locked
database is locked
database is locked
database is locked
database is locked
database is locked
database is locked
database is locked
database is locked
database is locked
database is locked
database is locked
database is locked
database is locked
database is locked
database is locked
database is locked
database is locked
database is locked
database is locked
database is locked
database is locked
database is locked
database is locked
database is locked
database is locked
database is locked
database is locked
database is locked
database is locked
database is locked
database is locked
database is locked
database is locked
database is locked
database is locked
database is locked
database is locked
database is locked
database is locked
database is locked
database is locked
database is locked
database is locked
database is locked
database is locked
database is locked
database is locked
database is locked
database is locked
database is locked
database is locked
database is locked
database is locked
database is locked
database is locked
database is locked
database is locked
database is locked
database is locked
database is locked
database is locked
database is locked
database is locked
database is locked
database is locked
database is locked
database is locked
database is locked
database is locked
database is locked
database is locked
database is locked
database is locked
database is locked
database is locked
database is locked
database is locked
database is locked
database is locked
database is locked
database is locked
database is locked
database is locked
database is locked
database is locked
database is locked
database is locked
database is locked
database is locked
database is locked
database is locked
database is locked
database is locked
database is locked
database is locked
database is locked
database is locked
database is locked
database is locked
database is locked
database is locked
database is locked
database is locked
database is locked
database is locked
database is locked
database is locked
database is locked
database is locked
database is locked
database is locked
database is locked
database is locked
database is locked
database is locked
database is locked
database is locked
database is locked
database is locked
database is locked
database is locked
database is locked
database is locked
database is locked
database is locked
database is locked
database is locked
database is locked
database is locked
database is locked
database is locked
database is locked
database is locked
database is locked
database is locked
database is locked
database is locked
database is locked
database is locked
database is locked
database is locked
database is locked
database is locked
database is locked
database is locked
database is locked
database is locked
database is locked
database is locked
database is locked
database is locked
database is locked
database is locked
database is locked
database is locked
database is locked
database is locked
database is locked
database is locked
database is locked
database is locked
database is locked
database is locked
database is locked
database is locked
database is locked
database is locked
database is locked
database is locked
database is locked
database is locked
database is locked
database is locked
database is locked
database is locked
database is locked
database is locked
database is locked
database is locked
database is locked
database is locked
database is locked
database is locked
database is locked
database is locked
database is locked
database is locked
database is locked
database is locked
database is locked
database is locked
database is locked
database is locked
database is locked
database is locked
Refreshing native plugins compatible for Editor in 5.75 ms, found 3 plugins.
Preloading 0 native plugins for Editor in 0.00 ms.
Unloading 106 Unused Serialized files (Serialized files now loaded: 0)
Unloading 6867 unused Assets / (14.2 MB). Loaded Objects now: 7378.
Memory consumption went from 169.7 MB to 155.5 MB.
Total: 26.545200 ms (FindLiveObjects: 2.138000 ms CreateObjectMapping: 1.987900 ms MarkObjects: 10.415600 ms  DeleteObjects: 12.000800 ms)

Prepare: number of updated asset objects reloaded= 0
========================================================================
Received Prepare
Begin MonoManager ReloadAssembly
Symbol file LoadedFromMemory is not a mono symbol file
- Loaded All Assemblies, in  0.783 seconds
Refreshing native plugins compatible for Editor in 5.11 ms, found 3 plugins.
Native extension for iOS target not found
Native extension for Android target not found
Native extension for WindowsStandalone target not found
Mono: successfully reloaded assembly
- Finished resetting the current domain, in  1.058 seconds
Domain Reload Profiling: 1838ms
	BeginReloadAssembly (189ms)
		ExecutionOrderSort (0ms)
		DisableScriptedObjects (5ms)
		BackupInstance (0ms)
		ReleaseScriptingObjects (0ms)
		CreateAndSetChildDomain (40ms)
	RebuildCommonClasses (35ms)
	RebuildNativeTypeToScriptingClass (13ms)
	initialDomainReloadingComplete (32ms)
	LoadAllAssembliesAndSetupDomain (512ms)
		LoadAssemblies (422ms)
		RebuildTransferFunctionScriptingTraits (0ms)
		AnalyzeDomain (194ms)
			TypeCache.Refresh (7ms)
				TypeCache.ScanAssembly (0ms)
			BuildScriptInfoCaches (171ms)
			ResolveRequiredComponents (10ms)
	FinalizeReload (1058ms)
		ReleaseScriptCaches (0ms)
		RebuildScriptCaches (0ms)
		SetupLoadedEditorAssemblies (896ms)
			LogAssemblyErrors (0ms)
			InitializePlatformSupportModulesInManaged (21ms)
			SetLoadedEditorAssemblies (4ms)
			BeforeProcessingInitializeOnLoad (228ms)
			ProcessInitializeOnLoadAttributes (533ms)
			ProcessInitializeOnLoadMethodAttributes (103ms)
			AfterProcessingInitializeOnLoad (7ms)
			EditorAssembliesLoaded (0ms)
		ExecutionOrderSort2 (0ms)
		AwakeInstancesAfterBackupRestoration (19ms)
database is locked
database is locked
database is locked
database is locked
database is locked
database is locked
database is locked
database is locked
database is locked
database is locked
database is locked
database is locked
database is locked
database is locked
database is locked
database is locked
database is locked
database is locked
database is locked
database is locked
database is locked
database is locked
database is locked
database is locked
database is locked
database is locked
database is locked
database is locked
database is locked
database is locked
database is locked
database is locked
database is locked
database is locked
database is locked
database is locked
database is locked
database is locked
database is locked
database is locked
database is locked
database is locked
database is locked
database is locked
database is locked
database is locked
database is locked
database is locked
database is locked
database is locked
database is locked
database is locked
database is locked
database is locked
database is locked
database is locked
database is locked
database is locked
database is locked
database is locked
database is locked
database is locked
database is locked
database is locked
database is locked
database is locked
database is locked
database is locked
database is locked
database is locked
database is locked
database is locked
database is locked
database is locked
database is locked
database is locked
database is locked
database is locked
database is locked
database is locked
database is locked
database is locked
database is locked
database is locked
database is locked
database is locked
database is locked
database is locked
database is locked
database is locked
database is locked
database is locked
database is locked
database is locked
database is locked
database is locked
database is locked
database is locked
database is locked
database is locked
database is locked
database is locked
database is locked
database is locked
database is locked
database is locked
database is locked
database is locked
database is locked
database is locked
database is locked
database is locked
database is locked
database is locked
database is locked
database is locked
database is locked
database is locked
database is locked
database is locked
database is locked
database is locked
database is locked
database is locked
database is locked
database is locked
database is locked
database is locked
database is locked
database is locked
database is locked
database is locked
database is locked
database is locked
database is locked
database is locked
database is locked
database is locked
database is locked
database is locked
database is locked
database is locked
database is locked
database is locked
database is locked
database is locked
database is locked
database is locked
database is locked
database is locked
database is locked
database is locked
database is locked
database is locked
database is locked
database is locked
database is locked
database is locked
database is locked
database is locked
database is locked
database is locked
database is locked
database is locked
database is locked
database is locked
database is locked
database is locked
database is locked
database is locked
database is locked
database is locked
database is locked
database is locked
database is locked
database is locked
database is locked
database is locked
database is locked
database is locked
database is locked
database is locked
database is locked
database is locked
database is locked
database is locked
database is locked
database is locked
database is locked
database is locked
database is locked
database is locked
database is locked
database is locked
database is locked
database is locked
database is locked
database is locked
database is locked
database is locked
database is locked
database is locked
database is locked
database is locked
database is locked
database is locked
database is locked
database is locked
database is locked
database is locked
database is locked
database is locked
database is locked
database is locked
database is locked
Refreshing native plugins compatible for Editor in 2.39 ms, found 3 plugins.
Preloading 0 native plugins for Editor in 0.00 ms.
Unloading 106 Unused Serialized files (Serialized files now loaded: 0)
Unloading 6867 unused Assets / (13.3 MB). Loaded Objects now: 7380.
Memory consumption went from 169.7 MB to 156.4 MB.
Total: 17.458600 ms (FindLiveObjects: 1.669400 ms CreateObjectMapping: 0.491100 ms MarkObjects: 8.482300 ms  DeleteObjects: 6.813200 ms)

Prepare: number of updated asset objects reloaded= 0
========================================================================
Received Prepare
Begin MonoManager ReloadAssembly
Symbol file LoadedFromMemory is not a mono symbol file
- Loaded All Assemblies, in  1.129 seconds
Refreshing native plugins compatible for Editor in 1.76 ms, found 3 plugins.
Native extension for iOS target not found
Native extension for Android target not found
Native extension for WindowsStandalone target not found
Mono: successfully reloaded assembly
- Finished resetting the current domain, in  1.088 seconds
Domain Reload Profiling: 2205ms
	BeginReloadAssembly (258ms)
		ExecutionOrderSort (0ms)
		DisableScriptedObjects (17ms)
		BackupInstance (0ms)
		ReleaseScriptingObjects (0ms)
		CreateAndSetChildDomain (53ms)
	RebuildCommonClasses (40ms)
	RebuildNativeTypeToScriptingClass (14ms)
	initialDomainReloadingComplete (66ms)
	LoadAllAssembliesAndSetupDomain (740ms)
		LoadAssemblies (502ms)
		RebuildTransferFunctionScriptingTraits (0ms)
		AnalyzeDomain (355ms)
			TypeCache.Refresh (8ms)
				TypeCache.ScanAssembly (0ms)
			BuildScriptInfoCaches (330ms)
			ResolveRequiredComponents (13ms)
	FinalizeReload (1089ms)
		ReleaseScriptCaches (0ms)
		RebuildScriptCaches (0ms)
		SetupLoadedEditorAssemblies (937ms)
			LogAssemblyErrors (0ms)
			InitializePlatformSupportModulesInManaged (34ms)
			SetLoadedEditorAssemblies (7ms)
			BeforeProcessingInitializeOnLoad (207ms)
			ProcessInitializeOnLoadAttributes (586ms)
			ProcessInitializeOnLoadMethodAttributes (90ms)
			AfterProcessingInitializeOnLoad (12ms)
			EditorAssembliesLoaded (0ms)
		ExecutionOrderSort2 (0ms)
		AwakeInstancesAfterBackupRestoration (15ms)
database is locked
database is locked
database is locked
database is locked
database is locked
database is locked
database is locked
database is locked
database is locked
database is locked
database is locked
database is locked
database is locked
database is locked
database is locked
database is locked
database is locked
database is locked
database is locked
database is locked
database is locked
database is locked
database is locked
database is locked
database is locked
database is locked
database is locked
database is locked
database is locked
database is locked
database is locked
database is locked
database is locked
database is locked
database is locked
database is locked
database is locked
database is locked
database is locked
database is locked
database is locked
database is locked
database is locked
database is locked
database is locked
database is locked
database is locked
database is locked
database is locked
database is locked
database is locked
database is locked
database is locked
database is locked
database is locked
database is locked
database is locked
database is locked
database is locked
database is locked
database is locked
database is locked
database is locked
database is locked
database is locked
database is locked
database is locked
database is locked
database is locked
database is locked
database is locked
database is locked
database is locked
database is locked
database is locked
database is locked
database is locked
database is locked
database is locked
database is locked
database is locked
database is locked
database is locked
database is locked
database is locked
database is locked
database is locked
database is locked
database is locked
database is locked
database is locked
database is locked
database is locked
database is locked
database is locked
database is locked
database is locked
database is locked
database is locked
database is locked
database is locked
database is locked
database is locked
database is locked
database is locked
database is locked
database is locked
database is locked
database is locked
database is locked
database is locked
database is locked
database is locked
database is locked
database is locked
database is locked
database is locked
database is locked
database is locked
database is locked
database is locked
database is locked
database is locked
database is locked
database is locked
database is locked
database is locked
database is locked
database is locked
database is locked
database is locked
database is locked
database is locked
database is locked
database is locked
database is locked
database is locked
database is locked
database is locked
database is locked
database is locked
database is locked
database is locked
database is locked
database is locked
database is locked
database is locked
database is locked
database is locked
database is locked
database is locked
database is locked
database is locked
database is locked
database is locked
database is locked
database is locked
database is locked
database is locked
database is locked
database is locked
database is locked
database is locked
database is locked
database is locked
database is locked
database is locked
database is locked
database is locked
database is locked
database is locked
database is locked
database is locked
database is locked
database is locked
database is locked
database is locked
database is locked
database is locked
database is locked
database is locked
database is locked
database is locked
database is locked
database is locked
database is locked
database is locked
database is locked
database is locked
database is locked
database is locked
database is locked
database is locked
database is locked
database is locked
database is locked
database is locked
database is locked
database is locked
database is locked
database is locked
database is locked
database is locked
database is locked
database is locked
database is locked
database is locked
database is locked
database is locked
database is locked
database is locked
database is locked
database is locked
database is locked
database is locked
Refreshing native plugins compatible for Editor in 6.29 ms, found 3 plugins.
Preloading 0 native plugins for Editor in 0.00 ms.
Unloading 106 Unused Serialized files (Serialized files now loaded: 0)
Unloading 6867 unused Assets / (13.6 MB). Loaded Objects now: 7382.
Memory consumption went from 169.7 MB to 156.1 MB.
Total: 25.222200 ms (FindLiveObjects: 2.097100 ms CreateObjectMapping: 0.586500 ms MarkObjects: 12.682700 ms  DeleteObjects: 9.852200 ms)

Prepare: number of updated asset objects reloaded= 0
========================================================================
Received Prepare
Begin MonoManager ReloadAssembly
Symbol file LoadedFromMemory is not a mono symbol file
- Loaded All Assemblies, in  0.826 seconds
Refreshing native plugins compatible for Editor in 1.98 ms, found 3 plugins.
Native extension for iOS target not found
Native extension for Android target not found
Native extension for WindowsStandalone target not found
Mono: successfully reloaded assembly
- Finished resetting the current domain, in  0.785 seconds
Domain Reload Profiling: 1611ms
	BeginReloadAssembly (217ms)
		ExecutionOrderSort (0ms)
		DisableScriptedObjects (6ms)
		BackupInstance (0ms)
		ReleaseScriptingObjects (0ms)
		CreateAndSetChildDomain (53ms)
	RebuildCommonClasses (38ms)
	RebuildNativeTypeToScriptingClass (14ms)
	initialDomainReloadingComplete (34ms)
	LoadAllAssembliesAndSetupDomain (523ms)
		LoadAssemblies (417ms)
		RebuildTransferFunctionScriptingTraits (0ms)
		AnalyzeDomain (217ms)
			TypeCache.Refresh (7ms)
				TypeCache.ScanAssembly (0ms)
			BuildScriptInfoCaches (195ms)
			ResolveRequiredComponents (10ms)
	FinalizeReload (786ms)
		ReleaseScriptCaches (0ms)
		RebuildScriptCaches (0ms)
		SetupLoadedEditorAssemblies (648ms)
			LogAssemblyErrors (0ms)
			InitializePlatformSupportModulesInManaged (19ms)
			SetLoadedEditorAssemblies (4ms)
			BeforeProcessingInitializeOnLoad (136ms)
			ProcessInitializeOnLoadAttributes (397ms)
			ProcessInitializeOnLoadMethodAttributes (85ms)
			AfterProcessingInitializeOnLoad (7ms)
			EditorAssembliesLoaded (1ms)
		ExecutionOrderSort2 (0ms)
		AwakeInstancesAfterBackupRestoration (13ms)
database is locked
database is locked
database is locked
database is locked
database is locked
database is locked
database is locked
database is locked
database is locked
database is locked
database is locked
database is locked
database is locked
database is locked
database is locked
database is locked
database is locked
database is locked
database is locked
database is locked
database is locked
database is locked
database is locked
database is locked
database is locked
database is locked
database is locked
database is locked
database is locked
database is locked
database is locked
database is locked
database is locked
database is locked
database is locked
database is locked
database is locked
database is locked
database is locked
database is locked
database is locked
database is locked
database is locked
database is locked
database is locked
database is locked
database is locked
database is locked
database is locked
database is locked
database is locked
database is locked
database is locked
database is locked
database is locked
database is locked
database is locked
database is locked
database is locked
database is locked
database is locked
database is locked
database is locked
database is locked
database is locked
database is locked
database is locked
database is locked
database is locked
database is locked
database is locked
database is locked
database is locked
database is locked
database is locked
database is locked
database is locked
database is locked
database is locked
database is locked
database is locked
database is locked
database is locked
database is locked
database is locked
database is locked
database is locked
database is locked
database is locked
database is locked
database is locked
database is locked
database is locked
database is locked
database is locked
database is locked
database is locked
database is locked
database is locked
database is locked
database is locked
database is locked
database is locked
database is locked
database is locked
database is locked
database is locked
database is locked
database is locked
database is locked
database is locked
database is locked
database is locked
database is locked
database is locked
database is locked
database is locked
database is locked
database is locked
database is locked
database is locked
database is locked
database is locked
database is locked
database is locked
database is locked
database is locked
database is locked
database is locked
database is locked
database is locked
database is locked
database is locked
database is locked
database is locked
database is locked
database is locked
database is locked
database is locked
database is locked
database is locked
database is locked
database is locked
database is locked
database is locked
database is locked
database is locked
database is locked
database is locked
database is locked
database is locked
database is locked
database is locked
database is locked
database is locked
database is locked
database is locked
database is locked
database is locked
database is locked
database is locked
database is locked
database is locked
database is locked
database is locked
database is locked
database is locked
database is locked
database is locked
database is locked
database is locked
database is locked
database is locked
database is locked
database is locked
database is locked
database is locked
database is locked
database is locked
database is locked
database is locked
database is locked
database is locked
database is locked
database is locked
database is locked
database is locked
database is locked
database is locked
database is locked
database is locked
database is locked
database is locked
database is locked
database is locked
database is locked
database is locked
database is locked
database is locked
database is locked
database is locked
database is locked
database is locked
database is locked
database is locked
database is locked
database is locked
database is locked
database is locked
database is locked
database is locked
database is locked
database is locked
database is locked
database is locked
Refreshing native plugins compatible for Editor in 1.86 ms, found 3 plugins.
Preloading 0 native plugins for Editor in 0.00 ms.
Unloading 106 Unused Serialized files (Serialized files now loaded: 0)
Unloading 6867 unused Assets / (12.1 MB). Loaded Objects now: 7384.
Memory consumption went from 169.7 MB to 157.6 MB.
Total: 14.991200 ms (FindLiveObjects: 0.952300 ms CreateObjectMapping: 0.412500 ms MarkObjects: 6.487100 ms  DeleteObjects: 7.137100 ms)

Prepare: number of updated asset objects reloaded= 0
========================================================================
Received Prepare
Begin MonoManager ReloadAssembly
Symbol file LoadedFromMemory is not a mono symbol file
- Loaded All Assemblies, in  0.822 seconds
Refreshing native plugins compatible for Editor in 5.90 ms, found 3 plugins.
Native extension for iOS target not found
Native extension for Android target not found
Native extension for WindowsStandalone target not found
Mono: successfully reloaded assembly
- Finished resetting the current domain, in  0.825 seconds
Domain Reload Profiling: 1645ms
	BeginReloadAssembly (203ms)
		ExecutionOrderSort (0ms)
		DisableScriptedObjects (6ms)
		BackupInstance (0ms)
		ReleaseScriptingObjects (0ms)
		CreateAndSetChildDomain (42ms)
	RebuildCommonClasses (36ms)
	RebuildNativeTypeToScriptingClass (14ms)
	initialDomainReloadingComplete (31ms)
	LoadAllAssembliesAndSetupDomain (534ms)
		LoadAssemblies (437ms)
		RebuildTransferFunctionScriptingTraits (0ms)
		AnalyzeDomain (210ms)
			TypeCache.Refresh (8ms)
				TypeCache.ScanAssembly (0ms)
			BuildScriptInfoCaches (187ms)
			ResolveRequiredComponents (11ms)
	FinalizeReload (826ms)
		ReleaseScriptCaches (0ms)
		RebuildScriptCaches (0ms)
		SetupLoadedEditorAssemblies (687ms)
			LogAssemblyErrors (0ms)
			InitializePlatformSupportModulesInManaged (20ms)
			SetLoadedEditorAssemblies (4ms)
			BeforeProcessingInitializeOnLoad (139ms)
			ProcessInitializeOnLoadAttributes (421ms)
			ProcessInitializeOnLoadMethodAttributes (98ms)
			AfterProcessingInitializeOnLoad (6ms)
			EditorAssembliesLoaded (0ms)
		ExecutionOrderSort2 (0ms)
		AwakeInstancesAfterBackupRestoration (12ms)
database is locked
database is locked
database is locked
database is locked
database is locked
database is locked
database is locked
database is locked
database is locked
database is locked
database is locked
database is locked
database is locked
database is locked
database is locked
database is locked
database is locked
database is locked
database is locked
database is locked
database is locked
database is locked
database is locked
database is locked
database is locked
database is locked
database is locked
database is locked
database is locked
database is locked
database is locked
database is locked
database is locked
database is locked
database is locked
database is locked
database is locked
database is locked
database is locked
database is locked
database is locked
database is locked
database is locked
database is locked
database is locked
database is locked
database is locked
database is locked
database is locked
database is locked
database is locked
database is locked
database is locked
database is locked
database is locked
database is locked
database is locked
database is locked
database is locked
database is locked
database is locked
database is locked
database is locked
database is locked
database is locked
database is locked
database is locked
database is locked
database is locked
database is locked
database is locked
database is locked
database is locked
database is locked
database is locked
database is locked
database is locked
database is locked
database is locked
database is locked
database is locked
database is locked
database is locked
database is locked
database is locked
database is locked
database is locked
database is locked
database is locked
database is locked
database is locked
database is locked
database is locked
database is locked
database is locked
database is locked
database is locked
database is locked
database is locked
database is locked
database is locked
database is locked
database is locked
database is locked
database is locked
database is locked
database is locked
database is locked
database is locked
database is locked
database is locked
database is locked
database is locked
database is locked
database is locked
database is locked
database is locked
database is locked
database is locked
database is locked
database is locked
database is locked
database is locked
database is locked
database is locked
database is locked
database is locked
database is locked
database is locked
database is locked
database is locked
database is locked
database is locked
database is locked
database is locked
database is locked
database is locked
database is locked
database is locked
database is locked
database is locked
database is locked
database is locked
database is locked
database is locked
database is locked
database is locked
database is locked
database is locked
database is locked
database is locked
database is locked
database is locked
database is locked
database is locked
database is locked
database is locked
database is locked
database is locked
database is locked
database is locked
database is locked
database is locked
database is locked
database is locked
database is locked
database is locked
database is locked
database is locked
database is locked
database is locked
database is locked
database is locked
database is locked
database is locked
database is locked
database is locked
database is locked
database is locked
database is locked
database is locked
database is locked
database is locked
database is locked
database is locked
database is locked
database is locked
database is locked
database is locked
database is locked
database is locked
database is locked
database is locked
database is locked
database is locked
database is locked
database is locked
database is locked
database is locked
database is locked
database is locked
database is locked
database is locked
database is locked
database is locked
database is locked
database is locked
database is locked
database is locked
database is locked
database is locked
database is locked
database is locked
database is locked
database is locked
Refreshing native plugins compatible for Editor in 3.18 ms, found 3 plugins.
Preloading 0 native plugins for Editor in 0.00 ms.
Unloading 106 Unused Serialized files (Serialized files now loaded: 0)
Unloading 6867 unused Assets / (14.5 MB). Loaded Objects now: 7386.
Memory consumption went from 169.7 MB to 155.2 MB.
Total: 28.680500 ms (FindLiveObjects: 2.564800 ms CreateObjectMapping: 0.667700 ms MarkObjects: 12.829500 ms  DeleteObjects: 12.615100 ms)

Prepare: number of updated asset objects reloaded= 0
========================================================================
Received Prepare
Begin MonoManager ReloadAssembly
Symbol file LoadedFromMemory is not a mono symbol file
- Loaded All Assemblies, in  0.857 seconds
Refreshing native plugins compatible for Editor in 1.82 ms, found 3 plugins.
Native extension for iOS target not found
Native extension for Android target not found
Native extension for WindowsStandalone target not found
Mono: successfully reloaded assembly
- Finished resetting the current domain, in  0.700 seconds
Domain Reload Profiling: 1556ms
	BeginReloadAssembly (226ms)
		ExecutionOrderSort (0ms)
		DisableScriptedObjects (11ms)
		BackupInstance (0ms)
		ReleaseScriptingObjects (0ms)
		CreateAndSetChildDomain (54ms)
	RebuildCommonClasses (38ms)
	RebuildNativeTypeToScriptingClass (13ms)
	initialDomainReloadingComplete (36ms)
	LoadAllAssembliesAndSetupDomain (543ms)
		LoadAssemblies (460ms)
		RebuildTransferFunctionScriptingTraits (0ms)
		AnalyzeDomain (199ms)
			TypeCache.Refresh (8ms)
				TypeCache.ScanAssembly (0ms)
			BuildScriptInfoCaches (178ms)
			ResolveRequiredComponents (9ms)
	FinalizeReload (700ms)
		ReleaseScriptCaches (0ms)
		RebuildScriptCaches (0ms)
		SetupLoadedEditorAssemblies (574ms)
			LogAssemblyErrors (0ms)
			InitializePlatformSupportModulesInManaged (17ms)
			SetLoadedEditorAssemblies (3ms)
			BeforeProcessingInitializeOnLoad (121ms)
			ProcessInitializeOnLoadAttributes (354ms)
			ProcessInitializeOnLoadMethodAttributes (72ms)
			AfterProcessingInitializeOnLoad (5ms)
			EditorAssembliesLoaded (0ms)
		ExecutionOrderSort2 (0ms)
		AwakeInstancesAfterBackupRestoration (10ms)
database is locked
database is locked
database is locked
database is locked
database is locked
database is locked
database is locked
database is locked
database is locked
database is locked
database is locked
database is locked
database is locked
database is locked
database is locked
database is locked
database is locked
database is locked
database is locked
database is locked
database is locked
database is locked
database is locked
database is locked
database is locked
database is locked
database is locked
database is locked
database is locked
database is locked
database is locked
database is locked
database is locked
database is locked
database is locked
database is locked
database is locked
database is locked
database is locked
database is locked
database is locked
database is locked
database is locked
database is locked
database is locked
database is locked
database is locked
database is locked
database is locked
database is locked
database is locked
database is locked
database is locked
database is locked
database is locked
database is locked
database is locked
database is locked
database is locked
database is locked
database is locked
database is locked
database is locked
database is locked
database is locked
database is locked
database is locked
database is locked
database is locked
database is locked
database is locked
database is locked
database is locked
database is locked
database is locked
database is locked
database is locked
database is locked
database is locked
database is locked
database is locked
database is locked
database is locked
database is locked
database is locked
database is locked
database is locked
database is locked
database is locked
database is locked
database is locked
database is locked
database is locked
database is locked
database is locked
database is locked
database is locked
database is locked
database is locked
database is locked
database is locked
database is locked
database is locked
database is locked
database is locked
database is locked
database is locked
database is locked
database is locked
database is locked
database is locked
database is locked
database is locked
database is locked
database is locked
database is locked
database is locked
database is locked
database is locked
database is locked
database is locked
database is locked
database is locked
database is locked
database is locked
database is locked
database is locked
database is locked
database is locked
database is locked
database is locked
database is locked
database is locked
database is locked
database is locked
database is locked
database is locked
database is locked
database is locked
database is locked
database is locked
database is locked
database is locked
database is locked
database is locked
database is locked
database is locked
database is locked
database is locked
database is locked
database is locked
database is locked
database is locked
database is locked
database is locked
database is locked
database is locked
database is locked
database is locked
database is locked
database is locked
database is locked
database is locked
database is locked
database is locked
database is locked
database is locked
database is locked
database is locked
database is locked
database is locked
database is locked
database is locked
database is locked
database is locked
database is locked
database is locked
database is locked
database is locked
database is locked
database is locked
database is locked
database is locked
database is locked
database is locked
database is locked
database is locked
database is locked
database is locked
database is locked
database is locked
database is locked
database is locked
database is locked
database is locked
database is locked
database is locked
database is locked
database is locked
database is locked
database is locked
database is locked
database is locked
database is locked
database is locked
database is locked
database is locked
database is locked
database is locked
database is locked
database is locked
database is locked
database is locked
database is locked
database is locked
Refreshing native plugins compatible for Editor in 3.79 ms, found 3 plugins.
Preloading 0 native plugins for Editor in 0.00 ms.
Unloading 106 Unused Serialized files (Serialized files now loaded: 0)
Unloading 6867 unused Assets / (12.3 MB). Loaded Objects now: 7388.
Memory consumption went from 169.8 MB to 157.5 MB.
Total: 27.217700 ms (FindLiveObjects: 2.184600 ms CreateObjectMapping: 1.161800 ms MarkObjects: 13.830800 ms  DeleteObjects: 10.037000 ms)

Prepare: number of updated asset objects reloaded= 0
========================================================================
Received Prepare
Begin MonoManager ReloadAssembly
Symbol file LoadedFromMemory is not a mono symbol file
- Loaded All Assemblies, in  0.843 seconds
Refreshing native plugins compatible for Editor in 2.07 ms, found 3 plugins.
Native extension for iOS target not found
Native extension for Android target not found
Native extension for WindowsStandalone target not found
Mono: successfully reloaded assembly
- Finished resetting the current domain, in  0.813 seconds
Domain Reload Profiling: 1654ms
	BeginReloadAssembly (199ms)
		ExecutionOrderSort (0ms)
		DisableScriptedObjects (5ms)
		BackupInstance (0ms)
		ReleaseScriptingObjects (0ms)
		CreateAndSetChildDomain (42ms)
	RebuildCommonClasses (37ms)
	RebuildNativeTypeToScriptingClass (14ms)
	initialDomainReloadingComplete (36ms)
	LoadAllAssembliesAndSetupDomain (554ms)
		LoadAssemblies (443ms)
		RebuildTransferFunctionScriptingTraits (0ms)
		AnalyzeDomain (222ms)
			TypeCache.Refresh (8ms)
				TypeCache.ScanAssembly (0ms)
			BuildScriptInfoCaches (199ms)
			ResolveRequiredComponents (10ms)
	FinalizeReload (813ms)
		ReleaseScriptCaches (0ms)
		RebuildScriptCaches (0ms)
		SetupLoadedEditorAssemblies (656ms)
			LogAssemblyErrors (0ms)
			InitializePlatformSupportModulesInManaged (18ms)
			SetLoadedEditorAssemblies (4ms)
			BeforeProcessingInitializeOnLoad (148ms)
			ProcessInitializeOnLoadAttributes (388ms)
			ProcessInitializeOnLoadMethodAttributes (88ms)
			AfterProcessingInitializeOnLoad (9ms)
			EditorAssembliesLoaded (0ms)
		ExecutionOrderSort2 (0ms)
		AwakeInstancesAfterBackupRestoration (13ms)
database is locked
database is locked
database is locked
database is locked
database is locked
database is locked
database is locked
database is locked
database is locked
database is locked
database is locked
database is locked
database is locked
database is locked
database is locked
database is locked
database is locked
database is locked
database is locked
database is locked
database is locked
database is locked
database is locked
database is locked
database is locked
database is locked
database is locked
database is locked
database is locked
database is locked
database is locked
database is locked
database is locked
database is locked
database is locked
database is locked
database is locked
database is locked
database is locked
database is locked
database is locked
database is locked
database is locked
database is locked
database is locked
database is locked
database is locked
database is locked
database is locked
database is locked
database is locked
database is locked
database is locked
database is locked
database is locked
database is locked
database is locked
database is locked
database is locked
database is locked
database is locked
database is locked
database is locked
database is locked
database is locked
database is locked
database is locked
database is locked
database is locked
database is locked
database is locked
database is locked
database is locked
database is locked
database is locked
database is locked
database is locked
database is locked
database is locked
database is locked
database is locked
database is locked
database is locked
database is locked
database is locked
database is locked
database is locked
database is locked
database is locked
database is locked
database is locked
database is locked
database is locked
database is locked
database is locked
database is locked
database is locked
database is locked
database is locked
database is locked
database is locked
database is locked
database is locked
database is locked
database is locked
database is locked
database is locked
database is locked
database is locked
database is locked
database is locked
database is locked
database is locked
database is locked
database is locked
database is locked
database is locked
database is locked
database is locked
database is locked
database is locked
database is locked
database is locked
database is locked
database is locked
database is locked
database is locked
database is locked
database is locked
database is locked
database is locked
database is locked
database is locked
database is locked
database is locked
database is locked
database is locked
database is locked
database is locked
database is locked
database is locked
database is locked
database is locked
database is locked
database is locked
database is locked
database is locked
database is locked
database is locked
database is locked
database is locked
database is locked
database is locked
database is locked
database is locked
database is locked
database is locked
database is locked
database is locked
database is locked
database is locked
database is locked
database is locked
database is locked
database is locked
database is locked
database is locked
database is locked
database is locked
database is locked
database is locked
database is locked
database is locked
database is locked
database is locked
database is locked
database is locked
database is locked
database is locked
database is locked
database is locked
database is locked
database is locked
database is locked
database is locked
database is locked
database is locked
database is locked
database is locked
database is locked
database is locked
database is locked
database is locked
database is locked
database is locked
database is locked
database is locked
database is locked
database is locked
database is locked
database is locked
database is locked
database is locked
database is locked
database is locked
database is locked
database is locked
database is locked
database is locked
database is locked
database is locked
database is locked
database is locked
database is locked
database is locked
Refreshing native plugins compatible for Editor in 4.02 ms, found 3 plugins.
Preloading 0 native plugins for Editor in 0.00 ms.
Unloading 106 Unused Serialized files (Serialized files now loaded: 0)
Unloading 6867 unused Assets / (14.3 MB). Loaded Objects now: 7390.
Memory consumption went from 169.9 MB to 155.7 MB.
Total: 30.782200 ms (FindLiveObjects: 2.479300 ms CreateObjectMapping: 1.095400 ms MarkObjects: 15.187900 ms  DeleteObjects: 12.015800 ms)

Prepare: number of updated asset objects reloaded= 0
========================================================================
Received Prepare
Begin MonoManager ReloadAssembly
Symbol file LoadedFromMemory is not a mono symbol file
- Loaded All Assemblies, in  1.189 seconds
Refreshing native plugins compatible for Editor in 2.61 ms, found 3 plugins.
Native extension for iOS target not found
Native extension for Android target not found
Native extension for WindowsStandalone target not found
Mono: successfully reloaded assembly
- Finished resetting the current domain, in  1.143 seconds
Domain Reload Profiling: 2331ms
	BeginReloadAssembly (292ms)
		ExecutionOrderSort (0ms)
		DisableScriptedObjects (5ms)
		BackupInstance (0ms)
		ReleaseScriptingObjects (0ms)
		CreateAndSetChildDomain (49ms)
	RebuildCommonClasses (64ms)
	RebuildNativeTypeToScriptingClass (15ms)
	initialDomainReloadingComplete (38ms)
	LoadAllAssembliesAndSetupDomain (777ms)
		LoadAssemblies (614ms)
		RebuildTransferFunctionScriptingTraits (0ms)
		AnalyzeDomain (356ms)
			TypeCache.Refresh (7ms)
				TypeCache.ScanAssembly (0ms)
			BuildScriptInfoCaches (330ms)
			ResolveRequiredComponents (13ms)
	FinalizeReload (1145ms)
		ReleaseScriptCaches (0ms)
		RebuildScriptCaches (0ms)
		SetupLoadedEditorAssemblies (867ms)
			LogAssemblyErrors (0ms)
			InitializePlatformSupportModulesInManaged (34ms)
			SetLoadedEditorAssemblies (4ms)
			BeforeProcessingInitializeOnLoad (165ms)
			ProcessInitializeOnLoadAttributes (525ms)
			ProcessInitializeOnLoadMethodAttributes (119ms)
			AfterProcessingInitializeOnLoad (20ms)
			EditorAssembliesLoaded (1ms)
		ExecutionOrderSort2 (0ms)
		AwakeInstancesAfterBackupRestoration (30ms)
database is locked
database is locked
database is locked
database is locked
database is locked
database is locked
database is locked
database is locked
database is locked
database is locked
database is locked
database is locked
database is locked
database is locked
database is locked
database is locked
database is locked
database is locked
database is locked
database is locked
database is locked
database is locked
database is locked
database is locked
database is locked
database is locked
database is locked
database is locked
database is locked
database is locked
database is locked
database is locked
database is locked
database is locked
database is locked
database is locked
database is locked
database is locked
database is locked
database is locked
database is locked
database is locked
database is locked
database is locked
database is locked
database is locked
database is locked
database is locked
database is locked
database is locked
database is locked
database is locked
database is locked
database is locked
database is locked
database is locked
database is locked
database is locked
database is locked
database is locked
database is locked
database is locked
database is locked
database is locked
database is locked
database is locked
database is locked
database is locked
database is locked
database is locked
database is locked
database is locked
database is locked
database is locked
database is locked
database is locked
database is locked
database is locked
database is locked
database is locked
database is locked
database is locked
database is locked
database is locked
database is locked
database is locked
database is locked
database is locked
database is locked
database is locked
database is locked
database is locked
database is locked
database is locked
database is locked
database is locked
database is locked
database is locked
database is locked
database is locked
database is locked
database is locked
database is locked
database is locked
database is locked
database is locked
database is locked
database is locked
database is locked
database is locked
database is locked
database is locked
database is locked
database is locked
database is locked
database is locked
database is locked
database is locked
database is locked
database is locked
database is locked
database is locked
database is locked
database is locked
database is locked
database is locked
database is locked
database is locked
database is locked
database is locked
database is locked
database is locked
database is locked
database is locked
database is locked
database is locked
database is locked
database is locked
database is locked
database is locked
database is locked
database is locked
database is locked
database is locked
database is locked
database is locked
database is locked
database is locked
database is locked
database is locked
database is locked
database is locked
database is locked
database is locked
database is locked
database is locked
database is locked
database is locked
database is locked
database is locked
database is locked
database is locked
database is locked
database is locked
database is locked
database is locked
database is locked
database is locked
database is locked
database is locked
database is locked
database is locked
database is locked
database is locked
database is locked
database is locked
database is locked
database is locked
database is locked
database is locked
database is locked
database is locked
database is locked
database is locked
database is locked
database is locked
database is locked
database is locked
database is locked
database is locked
database is locked
database is locked
database is locked
database is locked
database is locked
database is locked
database is locked
database is locked
database is locked
database is locked
database is locked
database is locked
database is locked
database is locked
database is locked
database is locked
database is locked
database is locked
database is locked
database is locked
database is locked
database is locked
database is locked
database is locked
database is locked
Refreshing native plugins compatible for Editor in 2.28 ms, found 3 plugins.
Preloading 0 native plugins for Editor in 0.00 ms.
Unloading 106 Unused Serialized files (Serialized files now loaded: 0)
Unloading 6867 unused Assets / (14.5 MB). Loaded Objects now: 7392.
Memory consumption went from 170.0 MB to 155.5 MB.
Total: 14.506700 ms (FindLiveObjects: 1.843000 ms CreateObjectMapping: 0.403200 ms MarkObjects: 5.667500 ms  DeleteObjects: 6.590700 ms)

Prepare: number of updated asset objects reloaded= 0
========================================================================
Received Prepare
Begin MonoManager ReloadAssembly
Symbol file LoadedFromMemory is not a mono symbol file
- Loaded All Assemblies, in  0.853 seconds
Refreshing native plugins compatible for Editor in 2.30 ms, found 3 plugins.
Native extension for iOS target not found
Native extension for Android target not found
Native extension for WindowsStandalone target not found
Mono: successfully reloaded assembly
- Finished resetting the current domain, in  0.790 seconds
Domain Reload Profiling: 1642ms
	BeginReloadAssembly (209ms)
		ExecutionOrderSort (0ms)
		DisableScriptedObjects (6ms)
		BackupInstance (0ms)
		ReleaseScriptingObjects (0ms)
		CreateAndSetChildDomain (46ms)
	RebuildCommonClasses (41ms)
	RebuildNativeTypeToScriptingClass (14ms)
	initialDomainReloadingComplete (36ms)
	LoadAllAssembliesAndSetupDomain (552ms)
		LoadAssemblies (452ms)
		RebuildTransferFunctionScriptingTraits (0ms)
		AnalyzeDomain (216ms)
			TypeCache.Refresh (9ms)
				TypeCache.ScanAssembly (0ms)
			BuildScriptInfoCaches (191ms)
			ResolveRequiredComponents (10ms)
	FinalizeReload (791ms)
		ReleaseScriptCaches (0ms)
		RebuildScriptCaches (0ms)
		SetupLoadedEditorAssemblies (644ms)
			LogAssemblyErrors (0ms)
			InitializePlatformSupportModulesInManaged (20ms)
			SetLoadedEditorAssemblies (3ms)
			BeforeProcessingInitializeOnLoad (156ms)
			ProcessInitializeOnLoadAttributes (377ms)
			ProcessInitializeOnLoadMethodAttributes (80ms)
			AfterProcessingInitializeOnLoad (8ms)
			EditorAssembliesLoaded (0ms)
		ExecutionOrderSort2 (0ms)
		AwakeInstancesAfterBackupRestoration (13ms)
database is locked
database is locked
database is locked
database is locked
database is locked
database is locked
database is locked
database is locked
database is locked
database is locked
database is locked
database is locked
database is locked
database is locked
database is locked
database is locked
database is locked
database is locked
database is locked
database is locked
database is locked
database is locked
database is locked
database is locked
database is locked
database is locked
database is locked
database is locked
database is locked
database is locked
database is locked
database is locked
database is locked
database is locked
database is locked
database is locked
database is locked
database is locked
database is locked
database is locked
database is locked
database is locked
database is locked
database is locked
database is locked
database is locked
database is locked
database is locked
database is locked
database is locked
database is locked
database is locked
database is locked
database is locked
database is locked
database is locked
database is locked
database is locked
database is locked
database is locked
database is locked
database is locked
database is locked
database is locked
database is locked
database is locked
database is locked
database is locked
database is locked
database is locked
database is locked
database is locked
database is locked
database is locked
database is locked
database is locked
database is locked
database is locked
database is locked
database is locked
database is locked
database is locked
database is locked
database is locked
database is locked
database is locked
database is locked
database is locked
database is locked
database is locked
database is locked
database is locked
database is locked
database is locked
database is locked
database is locked
database is locked
database is locked
database is locked
database is locked
database is locked
database is locked
database is locked
database is locked
database is locked
database is locked
database is locked
database is locked
database is locked
database is locked
database is locked
database is locked
database is locked
database is locked
database is locked
database is locked
database is locked
database is locked
database is locked
database is locked
database is locked
database is locked
database is locked
database is locked
database is locked
database is locked
database is locked
database is locked
database is locked
database is locked
database is locked
database is locked
database is locked
database is locked
database is locked
database is locked
database is locked
database is locked
database is locked
database is locked
database is locked
database is locked
database is locked
database is locked
database is locked
database is locked
database is locked
database is locked
database is locked
database is locked
database is locked
database is locked
database is locked
database is locked
database is locked
database is locked
database is locked
database is locked
database is locked
database is locked
database is locked
database is locked
database is locked
database is locked
database is locked
database is locked
database is locked
database is locked
database is locked
database is locked
database is locked
database is locked
database is locked
database is locked
database is locked
database is locked
database is locked
database is locked
database is locked
database is locked
database is locked
database is locked
database is locked
database is locked
database is locked
database is locked
database is locked
database is locked
database is locked
database is locked
database is locked
database is locked
database is locked
database is locked
database is locked
database is locked
database is locked
database is locked
database is locked
database is locked
database is locked
database is locked
database is locked
database is locked
database is locked
database is locked
database is locked
database is locked
database is locked
database is locked
database is locked
database is locked
database is locked
database is locked
database is locked
Refreshing native plugins compatible for Editor in 2.16 ms, found 3 plugins.
Preloading 0 native plugins for Editor in 0.00 ms.
Unloading 106 Unused Serialized files (Serialized files now loaded: 0)
Unloading 6867 unused Assets / (14.0 MB). Loaded Objects now: 7394.
Memory consumption went from 170.0 MB to 155.9 MB.
Total: 13.991100 ms (FindLiveObjects: 0.621400 ms CreateObjectMapping: 0.461200 ms MarkObjects: 7.019700 ms  DeleteObjects: 5.886700 ms)

Prepare: number of updated asset objects reloaded= 0
========================================================================
Received Prepare
database is locked
database is locked
database is locked
database is locked
database is locked
database is locked
database is locked
database is locked
database is locked
database is locked
database is locked
database is locked
database is locked
database is locked
database is locked
database is locked
database is locked
database is locked
database is locked
database is locked
database is locked
database is locked
database is locked
database is locked
database is locked
database is locked
database is locked
database is locked
database is locked
database is locked
database is locked
database is locked
database is locked
database is locked
database is locked
database is locked
database is locked
database is locked
database is locked
database is locked
database is locked
database is locked
database is locked
database is locked
database is locked
database is locked
database is locked
database is locked
database is locked
database is locked
database is locked
database is locked
database is locked
database is locked
database is locked
database is locked
database is locked
database is locked
database is locked
database is locked
database is locked
database is locked
database is locked
database is locked
database is locked
database is locked
database is locked
database is locked
database is locked
database is locked
database is locked
database is locked
database is locked
database is locked
database is locked
database is locked
database is locked
database is locked
database is locked
database is locked
database is locked
database is locked
database is locked
database is locked
database is locked
database is locked
database is locked
database is locked
database is locked
database is locked
database is locked
database is locked
database is locked
database is locked
database is locked
database is locked
database is locked
database is locked
database is locked
database is locked
database is locked
database is locked
database is locked
database is locked
database is locked
database is locked
database is locked
database is locked
database is locked
database is locked
database is locked
database is locked
database is locked
database is locked
database is locked
database is locked
database is locked
database is locked
database is locked
database is locked
database is locked
database is locked
database is locked
database is locked
database is locked
database is locked
database is locked
database is locked
database is locked
database is locked
database is locked
database is locked
database is locked
database is locked
database is locked
database is locked
database is locked
database is locked
database is locked
database is locked
database is locked
database is locked
database is locked
database is locked
database is locked
database is locked
database is locked
database is locked
database is locked
database is locked
database is locked
database is locked
database is locked
database is locked
database is locked
database is locked
database is locked
database is locked
database is locked
database is locked
database is locked
database is locked
database is locked
database is locked
database is locked
database is locked
database is locked
database is locked
database is locked
database is locked
database is locked
database is locked
database is locked
database is locked
database is locked
database is locked
database is locked
database is locked
database is locked
database is locked
database is locked
database is locked
database is locked
database is locked
database is locked
database is locked
database is locked
database is locked
database is locked
database is locked
database is locked
database is locked
database is locked
database is locked
database is locked
database is locked
database is locked
database is locked
database is locked
database is locked
database is locked
database is locked
database is locked
database is locked
database is locked
database is locked
database is locked
database is locked
database is locked
database is locked
database is locked
database is locked
database is locked
database is locked
database is locked
Refreshing native plugins compatible for Editor in 1.64 ms, found 3 plugins.
Preloading 0 native plugins for Editor in 0.00 ms.
Unloading 106 Unused Serialized files (Serialized files now loaded: 0)
Unloading 6854 unused Assets / (13.3 MB). Loaded Objects now: 7394.
Memory consumption went from 170.2 MB to 156.9 MB.
Total: 12.201200 ms (FindLiveObjects: 0.524200 ms CreateObjectMapping: 0.335200 ms MarkObjects: 6.236600 ms  DeleteObjects: 5.103000 ms)

Prepare: number of updated asset objects reloaded= 0
========================================================================
Received Prepare
Begin MonoManager ReloadAssembly
Symbol file LoadedFromMemory is not a mono symbol file
- Loaded All Assemblies, in  0.857 seconds
Refreshing native plugins compatible for Editor in 2.26 ms, found 3 plugins.
Native extension for iOS target not found
Native extension for Android target not found
Native extension for WindowsStandalone target not found
Mono: successfully reloaded assembly
- Finished resetting the current domain, in  0.849 seconds
Domain Reload Profiling: 1705ms
	BeginReloadAssembly (202ms)
		ExecutionOrderSort (0ms)
		DisableScriptedObjects (5ms)
		BackupInstance (0ms)
		ReleaseScriptingObjects (0ms)
		CreateAndSetChildDomain (48ms)
	RebuildCommonClasses (41ms)
	RebuildNativeTypeToScriptingClass (13ms)
	initialDomainReloadingComplete (32ms)
	LoadAllAssembliesAndSetupDomain (568ms)
		LoadAssemblies (412ms)
		RebuildTransferFunctionScriptingTraits (0ms)
		AnalyzeDomain (258ms)
			TypeCache.Refresh (15ms)
				TypeCache.ScanAssembly (2ms)
			BuildScriptInfoCaches (228ms)
			ResolveRequiredComponents (10ms)
	FinalizeReload (849ms)
		ReleaseScriptCaches (0ms)
		RebuildScriptCaches (0ms)
		SetupLoadedEditorAssemblies (658ms)
			LogAssemblyErrors (0ms)
			InitializePlatformSupportModulesInManaged (24ms)
			SetLoadedEditorAssemblies (3ms)
			BeforeProcessingInitializeOnLoad (137ms)
			ProcessInitializeOnLoadAttributes (415ms)
			ProcessInitializeOnLoadMethodAttributes (74ms)
			AfterProcessingInitializeOnLoad (5ms)
			EditorAssembliesLoaded (0ms)
		ExecutionOrderSort2 (0ms)
		AwakeInstancesAfterBackupRestoration (17ms)
database is locked
database is locked
database is locked
database is locked
database is locked
database is locked
database is locked
database is locked
database is locked
database is locked
database is locked
database is locked
database is locked
database is locked
database is locked
database is locked
database is locked
database is locked
database is locked
database is locked
database is locked
database is locked
database is locked
database is locked
database is locked
database is locked
database is locked
database is locked
database is locked
database is locked
database is locked
database is locked
database is locked
database is locked
database is locked
database is locked
database is locked
database is locked
database is locked
database is locked
database is locked
database is locked
database is locked
database is locked
database is locked
database is locked
database is locked
database is locked
database is locked
database is locked
database is locked
database is locked
database is locked
database is locked
database is locked
database is locked
database is locked
database is locked
database is locked
database is locked
database is locked
database is locked
database is locked
database is locked
database is locked
database is locked
database is locked
database is locked
database is locked
database is locked
database is locked
database is locked
database is locked
database is locked
database is locked
database is locked
database is locked
database is locked
database is locked
database is locked
database is locked
database is locked
database is locked
database is locked
database is locked
database is locked
database is locked
database is locked
database is locked
database is locked
database is locked
database is locked
database is locked
database is locked
database is locked
database is locked
database is locked
database is locked
database is locked
database is locked
database is locked
database is locked
database is locked
database is locked
database is locked
database is locked
database is locked
database is locked
database is locked
database is locked
database is locked
database is locked
database is locked
database is locked
database is locked
database is locked
database is locked
database is locked
database is locked
database is locked
database is locked
database is locked
database is locked
database is locked
database is locked
database is locked
database is locked
database is locked
database is locked
database is locked
database is locked
database is locked
database is locked
database is locked
database is locked
database is locked
database is locked
database is locked
database is locked
database is locked
database is locked
database is locked
database is locked
database is locked
database is locked
database is locked
database is locked
database is locked
database is locked
database is locked
database is locked
database is locked
database is locked
database is locked
database is locked
database is locked
database is locked
database is locked
database is locked
database is locked
database is locked
database is locked
database is locked
database is locked
database is locked
database is locked
database is locked
database is locked
database is locked
database is locked
database is locked
database is locked
database is locked
database is locked
database is locked
database is locked
database is locked
database is locked
database is locked
database is locked
database is locked
database is locked
database is locked
database is locked
database is locked
database is locked
database is locked
database is locked
database is locked
database is locked
database is locked
database is locked
database is locked
database is locked
database is locked
database is locked
database is locked
database is locked
database is locked
database is locked
database is locked
database is locked
database is locked
database is locked
database is locked
database is locked
database is locked
database is locked
database is locked
database is locked
database is locked
database is locked
database is locked
database is locked
database is locked
Refreshing native plugins compatible for Editor in 2.13 ms, found 3 plugins.
Preloading 0 native plugins for Editor in 0.00 ms.
Unloading 106 Unused Serialized files (Serialized files now loaded: 0)
Unloading 6867 unused Assets / (13.9 MB). Loaded Objects now: 7396.
Memory consumption went from 170.0 MB to 156.1 MB.
Total: 9.937800 ms (FindLiveObjects: 0.498100 ms CreateObjectMapping: 0.319200 ms MarkObjects: 3.990000 ms  DeleteObjects: 5.128800 ms)

Prepare: number of updated asset objects reloaded= 0
========================================================================
Received Prepare
Begin MonoManager ReloadAssembly
Symbol file LoadedFromMemory is not a mono symbol file
- Loaded All Assemblies, in  0.830 seconds
Refreshing native plugins compatible for Editor in 2.10 ms, found 3 plugins.
Native extension for iOS target not found
Native extension for Android target not found
Native extension for WindowsStandalone target not found
Mono: successfully reloaded assembly
- Finished resetting the current domain, in  0.743 seconds
Domain Reload Profiling: 1569ms
	BeginReloadAssembly (225ms)
		ExecutionOrderSort (0ms)
		DisableScriptedObjects (6ms)
		BackupInstance (0ms)
		ReleaseScriptingObjects (0ms)
		CreateAndSetChildDomain (47ms)
	RebuildCommonClasses (39ms)
	RebuildNativeTypeToScriptingClass (16ms)
	initialDomainReloadingComplete (39ms)
	LoadAllAssembliesAndSetupDomain (507ms)
		LoadAssemblies (443ms)
		RebuildTransferFunctionScriptingTraits (0ms)
		AnalyzeDomain (192ms)
			TypeCache.Refresh (8ms)
				TypeCache.ScanAssembly (0ms)
			BuildScriptInfoCaches (172ms)
			ResolveRequiredComponents (8ms)
	FinalizeReload (743ms)
		ReleaseScriptCaches (0ms)
		RebuildScriptCaches (0ms)
		SetupLoadedEditorAssemblies (602ms)
			LogAssemblyErrors (0ms)
			InitializePlatformSupportModulesInManaged (18ms)
			SetLoadedEditorAssemblies (5ms)
			BeforeProcessingInitializeOnLoad (127ms)
			ProcessInitializeOnLoadAttributes (377ms)
			ProcessInitializeOnLoadMethodAttributes (69ms)
			AfterProcessingInitializeOnLoad (5ms)
			EditorAssembliesLoaded (1ms)
		ExecutionOrderSort2 (0ms)
		AwakeInstancesAfterBackupRestoration (12ms)
database is locked
database is locked
database is locked
database is locked
database is locked
database is locked
database is locked
database is locked
database is locked
database is locked
database is locked
database is locked
database is locked
database is locked
database is locked
database is locked
database is locked
database is locked
database is locked
database is locked
database is locked
database is locked
database is locked
database is locked
database is locked
database is locked
database is locked
database is locked
database is locked
database is locked
database is locked
database is locked
database is locked
database is locked
database is locked
database is locked
database is locked
database is locked
database is locked
database is locked
database is locked
database is locked
database is locked
database is locked
database is locked
database is locked
database is locked
database is locked
database is locked
database is locked
database is locked
database is locked
database is locked
database is locked
database is locked
database is locked
database is locked
database is locked
database is locked
database is locked
database is locked
database is locked
database is locked
database is locked
database is locked
database is locked
database is locked
database is locked
database is locked
database is locked
database is locked
database is locked
database is locked
database is locked
database is locked
database is locked
database is locked
database is locked
database is locked
database is locked
database is locked
database is locked
database is locked
database is locked
database is locked
database is locked
database is locked
database is locked
database is locked
database is locked
database is locked
database is locked
database is locked
database is locked
database is locked
database is locked
database is locked
database is locked
database is locked
database is locked
database is locked
database is locked
database is locked
database is locked
database is locked
database is locked
database is locked
database is locked
database is locked
database is locked
database is locked
database is locked
database is locked
database is locked
database is locked
database is locked
database is locked
database is locked
database is locked
database is locked
database is locked
database is locked
database is locked
database is locked
database is locked
database is locked
database is locked
database is locked
database is locked
database is locked
database is locked
database is locked
database is locked
database is locked
database is locked
database is locked
database is locked
database is locked
database is locked
database is locked
database is locked
database is locked
database is locked
database is locked
database is locked
database is locked
database is locked
database is locked
database is locked
database is locked
database is locked
database is locked
database is locked
database is locked
database is locked
database is locked
database is locked
database is locked
database is locked
database is locked
database is locked
database is locked
database is locked
database is locked
database is locked
database is locked
database is locked
database is locked
database is locked
database is locked
database is locked
database is locked
database is locked
database is locked
database is locked
database is locked
database is locked
database is locked
database is locked
database is locked
database is locked
database is locked
database is locked
database is locked
database is locked
database is locked
database is locked
database is locked
database is locked
database is locked
database is locked
database is locked
database is locked
database is locked
database is locked
database is locked
database is locked
database is locked
database is locked
database is locked
database is locked
database is locked
database is locked
database is locked
database is locked
database is locked
database is locked
database is locked
database is locked
database is locked
database is locked
database is locked
database is locked
database is locked
database is locked
Refreshing native plugins compatible for Editor in 3.24 ms, found 3 plugins.
Preloading 0 native plugins for Editor in 0.00 ms.
Unloading 106 Unused Serialized files (Serialized files now loaded: 0)
Unloading 6867 unused Assets / (14.4 MB). Loaded Objects now: 7398.
Memory consumption went from 170.1 MB to 155.6 MB.
Total: 22.524700 ms (FindLiveObjects: 1.811000 ms CreateObjectMapping: 0.725700 ms MarkObjects: 10.001200 ms  DeleteObjects: 9.983800 ms)

Prepare: number of updated asset objects reloaded= 0
========================================================================
Received Prepare
database is locked
database is locked
database is locked
database is locked
database is locked
database is locked
database is locked
database is locked
database is locked
database is locked
database is locked
database is locked
database is locked
database is locked
database is locked
database is locked
database is locked
database is locked
database is locked
database is locked
database is locked
database is locked
database is locked
database is locked
database is locked
database is locked
database is locked
database is locked
database is locked
database is locked
database is locked
database is locked
database is locked
database is locked
database is locked
database is locked
database is locked
database is locked
database is locked
database is locked
database is locked
database is locked
database is locked
database is locked
database is locked
database is locked
database is locked
database is locked
database is locked
database is locked
database is locked
database is locked
database is locked
database is locked
database is locked
database is locked
database is locked
database is locked
database is locked
database is locked
database is locked
database is locked
database is locked
database is locked
database is locked
database is locked
database is locked
database is locked
database is locked
database is locked
database is locked
database is locked
database is locked
database is locked
database is locked
database is locked
database is locked
database is locked
database is locked
database is locked
database is locked
database is locked
database is locked
database is locked
database is locked
database is locked
database is locked
database is locked
database is locked
database is locked
database is locked
database is locked
database is locked
database is locked
database is locked
database is locked
database is locked
database is locked
database is locked
database is locked
database is locked
database is locked
database is locked
database is locked
database is locked
database is locked
database is locked
database is locked
database is locked
database is locked
database is locked
database is locked
database is locked
database is locked
database is locked
database is locked
database is locked
database is locked
database is locked
database is locked
database is locked
database is locked
database is locked
database is locked
database is locked
database is locked
database is locked
database is locked
database is locked
database is locked
database is locked
database is locked
database is locked
database is locked
database is locked
database is locked
database is locked
database is locked
database is locked
database is locked
database is locked
database is locked
database is locked
database is locked
database is locked
database is locked
database is locked
database is locked
database is locked
database is locked
database is locked
database is locked
database is locked
database is locked
database is locked
database is locked
database is locked
database is locked
database is locked
database is locked
database is locked
database is locked
database is locked
database is locked
database is locked
database is locked
database is locked
database is locked
database is locked
database is locked
database is locked
database is locked
database is locked
database is locked
database is locked
database is locked
database is locked
database is locked
database is locked
database is locked
database is locked
database is locked
database is locked
database is locked
database is locked
database is locked
database is locked
database is locked
database is locked
database is locked
database is locked
database is locked
database is locked
database is locked
database is locked
database is locked
database is locked
database is locked
database is locked
database is locked
database is locked
database is locked
database is locked
database is locked
database is locked
database is locked
database is locked
database is locked
database is locked
database is locked
database is locked
database is locked
database is locked
database is locked
database is locked
Refreshing native plugins compatible for Editor in 1.91 ms, found 3 plugins.
Preloading 0 native plugins for Editor in 0.00 ms.
Unloading 106 Unused Serialized files (Serialized files now loaded: 0)
Unloading 6854 unused Assets / (13.9 MB). Loaded Objects now: 7398.
Memory consumption went from 170.3 MB to 156.3 MB.
Total: 11.784400 ms (FindLiveObjects: 0.548100 ms CreateObjectMapping: 0.371000 ms MarkObjects: 5.352200 ms  DeleteObjects: 5.511700 ms)

Prepare: number of updated asset objects reloaded= 0
========================================================================
Received Prepare
Begin MonoManager ReloadAssembly
Symbol file LoadedFromMemory is not a mono symbol file
- Loaded All Assemblies, in  1.158 seconds
Refreshing native plugins compatible for Editor in 3.82 ms, found 3 plugins.
Native extension for iOS target not found
Native extension for Android target not found
Native extension for WindowsStandalone target not found
Mono: successfully reloaded assembly
- Finished resetting the current domain, in  1.246 seconds
Domain Reload Profiling: 2395ms
	BeginReloadAssembly (277ms)
		ExecutionOrderSort (0ms)
		DisableScriptedObjects (6ms)
		BackupInstance (0ms)
		ReleaseScriptingObjects (0ms)
		CreateAndSetChildDomain (46ms)
	RebuildCommonClasses (55ms)
	RebuildNativeTypeToScriptingClass (15ms)
	initialDomainReloadingComplete (40ms)
	LoadAllAssembliesAndSetupDomain (762ms)
		LoadAssemblies (663ms)
		RebuildTransferFunctionScriptingTraits (0ms)
		AnalyzeDomain (276ms)
			TypeCache.Refresh (19ms)
				TypeCache.ScanAssembly (2ms)
			BuildScriptInfoCaches (234ms)
			ResolveRequiredComponents (18ms)
	FinalizeReload (1247ms)
		ReleaseScriptCaches (0ms)
		RebuildScriptCaches (0ms)
		SetupLoadedEditorAssemblies (1027ms)
			LogAssemblyErrors (0ms)
			InitializePlatformSupportModulesInManaged (26ms)
			SetLoadedEditorAssemblies (4ms)
			BeforeProcessingInitializeOnLoad (161ms)
			ProcessInitializeOnLoadAttributes (694ms)
			ProcessInitializeOnLoadMethodAttributes (131ms)
			AfterProcessingInitializeOnLoad (11ms)
			EditorAssembliesLoaded (1ms)
		ExecutionOrderSort2 (0ms)
		AwakeInstancesAfterBackupRestoration (21ms)
database is locked
database is locked
database is locked
database is locked
database is locked
database is locked
database is locked
database is locked
database is locked
database is locked
database is locked
database is locked
database is locked
database is locked
database is locked
database is locked
database is locked
database is locked
database is locked
database is locked
database is locked
database is locked
database is locked
database is locked
database is locked
database is locked
database is locked
database is locked
database is locked
database is locked
database is locked
database is locked
database is locked
database is locked
database is locked
database is locked
database is locked
database is locked
database is locked
database is locked
database is locked
database is locked
database is locked
database is locked
database is locked
database is locked
database is locked
database is locked
database is locked
database is locked
database is locked
database is locked
database is locked
database is locked
database is locked
database is locked
database is locked
database is locked
database is locked
database is locked
database is locked
database is locked
database is locked
database is locked
database is locked
database is locked
database is locked
database is locked
database is locked
database is locked
database is locked
database is locked
database is locked
database is locked
database is locked
database is locked
database is locked
database is locked
database is locked
database is locked
database is locked
database is locked
database is locked
database is locked
database is locked
database is locked
database is locked
database is locked
database is locked
database is locked
database is locked
database is locked
database is locked
database is locked
database is locked
database is locked
database is locked
database is locked
database is locked
database is locked
database is locked
database is locked
database is locked
database is locked
database is locked
database is locked
database is locked
database is locked
database is locked
database is locked
database is locked
database is locked
database is locked
database is locked
database is locked
database is locked
database is locked
database is locked
database is locked
database is locked
database is locked
database is locked
database is locked
database is locked
database is locked
database is locked
database is locked
database is locked
database is locked
database is locked
database is locked
database is locked
database is locked
database is locked
database is locked
database is locked
database is locked
database is locked
database is locked
database is locked
database is locked
database is locked
database is locked
database is locked
database is locked
database is locked
database is locked
database is locked
database is locked
database is locked
database is locked
database is locked
database is locked
database is locked
database is locked
database is locked
database is locked
database is locked
database is locked
database is locked
database is locked
database is locked
database is locked
database is locked
database is locked
database is locked
database is locked
database is locked
database is locked
database is locked
database is locked
database is locked
database is locked
database is locked
database is locked
database is locked
database is locked
database is locked
database is locked
database is locked
database is locked
database is locked
database is locked
database is locked
database is locked
database is locked
database is locked
database is locked
database is locked
database is locked
database is locked
database is locked
database is locked
database is locked
database is locked
database is locked
database is locked
database is locked
database is locked
database is locked
database is locked
database is locked
database is locked
database is locked
database is locked
database is locked
database is locked
database is locked
database is locked
database is locked
database is locked
database is locked
database is locked
database is locked
database is locked
Refreshing native plugins compatible for Editor in 1.75 ms, found 3 plugins.
Preloading 0 native plugins for Editor in 0.00 ms.
Unloading 106 Unused Serialized files (Serialized files now loaded: 0)
Unloading 6867 unused Assets / (15.1 MB). Loaded Objects now: 7400.
Memory consumption went from 170.2 MB to 155.1 MB.
Total: 15.857200 ms (FindLiveObjects: 1.165000 ms CreateObjectMapping: 0.398300 ms MarkObjects: 6.195600 ms  DeleteObjects: 8.096100 ms)

Prepare: number of updated asset objects reloaded= 0
========================================================================
Received Prepare
database is locked
database is locked
database is locked
database is locked
database is locked
database is locked
database is locked
database is locked
database is locked
database is locked
database is locked
database is locked
database is locked
database is locked
database is locked
database is locked
database is locked
database is locked
database is locked
database is locked
database is locked
database is locked
database is locked
database is locked
database is locked
database is locked
database is locked
database is locked
database is locked
database is locked
database is locked
database is locked
database is locked
database is locked
database is locked
database is locked
database is locked
database is locked
database is locked
database is locked
database is locked
database is locked
database is locked
database is locked
database is locked
database is locked
database is locked
database is locked
database is locked
database is locked
database is locked
database is locked
database is locked
database is locked
database is locked
database is locked
database is locked
database is locked
database is locked
database is locked
database is locked
database is locked
database is locked
database is locked
database is locked
database is locked
database is locked
database is locked
database is locked
database is locked
database is locked
database is locked
database is locked
database is locked
database is locked
database is locked
database is locked
database is locked
database is locked
database is locked
database is locked
database is locked
database is locked
database is locked
database is locked
database is locked
database is locked
database is locked
database is locked
database is locked
database is locked
database is locked
database is locked
database is locked
database is locked
database is locked
database is locked
database is locked
database is locked
database is locked
database is locked
database is locked
database is locked
database is locked
database is locked
database is locked
database is locked
database is locked
database is locked
database is locked
database is locked
database is locked
database is locked
database is locked
database is locked
database is locked
database is locked
database is locked
database is locked
database is locked
database is locked
database is locked
database is locked
database is locked
database is locked
database is locked
database is locked
database is locked
database is locked
database is locked
database is locked
database is locked
database is locked
database is locked
database is locked
database is locked
database is locked
database is locked
database is locked
database is locked
database is locked
database is locked
database is locked
database is locked
database is locked
database is locked
database is locked
database is locked
database is locked
database is locked
database is locked
database is locked
database is locked
database is locked
database is locked
database is locked
database is locked
database is locked
database is locked
database is locked
database is locked
database is locked
database is locked
database is locked
database is locked
database is locked
database is locked
database is locked
database is locked
database is locked
database is locked
database is locked
database is locked
database is locked
database is locked
database is locked
database is locked
database is locked
database is locked
database is locked
database is locked
database is locked
database is locked
database is locked
database is locked
database is locked
database is locked
database is locked
database is locked
database is locked
database is locked
database is locked
database is locked
database is locked
database is locked
database is locked
database is locked
database is locked
database is locked
database is locked
database is locked
database is locked
database is locked
database is locked
database is locked
database is locked
database is locked
database is locked
database is locked
database is locked
database is locked
database is locked
database is locked
database is locked
database is locked
Refreshing native plugins compatible for Editor in 3.95 ms, found 3 plugins.
Preloading 0 native plugins for Editor in 0.00 ms.
Unloading 106 Unused Serialized files (Serialized files now loaded: 0)
Unloading 6854 unused Assets / (15.4 MB). Loaded Objects now: 7400.
Memory consumption went from 170.3 MB to 155.0 MB.
Total: 29.632900 ms (FindLiveObjects: 3.628000 ms CreateObjectMapping: 1.463300 ms MarkObjects: 8.740100 ms  DeleteObjects: 15.798400 ms)

Prepare: number of updated asset objects reloaded= 0
========================================================================
Received Prepare
Begin MonoManager ReloadAssembly
Symbol file LoadedFromMemory is not a mono symbol file
- Loaded All Assemblies, in  1.337 seconds
Refreshing native plugins compatible for Editor in 3.96 ms, found 3 plugins.
Native extension for iOS target not found
Native extension for Android target not found
Native extension for WindowsStandalone target not found
Mono: successfully reloaded assembly
- Finished resetting the current domain, in  1.290 seconds
Domain Reload Profiling: 2615ms
	BeginReloadAssembly (321ms)
		ExecutionOrderSort (0ms)
		DisableScriptedObjects (16ms)
		BackupInstance (0ms)
		ReleaseScriptingObjects (0ms)
		CreateAndSetChildDomain (84ms)
	RebuildCommonClasses (49ms)
	RebuildNativeTypeToScriptingClass (15ms)
	initialDomainReloadingComplete (78ms)
	LoadAllAssembliesAndSetupDomain (862ms)
		LoadAssemblies (652ms)
		RebuildTransferFunctionScriptingTraits (0ms)
		AnalyzeDomain (344ms)
			TypeCache.Refresh (22ms)
				TypeCache.ScanAssembly (4ms)
			BuildScriptInfoCaches (302ms)
			ResolveRequiredComponents (15ms)
	FinalizeReload (1291ms)
		ReleaseScriptCaches (0ms)
		RebuildScriptCaches (0ms)
		SetupLoadedEditorAssemblies (1057ms)
			LogAssemblyErrors (0ms)
			InitializePlatformSupportModulesInManaged (30ms)
			SetLoadedEditorAssemblies (5ms)
			BeforeProcessingInitializeOnLoad (185ms)
			ProcessInitializeOnLoadAttributes (707ms)
			ProcessInitializeOnLoadMethodAttributes (119ms)
			AfterProcessingInitializeOnLoad (11ms)
			EditorAssembliesLoaded (1ms)
		ExecutionOrderSort2 (0ms)
		AwakeInstancesAfterBackupRestoration (20ms)
database is locked
database is locked
database is locked
database is locked
database is locked
database is locked
database is locked
database is locked
database is locked
database is locked
database is locked
database is locked
database is locked
database is locked
database is locked
database is locked
database is locked
database is locked
database is locked
database is locked
database is locked
database is locked
database is locked
database is locked
database is locked
database is locked
database is locked
database is locked
database is locked
database is locked
database is locked
database is locked
database is locked
database is locked
database is locked
database is locked
database is locked
database is locked
database is locked
database is locked
database is locked
database is locked
database is locked
database is locked
database is locked
database is locked
database is locked
database is locked
database is locked
database is locked
database is locked
database is locked
database is locked
database is locked
database is locked
database is locked
database is locked
database is locked
database is locked
database is locked
database is locked
database is locked
database is locked
database is locked
database is locked
database is locked
database is locked
database is locked
database is locked
database is locked
database is locked
database is locked
database is locked
database is locked
database is locked
database is locked
database is locked
database is locked
database is locked
database is locked
database is locked
database is locked
database is locked
database is locked
database is locked
database is locked
database is locked
database is locked
database is locked
database is locked
database is locked
database is locked
database is locked
database is locked
database is locked
database is locked
database is locked
database is locked
database is locked
database is locked
database is locked
database is locked
database is locked
database is locked
database is locked
database is locked
database is locked
database is locked
database is locked
database is locked
database is locked
database is locked
database is locked
database is locked
database is locked
database is locked
database is locked
database is locked
database is locked
database is locked
database is locked
database is locked
database is locked
database is locked
database is locked
database is locked
database is locked
database is locked
database is locked
database is locked
database is locked
database is locked
database is locked
database is locked
database is locked
database is locked
database is locked
database is locked
database is locked
database is locked
database is locked
database is locked
database is locked
database is locked
database is locked
database is locked
database is locked
database is locked
database is locked
database is locked
database is locked
database is locked
database is locked
database is locked
database is locked
database is locked
database is locked
database is locked
database is locked
database is locked
database is locked
database is locked
database is locked
database is locked
database is locked
database is locked
database is locked
database is locked
database is locked
database is locked
database is locked
database is locked
database is locked
database is locked
database is locked
database is locked
database is locked
database is locked
database is locked
database is locked
database is locked
database is locked
database is locked
database is locked
database is locked
database is locked
database is locked
database is locked
database is locked
database is locked
database is locked
database is locked
database is locked
database is locked
database is locked
database is locked
database is locked
database is locked
database is locked
database is locked
database is locked
database is locked
database is locked
database is locked
database is locked
database is locked
database is locked
database is locked
database is locked
database is locked
database is locked
database is locked
database is locked
database is locked
database is locked
Refreshing native plugins compatible for Editor in 3.77 ms, found 3 plugins.
Preloading 0 native plugins for Editor in 0.00 ms.
Unloading 106 Unused Serialized files (Serialized files now loaded: 0)
Unloading 6867 unused Assets / (14.9 MB). Loaded Objects now: 7402.
Memory consumption went from 170.2 MB to 155.3 MB.
Total: 26.477900 ms (FindLiveObjects: 2.350600 ms CreateObjectMapping: 0.677000 ms MarkObjects: 10.013900 ms  DeleteObjects: 13.433300 ms)

Prepare: number of updated asset objects reloaded= 0
========================================================================
Received Prepare
Begin MonoManager ReloadAssembly
Symbol file LoadedFromMemory is not a mono symbol file
- Loaded All Assemblies, in  1.490 seconds
Refreshing native plugins compatible for Editor in 4.21 ms, found 3 plugins.
Native extension for iOS target not found
Native extension for Android target not found
Native extension for WindowsStandalone target not found
Mono: successfully reloaded assembly
- Finished resetting the current domain, in  1.353 seconds
Domain Reload Profiling: 2840ms
	BeginReloadAssembly (387ms)
		ExecutionOrderSort (0ms)
		DisableScriptedObjects (9ms)
		BackupInstance (0ms)
		ReleaseScriptingObjects (0ms)
		CreateAndSetChildDomain (75ms)
	RebuildCommonClasses (61ms)
	RebuildNativeTypeToScriptingClass (19ms)
	initialDomainReloadingComplete (61ms)
	LoadAllAssembliesAndSetupDomain (957ms)
		LoadAssemblies (823ms)
		RebuildTransferFunctionScriptingTraits (0ms)
		AnalyzeDomain (380ms)
			TypeCache.Refresh (16ms)
				TypeCache.ScanAssembly (0ms)
			BuildScriptInfoCaches (340ms)
			ResolveRequiredComponents (18ms)
	FinalizeReload (1355ms)
		ReleaseScriptCaches (0ms)
		RebuildScriptCaches (0ms)
		SetupLoadedEditorAssemblies (1078ms)
			LogAssemblyErrors (0ms)
			InitializePlatformSupportModulesInManaged (26ms)
			SetLoadedEditorAssemblies (5ms)
			BeforeProcessingInitializeOnLoad (228ms)
			ProcessInitializeOnLoadAttributes (659ms)
			ProcessInitializeOnLoadMethodAttributes (148ms)
			AfterProcessingInitializeOnLoad (11ms)
			EditorAssembliesLoaded (1ms)
		ExecutionOrderSort2 (0ms)
		AwakeInstancesAfterBackupRestoration (27ms)
database is locked
database is locked
database is locked
database is locked
database is locked
database is locked
database is locked
database is locked
database is locked
database is locked
database is locked
database is locked
database is locked
database is locked
database is locked
database is locked
database is locked
database is locked
database is locked
database is locked
database is locked
database is locked
database is locked
database is locked
database is locked
database is locked
database is locked
database is locked
database is locked
database is locked
database is locked
database is locked
database is locked
database is locked
database is locked
database is locked
database is locked
database is locked
database is locked
database is locked
database is locked
database is locked
database is locked
database is locked
database is locked
database is locked
database is locked
database is locked
database is locked
database is locked
database is locked
database is locked
database is locked
database is locked
database is locked
database is locked
database is locked
database is locked
database is locked
database is locked
database is locked
database is locked
database is locked
database is locked
database is locked
database is locked
database is locked
database is locked
database is locked
database is locked
database is locked
database is locked
database is locked
database is locked
database is locked
database is locked
database is locked
database is locked
database is locked
database is locked
database is locked
database is locked
database is locked
database is locked
database is locked
database is locked
database is locked
database is locked
database is locked
database is locked
database is locked
database is locked
database is locked
database is locked
database is locked
database is locked
database is locked
database is locked
database is locked
database is locked
database is locked
database is locked
database is locked
database is locked
database is locked
database is locked
database is locked
database is locked
database is locked
database is locked
database is locked
database is locked
database is locked
database is locked
database is locked
database is locked
database is locked
database is locked
database is locked
database is locked
database is locked
database is locked
database is locked
database is locked
database is locked
database is locked
database is locked
database is locked
database is locked
database is locked
database is locked
database is locked
database is locked
database is locked
database is locked
database is locked
database is locked
database is locked
database is locked
database is locked
database is locked
database is locked
database is locked
database is locked
database is locked
database is locked
database is locked
database is locked
database is locked
database is locked
database is locked
database is locked
database is locked
database is locked
database is locked
database is locked
database is locked
database is locked
database is locked
database is locked
database is locked
database is locked
database is locked
database is locked
database is locked
database is locked
database is locked
database is locked
database is locked
database is locked
database is locked
database is locked
database is locked
database is locked
database is locked
database is locked
database is locked
database is locked
database is locked
database is locked
database is locked
database is locked
database is locked
database is locked
database is locked
database is locked
database is locked
database is locked
database is locked
database is locked
database is locked
database is locked
database is locked
database is locked
database is locked
database is locked
database is locked
database is locked
database is locked
database is locked
database is locked
database is locked
database is locked
database is locked
database is locked
database is locked
database is locked
database is locked
database is locked
database is locked
database is locked
database is locked
database is locked
database is locked
database is locked
Refreshing native plugins compatible for Editor in 1.84 ms, found 3 plugins.
Preloading 0 native plugins for Editor in 0.00 ms.
Unloading 106 Unused Serialized files (Serialized files now loaded: 0)
Unloading 6867 unused Assets / (16.0 MB). Loaded Objects now: 7404.
Memory consumption went from 170.3 MB to 154.3 MB.
Total: 16.892200 ms (FindLiveObjects: 1.436700 ms CreateObjectMapping: 0.581300 ms MarkObjects: 3.920700 ms  DeleteObjects: 10.951000 ms)

Prepare: number of updated asset objects reloaded= 0
========================================================================
Received Prepare
Begin MonoManager ReloadAssembly
Symbol file LoadedFromMemory is not a mono symbol file
- Loaded All Assemblies, in  0.818 seconds
Refreshing native plugins compatible for Editor in 2.31 ms, found 3 plugins.
Native extension for iOS target not found
Native extension for Android target not found
Native extension for WindowsStandalone target not found
Mono: successfully reloaded assembly
- Finished resetting the current domain, in  0.804 seconds
Domain Reload Profiling: 1620ms
	BeginReloadAssembly (207ms)
		ExecutionOrderSort (0ms)
		DisableScriptedObjects (5ms)
		BackupInstance (0ms)
		ReleaseScriptingObjects (0ms)
		CreateAndSetChildDomain (44ms)
	RebuildCommonClasses (38ms)
	RebuildNativeTypeToScriptingClass (14ms)
	initialDomainReloadingComplete (33ms)
	LoadAllAssembliesAndSetupDomain (522ms)
		LoadAssemblies (422ms)
		RebuildTransferFunctionScriptingTraits (0ms)
		AnalyzeDomain (219ms)
			TypeCache.Refresh (9ms)
				TypeCache.ScanAssembly (0ms)
			BuildScriptInfoCaches (194ms)
			ResolveRequiredComponents (11ms)
	FinalizeReload (805ms)
		ReleaseScriptCaches (0ms)
		RebuildScriptCaches (0ms)
		SetupLoadedEditorAssemblies (657ms)
			LogAssemblyErrors (0ms)
			InitializePlatformSupportModulesInManaged (20ms)
			SetLoadedEditorAssemblies (4ms)
			BeforeProcessingInitializeOnLoad (133ms)
			ProcessInitializeOnLoadAttributes (414ms)
			ProcessInitializeOnLoadMethodAttributes (79ms)
			AfterProcessingInitializeOnLoad (7ms)
			EditorAssembliesLoaded (0ms)
		ExecutionOrderSort2 (0ms)
		AwakeInstancesAfterBackupRestoration (16ms)
database is locked
database is locked
database is locked
database is locked
database is locked
database is locked
database is locked
database is locked
database is locked
database is locked
database is locked
database is locked
database is locked
database is locked
database is locked
database is locked
database is locked
database is locked
database is locked
database is locked
database is locked
database is locked
database is locked
database is locked
database is locked
database is locked
database is locked
database is locked
database is locked
database is locked
database is locked
database is locked
database is locked
database is locked
database is locked
database is locked
database is locked
database is locked
database is locked
database is locked
database is locked
database is locked
database is locked
database is locked
database is locked
database is locked
database is locked
database is locked
database is locked
database is locked
database is locked
database is locked
database is locked
database is locked
database is locked
database is locked
database is locked
database is locked
database is locked
database is locked
database is locked
database is locked
database is locked
database is locked
database is locked
database is locked
database is locked
database is locked
database is locked
database is locked
database is locked
database is locked
database is locked
database is locked
database is locked
database is locked
database is locked
database is locked
database is locked
database is locked
database is locked
database is locked
database is locked
database is locked
database is locked
database is locked
database is locked
database is locked
database is locked
database is locked
database is locked
database is locked
database is locked
database is locked
database is locked
database is locked
database is locked
database is locked
database is locked
database is locked
database is locked
database is locked
database is locked
database is locked
database is locked
database is locked
database is locked
database is locked
database is locked
database is locked
database is locked
database is locked
database is locked
database is locked
database is locked
database is locked
database is locked
database is locked
database is locked
database is locked
database is locked
database is locked
database is locked
database is locked
database is locked
database is locked
database is locked
database is locked
database is locked
database is locked
database is locked
database is locked
database is locked
database is locked
database is locked
database is locked
database is locked
database is locked
database is locked
database is locked
database is locked
database is locked
database is locked
database is locked
database is locked
database is locked
database is locked
database is locked
database is locked
database is locked
database is locked
database is locked
database is locked
database is locked
database is locked
database is locked
database is locked
database is locked
database is locked
database is locked
database is locked
database is locked
database is locked
database is locked
database is locked
database is locked
database is locked
database is locked
database is locked
database is locked
database is locked
database is locked
database is locked
database is locked
database is locked
database is locked
database is locked
database is locked
database is locked
database is locked
database is locked
database is locked
database is locked
database is locked
database is locked
database is locked
database is locked
database is locked
database is locked
database is locked
database is locked
database is locked
database is locked
database is locked
database is locked
database is locked
database is locked
database is locked
database is locked
database is locked
database is locked
database is locked
database is locked
database is locked
database is locked
database is locked
database is locked
database is locked
database is locked
database is locked
database is locked
database is locked
database is locked
database is locked
database is locked
Refreshing native plugins compatible for Editor in 4.26 ms, found 3 plugins.
Preloading 0 native plugins for Editor in 0.00 ms.
Unloading 106 Unused Serialized files (Serialized files now loaded: 0)
Unloading 6867 unused Assets / (12.8 MB). Loaded Objects now: 7406.
Memory consumption went from 170.2 MB to 157.4 MB.
Total: 24.061200 ms (FindLiveObjects: 1.627200 ms CreateObjectMapping: 0.969500 ms MarkObjects: 6.968200 ms  DeleteObjects: 14.494200 ms)

Prepare: number of updated asset objects reloaded= 0
========================================================================
Received Prepare
database is locked
database is locked
database is locked
database is locked
database is locked
database is locked
database is locked
database is locked
database is locked
database is locked
database is locked
database is locked
database is locked
database is locked
database is locked
database is locked
database is locked
database is locked
database is locked
database is locked
database is locked
database is locked
database is locked
database is locked
database is locked
database is locked
database is locked
database is locked
database is locked
database is locked
database is locked
database is locked
database is locked
database is locked
database is locked
database is locked
database is locked
database is locked
database is locked
database is locked
database is locked
database is locked
database is locked
database is locked
database is locked
database is locked
database is locked
database is locked
database is locked
database is locked
database is locked
database is locked
database is locked
database is locked
database is locked
database is locked
database is locked
database is locked
database is locked
database is locked
database is locked
database is locked
database is locked
database is locked
database is locked
database is locked
database is locked
database is locked
database is locked
database is locked
database is locked
database is locked
database is locked
database is locked
database is locked
database is locked
database is locked
database is locked
database is locked
database is locked
database is locked
database is locked
database is locked
database is locked
database is locked
database is locked
database is locked
database is locked
database is locked
database is locked
database is locked
database is locked
database is locked
database is locked
database is locked
database is locked
database is locked
database is locked
database is locked
database is locked
database is locked
database is locked
database is locked
database is locked
database is locked
database is locked
database is locked
database is locked
database is locked
database is locked
database is locked
database is locked
database is locked
database is locked
database is locked
database is locked
database is locked
database is locked
database is locked
database is locked
database is locked
database is locked
database is locked
database is locked
database is locked
database is locked
database is locked
database is locked
database is locked
database is locked
database is locked
database is locked
database is locked
database is locked
database is locked
database is locked
database is locked
database is locked
database is locked
database is locked
database is locked
database is locked
database is locked
database is locked
database is locked
database is locked
database is locked
database is locked
database is locked
database is locked
database is locked
database is locked
database is locked
database is locked
database is locked
database is locked
database is locked
database is locked
database is locked
database is locked
database is locked
database is locked
database is locked
database is locked
database is locked
database is locked
database is locked
database is locked
database is locked
database is locked
database is locked
database is locked
database is locked
database is locked
database is locked
database is locked
database is locked
database is locked
database is locked
database is locked
database is locked
database is locked
database is locked
database is locked
database is locked
database is locked
database is locked
database is locked
database is locked
database is locked
database is locked
database is locked
database is locked
database is locked
database is locked
database is locked
database is locked
database is locked
database is locked
database is locked
database is locked
database is locked
database is locked
database is locked
database is locked
database is locked
database is locked
database is locked
database is locked
database is locked
database is locked
database is locked
database is locked
database is locked
database is locked
Refreshing native plugins compatible for Editor in 1.62 ms, found 3 plugins.
Preloading 0 native plugins for Editor in 0.00 ms.
Unloading 106 Unused Serialized files (Serialized files now loaded: 0)
Unloading 6854 unused Assets / (14.8 MB). Loaded Objects now: 7406.
Memory consumption went from 170.4 MB to 155.6 MB.
Total: 11.425500 ms (FindLiveObjects: 0.588300 ms CreateObjectMapping: 0.312200 ms MarkObjects: 3.898400 ms  DeleteObjects: 6.625800 ms)

Prepare: number of updated asset objects reloaded= 0
========================================================================
Received Prepare
Begin MonoManager ReloadAssembly
Symbol file LoadedFromMemory is not a mono symbol file
- Loaded All Assemblies, in  0.771 seconds
Refreshing native plugins compatible for Editor in 1.93 ms, found 3 plugins.
Native extension for iOS target not found
Native extension for Android target not found
Native extension for WindowsStandalone target not found
Mono: successfully reloaded assembly
- Finished resetting the current domain, in  0.843 seconds
Domain Reload Profiling: 1612ms
	BeginReloadAssembly (194ms)
		ExecutionOrderSort (0ms)
		DisableScriptedObjects (6ms)
		BackupInstance (0ms)
		ReleaseScriptingObjects (0ms)
		CreateAndSetChildDomain (46ms)
	RebuildCommonClasses (39ms)
	RebuildNativeTypeToScriptingClass (14ms)
	initialDomainReloadingComplete (33ms)
	LoadAllAssembliesAndSetupDomain (489ms)
		LoadAssemblies (366ms)
		RebuildTransferFunctionScriptingTraits (0ms)
		AnalyzeDomain (220ms)
			TypeCache.Refresh (12ms)
				TypeCache.ScanAssembly (3ms)
			BuildScriptInfoCaches (192ms)
			ResolveRequiredComponents (12ms)
	FinalizeReload (844ms)
		ReleaseScriptCaches (0ms)
		RebuildScriptCaches (0ms)
		SetupLoadedEditorAssemblies (695ms)
			LogAssemblyErrors (0ms)
			InitializePlatformSupportModulesInManaged (15ms)
			SetLoadedEditorAssemblies (3ms)
			BeforeProcessingInitializeOnLoad (170ms)
			ProcessInitializeOnLoadAttributes (430ms)
			ProcessInitializeOnLoadMethodAttributes (72ms)
			AfterProcessingInitializeOnLoad (5ms)
			EditorAssembliesLoaded (0ms)
		ExecutionOrderSort2 (0ms)
		AwakeInstancesAfterBackupRestoration (12ms)
database is locked
database is locked
database is locked
database is locked
database is locked
database is locked
database is locked
database is locked
database is locked
database is locked
database is locked
database is locked
database is locked
database is locked
database is locked
database is locked
database is locked
database is locked
database is locked
database is locked
database is locked
database is locked
database is locked
database is locked
database is locked
database is locked
database is locked
database is locked
database is locked
database is locked
database is locked
database is locked
database is locked
database is locked
database is locked
database is locked
database is locked
database is locked
database is locked
database is locked
database is locked
database is locked
database is locked
database is locked
database is locked
database is locked
database is locked
database is locked
database is locked
database is locked
database is locked
database is locked
database is locked
database is locked
database is locked
database is locked
database is locked
database is locked
database is locked
database is locked
database is locked
database is locked
database is locked
database is locked
database is locked
database is locked
database is locked
database is locked
database is locked
database is locked
database is locked
database is locked
database is locked
database is locked
database is locked
database is locked
database is locked
database is locked
database is locked
database is locked
database is locked
database is locked
database is locked
database is locked
database is locked
database is locked
database is locked
database is locked
database is locked
database is locked
database is locked
database is locked
database is locked
database is locked
database is locked
database is locked
database is locked
database is locked
database is locked
database is locked
database is locked
database is locked
database is locked
database is locked
database is locked
database is locked
database is locked
database is locked
database is locked
database is locked
database is locked
database is locked
database is locked
database is locked
database is locked
database is locked
database is locked
database is locked
database is locked
database is locked
database is locked
database is locked
database is locked
database is locked
database is locked
database is locked
database is locked
database is locked
database is locked
database is locked
database is locked
database is locked
database is locked
database is locked
database is locked
database is locked
database is locked
database is locked
database is locked
database is locked
database is locked
database is locked
database is locked
database is locked
database is locked
database is locked
database is locked
database is locked
database is locked
database is locked
database is locked
database is locked
database is locked
database is locked
database is locked
database is locked
database is locked
database is locked
database is locked
database is locked
database is locked
database is locked
database is locked
database is locked
database is locked
database is locked
database is locked
database is locked
database is locked
database is locked
database is locked
database is locked
database is locked
database is locked
database is locked
database is locked
database is locked
database is locked
database is locked
database is locked
database is locked
database is locked
database is locked
database is locked
database is locked
database is locked
database is locked
database is locked
database is locked
database is locked
database is locked
database is locked
database is locked
database is locked
database is locked
database is locked
database is locked
database is locked
database is locked
database is locked
database is locked
database is locked
database is locked
database is locked
database is locked
database is locked
database is locked
database is locked
database is locked
database is locked
database is locked
database is locked
database is locked
database is locked
database is locked
Refreshing native plugins compatible for Editor in 1.38 ms, found 3 plugins.
Preloading 0 native plugins for Editor in 0.00 ms.
Unloading 106 Unused Serialized files (Serialized files now loaded: 0)
Unloading 6867 unused Assets / (14.7 MB). Loaded Objects now: 7408.
Memory consumption went from 170.4 MB to 155.6 MB.
Total: 16.970600 ms (FindLiveObjects: 0.467400 ms CreateObjectMapping: 0.309500 ms MarkObjects: 4.049300 ms  DeleteObjects: 12.143300 ms)

Prepare: number of updated asset objects reloaded= 0
========================================================================
Received Prepare
Begin MonoManager ReloadAssembly
Symbol file LoadedFromMemory is not a mono symbol file
- Loaded All Assemblies, in  0.931 seconds
Refreshing native plugins compatible for Editor in 2.23 ms, found 3 plugins.
Native extension for iOS target not found
Native extension for Android target not found
Native extension for WindowsStandalone target not found
Mono: successfully reloaded assembly
- Finished resetting the current domain, in  0.995 seconds
Domain Reload Profiling: 1914ms
	BeginReloadAssembly (223ms)
		ExecutionOrderSort (0ms)
		DisableScriptedObjects (7ms)
		BackupInstance (0ms)
		ReleaseScriptingObjects (0ms)
		CreateAndSetChildDomain (46ms)
	RebuildCommonClasses (43ms)
	RebuildNativeTypeToScriptingClass (15ms)
	initialDomainReloadingComplete (37ms)
	LoadAllAssembliesAndSetupDomain (600ms)
		LoadAssemblies (517ms)
		RebuildTransferFunctionScriptingTraits (0ms)
		AnalyzeDomain (213ms)
			TypeCache.Refresh (7ms)
				TypeCache.ScanAssembly (0ms)
			BuildScriptInfoCaches (192ms)
			ResolveRequiredComponents (10ms)
	FinalizeReload (996ms)
		ReleaseScriptCaches (0ms)
		RebuildScriptCaches (0ms)
		SetupLoadedEditorAssemblies (807ms)
			LogAssemblyErrors (0ms)
			InitializePlatformSupportModulesInManaged (20ms)
			SetLoadedEditorAssemblies (4ms)
			BeforeProcessingInitializeOnLoad (116ms)
			ProcessInitializeOnLoadAttributes (568ms)
			ProcessInitializeOnLoadMethodAttributes (80ms)
			AfterProcessingInitializeOnLoad (19ms)
			EditorAssembliesLoaded (1ms)
		ExecutionOrderSort2 (0ms)
		AwakeInstancesAfterBackupRestoration (33ms)
database is locked
database is locked
database is locked
database is locked
database is locked
database is locked
database is locked
database is locked
database is locked
database is locked
database is locked
database is locked
database is locked
database is locked
database is locked
database is locked
database is locked
database is locked
database is locked
database is locked
database is locked
database is locked
database is locked
database is locked
database is locked
database is locked
database is locked
database is locked
database is locked
database is locked
database is locked
database is locked
database is locked
database is locked
database is locked
database is locked
database is locked
database is locked
database is locked
database is locked
database is locked
database is locked
database is locked
database is locked
database is locked
database is locked
database is locked
database is locked
database is locked
database is locked
database is locked
database is locked
database is locked
database is locked
database is locked
database is locked
database is locked
database is locked
database is locked
database is locked
database is locked
database is locked
database is locked
database is locked
database is locked
database is locked
database is locked
database is locked
database is locked
database is locked
database is locked
database is locked
database is locked
database is locked
database is locked
database is locked
database is locked
database is locked
database is locked
database is locked
database is locked
database is locked
database is locked
database is locked
database is locked
database is locked
database is locked
database is locked
database is locked
database is locked
database is locked
database is locked
database is locked
database is locked
database is locked
database is locked
database is locked
database is locked
database is locked
database is locked
database is locked
database is locked
database is locked
database is locked
database is locked
database is locked
database is locked
database is locked
database is locked
database is locked
database is locked
database is locked
database is locked
database is locked
database is locked
database is locked
database is locked
database is locked
database is locked
database is locked
database is locked
database is locked
database is locked
database is locked
database is locked
database is locked
database is locked
database is locked
database is locked
database is locked
database is locked
database is locked
database is locked
database is locked
database is locked
database is locked
database is locked
database is locked
database is locked
database is locked
database is locked
database is locked
database is locked
database is locked
database is locked
database is locked
database is locked
database is locked
database is locked
database is locked
database is locked
database is locked
database is locked
database is locked
database is locked
database is locked
database is locked
database is locked
database is locked
database is locked
database is locked
database is locked
database is locked
database is locked
database is locked
database is locked
database is locked
database is locked
database is locked
database is locked
database is locked
database is locked
database is locked
database is locked
database is locked
database is locked
database is locked
database is locked
database is locked
database is locked
database is locked
database is locked
database is locked
database is locked
database is locked
database is locked
database is locked
database is locked
database is locked
database is locked
database is locked
database is locked
database is locked
database is locked
database is locked
database is locked
database is locked
database is locked
database is locked
database is locked
database is locked
database is locked
database is locked
database is locked
database is locked
database is locked
database is locked
database is locked
database is locked
database is locked
database is locked
database is locked
database is locked
database is locked
database is locked
Refreshing native plugins compatible for Editor in 1.49 ms, found 3 plugins.
Preloading 0 native plugins for Editor in 0.00 ms.
Unloading 106 Unused Serialized files (Serialized files now loaded: 0)
Unloading 6867 unused Assets / (14.0 MB). Loaded Objects now: 7410.
Memory consumption went from 170.5 MB to 156.5 MB.
Total: 13.750100 ms (FindLiveObjects: 1.242500 ms CreateObjectMapping: 0.385800 ms MarkObjects: 5.813100 ms  DeleteObjects: 6.306600 ms)

Prepare: number of updated asset objects reloaded= 0
========================================================================
Received Prepare
database is locked
database is locked
database is locked
database is locked
database is locked
database is locked
database is locked
database is locked
database is locked
database is locked
database is locked
database is locked
database is locked
database is locked
database is locked
database is locked
database is locked
database is locked
database is locked
database is locked
database is locked
database is locked
database is locked
database is locked
database is locked
database is locked
database is locked
database is locked
database is locked
database is locked
database is locked
database is locked
database is locked
database is locked
database is locked
database is locked
database is locked
database is locked
database is locked
database is locked
database is locked
database is locked
database is locked
database is locked
database is locked
database is locked
database is locked
database is locked
database is locked
database is locked
database is locked
database is locked
database is locked
database is locked
database is locked
database is locked
database is locked
database is locked
database is locked
database is locked
database is locked
database is locked
database is locked
database is locked
database is locked
database is locked
database is locked
database is locked
database is locked
database is locked
database is locked
database is locked
database is locked
database is locked
database is locked
database is locked
database is locked
database is locked
database is locked
database is locked
database is locked
database is locked
database is locked
database is locked
database is locked
database is locked
database is locked
database is locked
database is locked
database is locked
database is locked
database is locked
database is locked
database is locked
database is locked
database is locked
database is locked
database is locked
database is locked
database is locked
database is locked
database is locked
database is locked
database is locked
database is locked
database is locked
database is locked
database is locked
database is locked
database is locked
database is locked
database is locked
database is locked
database is locked
database is locked
database is locked
database is locked
database is locked
database is locked
database is locked
database is locked
database is locked
database is locked
database is locked
database is locked
database is locked
database is locked
database is locked
database is locked
database is locked
database is locked
database is locked
database is locked
database is locked
database is locked
database is locked
database is locked
database is locked
database is locked
database is locked
database is locked
database is locked
database is locked
database is locked
database is locked
database is locked
database is locked
database is locked
database is locked
database is locked
database is locked
database is locked
database is locked
database is locked
database is locked
database is locked
database is locked
database is locked
database is locked
database is locked
database is locked
database is locked
database is locked
database is locked
database is locked
database is locked
database is locked
database is locked
database is locked
database is locked
database is locked
database is locked
database is locked
database is locked
database is locked
database is locked
database is locked
database is locked
database is locked
database is locked
database is locked
database is locked
database is locked
database is locked
database is locked
database is locked
database is locked
database is locked
database is locked
database is locked
database is locked
database is locked
database is locked
database is locked
database is locked
database is locked
database is locked
database is locked
database is locked
database is locked
database is locked
database is locked
database is locked
database is locked
database is locked
database is locked
database is locked
database is locked
database is locked
database is locked
database is locked
database is locked
database is locked
database is locked
database is locked
Refreshing native plugins compatible for Editor in 3.18 ms, found 3 plugins.
Preloading 0 native plugins for Editor in 0.00 ms.
Unloading 106 Unused Serialized files (Serialized files now loaded: 0)
Unloading 6854 unused Assets / (15.2 MB). Loaded Objects now: 7410.
Memory consumption went from 170.6 MB to 155.4 MB.
Total: 31.584300 ms (FindLiveObjects: 3.198500 ms CreateObjectMapping: 0.586200 ms MarkObjects: 10.788200 ms  DeleteObjects: 17.008700 ms)

Prepare: number of updated asset objects reloaded= 0
========================================================================
Received Prepare
Begin MonoManager ReloadAssembly
Symbol file LoadedFromMemory is not a mono symbol file
- Loaded All Assemblies, in  1.790 seconds
Refreshing native plugins compatible for Editor in 11.50 ms, found 3 plugins.
Native extension for iOS target not found
Native extension for Android target not found
Native extension for WindowsStandalone target not found
Mono: successfully reloaded assembly
- Finished resetting the current domain, in  1.496 seconds
Domain Reload Profiling: 3271ms
	BeginReloadAssembly (431ms)
		ExecutionOrderSort (0ms)
		DisableScriptedObjects (19ms)
		BackupInstance (0ms)
		ReleaseScriptingObjects (0ms)
		CreateAndSetChildDomain (71ms)
	RebuildCommonClasses (51ms)
	RebuildNativeTypeToScriptingClass (18ms)
	initialDomainReloadingComplete (107ms)
	LoadAllAssembliesAndSetupDomain (1167ms)
		LoadAssemblies (957ms)
		RebuildTransferFunctionScriptingTraits (0ms)
		AnalyzeDomain (469ms)
			TypeCache.Refresh (26ms)
				TypeCache.ScanAssembly (4ms)
			BuildScriptInfoCaches (414ms)
			ResolveRequiredComponents (21ms)
	FinalizeReload (1497ms)
		ReleaseScriptCaches (0ms)
		RebuildScriptCaches (0ms)
		SetupLoadedEditorAssemblies (1189ms)
			LogAssemblyErrors (0ms)
			InitializePlatformSupportModulesInManaged (53ms)
			SetLoadedEditorAssemblies (9ms)
			BeforeProcessingInitializeOnLoad (244ms)
			ProcessInitializeOnLoadAttributes (730ms)
			ProcessInitializeOnLoadMethodAttributes (141ms)
			AfterProcessingInitializeOnLoad (11ms)
			EditorAssembliesLoaded (0ms)
		ExecutionOrderSort2 (0ms)
		AwakeInstancesAfterBackupRestoration (17ms)
database is locked
database is locked
database is locked
database is locked
database is locked
database is locked
database is locked
database is locked
database is locked
database is locked
database is locked
database is locked
database is locked
database is locked
database is locked
database is locked
database is locked
database is locked
database is locked
database is locked
database is locked
database is locked
database is locked
database is locked
database is locked
database is locked
database is locked
database is locked
database is locked
database is locked
database is locked
database is locked
database is locked
database is locked
database is locked
database is locked
database is locked
database is locked
database is locked
database is locked
database is locked
database is locked
database is locked
database is locked
database is locked
database is locked
database is locked
database is locked
database is locked
database is locked
database is locked
database is locked
database is locked
database is locked
database is locked
database is locked
database is locked
database is locked
database is locked
database is locked
database is locked
database is locked
database is locked
database is locked
database is locked
database is locked
database is locked
database is locked
database is locked
database is locked
database is locked
database is locked
database is locked
database is locked
database is locked
database is locked
database is locked
database is locked
database is locked
database is locked
database is locked
database is locked
database is locked
database is locked
database is locked
database is locked
database is locked
database is locked
database is locked
database is locked
database is locked
database is locked
database is locked
database is locked
database is locked
database is locked
database is locked
database is locked
database is locked
database is locked
database is locked
database is locked
database is locked
database is locked
database is locked
database is locked
database is locked
database is locked
database is locked
database is locked
database is locked
database is locked
database is locked
database is locked
database is locked
database is locked
database is locked
database is locked
database is locked
database is locked
database is locked
database is locked
database is locked
database is locked
database is locked
database is locked
database is locked
database is locked
database is locked
database is locked
database is locked
database is locked
database is locked
database is locked
database is locked
database is locked
database is locked
database is locked
database is locked
database is locked
database is locked
database is locked
database is locked
database is locked
database is locked
database is locked
database is locked
database is locked
database is locked
database is locked
database is locked
database is locked
database is locked
database is locked
database is locked
database is locked
database is locked
database is locked
database is locked
database is locked
database is locked
database is locked
database is locked
database is locked
database is locked
database is locked
database is locked
database is locked
database is locked
database is locked
database is locked
database is locked
database is locked
database is locked
database is locked
database is locked
database is locked
database is locked
database is locked
database is locked
database is locked
database is locked
database is locked
database is locked
database is locked
database is locked
database is locked
database is locked
database is locked
database is locked
database is locked
database is locked
database is locked
database is locked
database is locked
database is locked
database is locked
database is locked
database is locked
database is locked
database is locked
database is locked
database is locked
database is locked
database is locked
database is locked
database is locked
database is locked
database is locked
database is locked
database is locked
database is locked
database is locked
database is locked
database is locked
Refreshing native plugins compatible for Editor in 2.49 ms, found 3 plugins.
Preloading 0 native plugins for Editor in 0.00 ms.
Unloading 106 Unused Serialized files (Serialized files now loaded: 0)
Unloading 6867 unused Assets / (14.9 MB). Loaded Objects now: 7412.
Memory consumption went from 170.5 MB to 155.6 MB.
Total: 17.286300 ms (FindLiveObjects: 0.803400 ms CreateObjectMapping: 0.573000 ms MarkObjects: 6.635800 ms  DeleteObjects: 9.272600 ms)

Prepare: number of updated asset objects reloaded= 0
========================================================================
Received Prepare
Begin MonoManager ReloadAssembly
Symbol file LoadedFromMemory is not a mono symbol file
- Loaded All Assemblies, in  0.835 seconds
Refreshing native plugins compatible for Editor in 2.18 ms, found 3 plugins.
Native extension for iOS target not found
Native extension for Android target not found
Native extension for WindowsStandalone target not found
Mono: successfully reloaded assembly
- Finished resetting the current domain, in  0.993 seconds
Domain Reload Profiling: 1825ms
	BeginReloadAssembly (210ms)
		ExecutionOrderSort (0ms)
		DisableScriptedObjects (6ms)
		BackupInstance (0ms)
		ReleaseScriptingObjects (0ms)
		CreateAndSetChildDomain (46ms)
	RebuildCommonClasses (37ms)
	RebuildNativeTypeToScriptingClass (13ms)
	initialDomainReloadingComplete (34ms)
	LoadAllAssembliesAndSetupDomain (538ms)
		LoadAssemblies (444ms)
		RebuildTransferFunctionScriptingTraits (0ms)
		AnalyzeDomain (209ms)
			TypeCache.Refresh (8ms)
				TypeCache.ScanAssembly (0ms)
			BuildScriptInfoCaches (187ms)
			ResolveRequiredComponents (10ms)
	FinalizeReload (993ms)
		ReleaseScriptCaches (0ms)
		RebuildScriptCaches (0ms)
		SetupLoadedEditorAssemblies (819ms)
			LogAssemblyErrors (0ms)
			InitializePlatformSupportModulesInManaged (21ms)
			SetLoadedEditorAssemblies (4ms)
			BeforeProcessingInitializeOnLoad (180ms)
			ProcessInitializeOnLoadAttributes (514ms)
			ProcessInitializeOnLoadMethodAttributes (93ms)
			AfterProcessingInitializeOnLoad (7ms)
			EditorAssembliesLoaded (0ms)
		ExecutionOrderSort2 (0ms)
		AwakeInstancesAfterBackupRestoration (14ms)
database is locked
database is locked
database is locked
database is locked
database is locked
database is locked
database is locked
database is locked
database is locked
database is locked
database is locked
database is locked
database is locked
database is locked
database is locked
database is locked
database is locked
database is locked
database is locked
database is locked
database is locked
database is locked
database is locked
database is locked
database is locked
database is locked
database is locked
database is locked
database is locked
database is locked
database is locked
database is locked
database is locked
database is locked
database is locked
database is locked
database is locked
database is locked
database is locked
database is locked
database is locked
database is locked
database is locked
database is locked
database is locked
database is locked
database is locked
database is locked
database is locked
database is locked
database is locked
database is locked
database is locked
database is locked
database is locked
database is locked
database is locked
database is locked
database is locked
database is locked
database is locked
database is locked
database is locked
database is locked
database is locked
database is locked
database is locked
database is locked
database is locked
database is locked
database is locked
database is locked
database is locked
database is locked
database is locked
database is locked
database is locked
database is locked
database is locked
database is locked
database is locked
database is locked
database is locked
database is locked
database is locked
database is locked
database is locked
database is locked
database is locked
database is locked
database is locked
database is locked
database is locked
database is locked
database is locked
database is locked
database is locked
database is locked
database is locked
database is locked
database is locked
database is locked
database is locked
database is locked
database is locked
database is locked
database is locked
database is locked
database is locked
database is locked
database is locked
database is locked
database is locked
database is locked
database is locked
database is locked
database is locked
database is locked
database is locked
database is locked
database is locked
database is locked
database is locked
database is locked
database is locked
database is locked
database is locked
database is locked
database is locked
database is locked
database is locked
database is locked
database is locked
database is locked
database is locked
database is locked
database is locked
database is locked
database is locked
database is locked
database is locked
database is locked
database is locked
database is locked
database is locked
database is locked
database is locked
database is locked
database is locked
database is locked
database is locked
database is locked
database is locked
database is locked
database is locked
database is locked
database is locked
database is locked
database is locked
database is locked
database is locked
database is locked
database is locked
database is locked
database is locked
database is locked
database is locked
database is locked
database is locked
database is locked
database is locked
database is locked
database is locked
database is locked
database is locked
database is locked
database is locked
database is locked
database is locked
database is locked
database is locked
database is locked
database is locked
database is locked
database is locked
database is locked
database is locked
database is locked
database is locked
database is locked
database is locked
database is locked
database is locked
database is locked
database is locked
database is locked
database is locked
database is locked
database is locked
database is locked
database is locked
database is locked
database is locked
database is locked
database is locked
database is locked
database is locked
database is locked
database is locked
database is locked
database is locked
database is locked
database is locked
database is locked
database is locked
Refreshing native plugins compatible for Editor in 6.43 ms, found 3 plugins.
Preloading 0 native plugins for Editor in 0.00 ms.
Unloading 106 Unused Serialized files (Serialized files now loaded: 0)
Unloading 6867 unused Assets / (15.9 MB). Loaded Objects now: 7414.
Memory consumption went from 170.5 MB to 154.6 MB.
Total: 28.953200 ms (FindLiveObjects: 1.578900 ms CreateObjectMapping: 0.802500 ms MarkObjects: 9.686800 ms  DeleteObjects: 16.882900 ms)

Prepare: number of updated asset objects reloaded= 0
========================================================================
Received Prepare
Begin MonoManager ReloadAssembly
Symbol file LoadedFromMemory is not a mono symbol file
- Loaded All Assemblies, in  2.226 seconds
Refreshing native plugins compatible for Editor in 2.57 ms, found 3 plugins.
Native extension for iOS target not found
Native extension for Android target not found
Native extension for WindowsStandalone target not found
Mono: successfully reloaded assembly
- Finished resetting the current domain, in  1.920 seconds
Domain Reload Profiling: 4131ms
	BeginReloadAssembly (599ms)
		ExecutionOrderSort (0ms)
		DisableScriptedObjects (17ms)
		BackupInstance (0ms)
		ReleaseScriptingObjects (1ms)
		CreateAndSetChildDomain (160ms)
	RebuildCommonClasses (109ms)
	RebuildNativeTypeToScriptingClass (31ms)
	initialDomainReloadingComplete (104ms)
	LoadAllAssembliesAndSetupDomain (1367ms)
		LoadAssemblies (1164ms)
		RebuildTransferFunctionScriptingTraits (0ms)
		AnalyzeDomain (493ms)
			TypeCache.Refresh (15ms)
				TypeCache.ScanAssembly (0ms)
			BuildScriptInfoCaches (450ms)
			ResolveRequiredComponents (21ms)
	FinalizeReload (1921ms)
		ReleaseScriptCaches (0ms)
		RebuildScriptCaches (0ms)
		SetupLoadedEditorAssemblies (1592ms)
			LogAssemblyErrors (0ms)
			InitializePlatformSupportModulesInManaged (56ms)
			SetLoadedEditorAssemblies (8ms)
			BeforeProcessingInitializeOnLoad (290ms)
			ProcessInitializeOnLoadAttributes (1051ms)
			ProcessInitializeOnLoadMethodAttributes (154ms)
			AfterProcessingInitializeOnLoad (31ms)
			EditorAssembliesLoaded (1ms)
		ExecutionOrderSort2 (0ms)
		AwakeInstancesAfterBackupRestoration (40ms)
database is locked
database is locked
database is locked
database is locked
database is locked
database is locked
database is locked
database is locked
database is locked
database is locked
database is locked
database is locked
database is locked
database is locked
database is locked
database is locked
database is locked
database is locked
database is locked
database is locked
database is locked
database is locked
database is locked
database is locked
database is locked
database is locked
database is locked
database is locked
database is locked
database is locked
database is locked
database is locked
database is locked
database is locked
database is locked
database is locked
database is locked
database is locked
database is locked
database is locked
database is locked
database is locked
database is locked
database is locked
database is locked
database is locked
database is locked
database is locked
database is locked
database is locked
database is locked
database is locked
database is locked
database is locked
database is locked
database is locked
database is locked
database is locked
database is locked
database is locked
database is locked
database is locked
database is locked
database is locked
database is locked
database is locked
database is locked
database is locked
database is locked
database is locked
database is locked
database is locked
database is locked
database is locked
database is locked
database is locked
database is locked
database is locked
database is locked
database is locked
database is locked
database is locked
database is locked
database is locked
database is locked
database is locked
database is locked
database is locked
database is locked
database is locked
database is locked
database is locked
database is locked
database is locked
database is locked
database is locked
database is locked
database is locked
database is locked
database is locked
database is locked
database is locked
database is locked
database is locked
database is locked
database is locked
database is locked
database is locked
database is locked
database is locked
database is locked
database is locked
database is locked
database is locked
database is locked
database is locked
database is locked
database is locked
database is locked
database is locked
database is locked
database is locked
database is locked
database is locked
database is locked
database is locked
database is locked
database is locked
database is locked
database is locked
database is locked
database is locked
database is locked
database is locked
database is locked
database is locked
database is locked
database is locked
database is locked
database is locked
database is locked
database is locked
database is locked
database is locked
database is locked
database is locked
database is locked
database is locked
database is locked
database is locked
database is locked
database is locked
database is locked
database is locked
database is locked
database is locked
database is locked
database is locked
database is locked
database is locked
database is locked
database is locked
database is locked
database is locked
database is locked
database is locked
database is locked
database is locked
database is locked
database is locked
database is locked
database is locked
database is locked
database is locked
database is locked
database is locked
database is locked
database is locked
database is locked
database is locked
database is locked
database is locked
database is locked
database is locked
database is locked
database is locked
database is locked
database is locked
database is locked
database is locked
database is locked
database is locked
database is locked
database is locked
database is locked
database is locked
database is locked
database is locked
database is locked
database is locked
database is locked
database is locked
database is locked
database is locked
database is locked
database is locked
database is locked
database is locked
database is locked
database is locked
database is locked
database is locked
database is locked
database is locked
database is locked
Refreshing native plugins compatible for Editor in 1.38 ms, found 3 plugins.
Preloading 0 native plugins for Editor in 0.00 ms.
Unloading 106 Unused Serialized files (Serialized files now loaded: 0)
Unloading 6867 unused Assets / (14.7 MB). Loaded Objects now: 7416.
Memory consumption went from 170.6 MB to 155.8 MB.
Total: 11.636900 ms (FindLiveObjects: 0.809400 ms CreateObjectMapping: 0.326700 ms MarkObjects: 4.250500 ms  DeleteObjects: 6.248700 ms)

Prepare: number of updated asset objects reloaded= 0
========================================================================
Received Prepare
Begin MonoManager ReloadAssembly
Symbol file LoadedFromMemory is not a mono symbol file
- Loaded All Assemblies, in  0.879 seconds
Refreshing native plugins compatible for Editor in 3.62 ms, found 3 plugins.
Native extension for iOS target not found
Native extension for Android target not found
Native extension for WindowsStandalone target not found
Mono: successfully reloaded assembly
- Finished resetting the current domain, in  0.850 seconds
Domain Reload Profiling: 1727ms
	BeginReloadAssembly (219ms)
		ExecutionOrderSort (0ms)
		DisableScriptedObjects (7ms)
		BackupInstance (0ms)
		ReleaseScriptingObjects (0ms)
		CreateAndSetChildDomain (50ms)
	RebuildCommonClasses (41ms)
	RebuildNativeTypeToScriptingClass (16ms)
	initialDomainReloadingComplete (37ms)
	LoadAllAssembliesAndSetupDomain (564ms)
		LoadAssemblies (456ms)
		RebuildTransferFunctionScriptingTraits (0ms)
		AnalyzeDomain (227ms)
			TypeCache.Refresh (9ms)
				TypeCache.ScanAssembly (0ms)
			BuildScriptInfoCaches (202ms)
			ResolveRequiredComponents (11ms)
	FinalizeReload (850ms)
		ReleaseScriptCaches (0ms)
		RebuildScriptCaches (0ms)
		SetupLoadedEditorAssemblies (696ms)
			LogAssemblyErrors (0ms)
			InitializePlatformSupportModulesInManaged (19ms)
			SetLoadedEditorAssemblies (4ms)
			BeforeProcessingInitializeOnLoad (160ms)
			ProcessInitializeOnLoadAttributes (424ms)
			ProcessInitializeOnLoadMethodAttributes (84ms)
			AfterProcessingInitializeOnLoad (6ms)
			EditorAssembliesLoaded (0ms)
		ExecutionOrderSort2 (0ms)
		AwakeInstancesAfterBackupRestoration (13ms)
database is locked
database is locked
database is locked
database is locked
database is locked
database is locked
database is locked
database is locked
database is locked
database is locked
database is locked
database is locked
database is locked
database is locked
database is locked
database is locked
database is locked
database is locked
database is locked
database is locked
database is locked
database is locked
database is locked
database is locked
database is locked
database is locked
database is locked
database is locked
database is locked
database is locked
database is locked
database is locked
database is locked
database is locked
database is locked
database is locked
database is locked
database is locked
database is locked
database is locked
database is locked
database is locked
database is locked
database is locked
database is locked
database is locked
database is locked
database is locked
database is locked
database is locked
database is locked
database is locked
database is locked
database is locked
database is locked
database is locked
database is locked
database is locked
database is locked
database is locked
database is locked
database is locked
database is locked
database is locked
database is locked
database is locked
database is locked
database is locked
database is locked
database is locked
database is locked
database is locked
database is locked
database is locked
database is locked
database is locked
database is locked
database is locked
database is locked
database is locked
database is locked
database is locked
database is locked
database is locked
database is locked
database is locked
database is locked
database is locked
database is locked
database is locked
database is locked
database is locked
database is locked
database is locked
database is locked
database is locked
database is locked
database is locked
database is locked
database is locked
database is locked
database is locked
database is locked
database is locked
database is locked
database is locked
database is locked
database is locked
database is locked
database is locked
database is locked
database is locked
database is locked
database is locked
database is locked
database is locked
database is locked
database is locked
database is locked
database is locked
database is locked
database is locked
database is locked
database is locked
database is locked
database is locked
database is locked
database is locked
database is locked
database is locked
database is locked
database is locked
database is locked
database is locked
database is locked
database is locked
database is locked
database is locked
database is locked
database is locked
database is locked
database is locked
database is locked
database is locked
database is locked
database is locked
database is locked
database is locked
database is locked
database is locked
database is locked
database is locked
database is locked
database is locked
database is locked
database is locked
database is locked
database is locked
database is locked
database is locked
database is locked
database is locked
database is locked
database is locked
database is locked
database is locked
database is locked
database is locked
database is locked
database is locked
database is locked
database is locked
database is locked
database is locked
database is locked
database is locked
database is locked
database is locked
database is locked
database is locked
database is locked
database is locked
database is locked
database is locked
database is locked
database is locked
database is locked
database is locked
database is locked
database is locked
database is locked
database is locked
database is locked
database is locked
database is locked
database is locked
database is locked
database is locked
database is locked
database is locked
database is locked
database is locked
database is locked
database is locked
database is locked
database is locked
database is locked
database is locked
database is locked
database is locked
database is locked
database is locked
database is locked
database is locked
database is locked
Refreshing native plugins compatible for Editor in 6.84 ms, found 3 plugins.
Preloading 0 native plugins for Editor in 0.00 ms.
Unloading 106 Unused Serialized files (Serialized files now loaded: 0)
Unloading 6867 unused Assets / (15.0 MB). Loaded Objects now: 7418.
Memory consumption went from 170.6 MB to 155.7 MB.
Total: 25.424100 ms (FindLiveObjects: 2.417600 ms CreateObjectMapping: 0.609800 ms MarkObjects: 9.068800 ms  DeleteObjects: 13.324600 ms)

Prepare: number of updated asset objects reloaded= 0
========================================================================
Received Prepare
Begin MonoManager ReloadAssembly
Symbol file LoadedFromMemory is not a mono symbol file
- Loaded All Assemblies, in  0.868 seconds
Refreshing native plugins compatible for Editor in 1.97 ms, found 3 plugins.
Native extension for iOS target not found
Native extension for Android target not found
Native extension for WindowsStandalone target not found
Mono: successfully reloaded assembly
- Finished resetting the current domain, in  0.854 seconds
Domain Reload Profiling: 1719ms
	BeginReloadAssembly (227ms)
		ExecutionOrderSort (0ms)
		DisableScriptedObjects (7ms)
		BackupInstance (0ms)
		ReleaseScriptingObjects (0ms)
		CreateAndSetChildDomain (49ms)
	RebuildCommonClasses (41ms)
	RebuildNativeTypeToScriptingClass (14ms)
	initialDomainReloadingComplete (34ms)
	LoadAllAssembliesAndSetupDomain (547ms)
		LoadAssemblies (461ms)
		RebuildTransferFunctionScriptingTraits (0ms)
		AnalyzeDomain (212ms)
			TypeCache.Refresh (8ms)
				TypeCache.ScanAssembly (0ms)
			BuildScriptInfoCaches (191ms)
			ResolveRequiredComponents (9ms)
	FinalizeReload (855ms)
		ReleaseScriptCaches (0ms)
		RebuildScriptCaches (0ms)
		SetupLoadedEditorAssemblies (687ms)
			LogAssemblyErrors (0ms)
			InitializePlatformSupportModulesInManaged (21ms)
			SetLoadedEditorAssemblies (4ms)
			BeforeProcessingInitializeOnLoad (145ms)
			ProcessInitializeOnLoadAttributes (424ms)
			ProcessInitializeOnLoadMethodAttributes (86ms)
			AfterProcessingInitializeOnLoad (7ms)
			EditorAssembliesLoaded (0ms)
		ExecutionOrderSort2 (0ms)
		AwakeInstancesAfterBackupRestoration (15ms)
database is locked
database is locked
database is locked
database is locked
database is locked
database is locked
database is locked
database is locked
database is locked
database is locked
database is locked
database is locked
database is locked
database is locked
database is locked
database is locked
database is locked
database is locked
database is locked
database is locked
database is locked
database is locked
database is locked
database is locked
database is locked
database is locked
database is locked
database is locked
database is locked
database is locked
database is locked
database is locked
database is locked
database is locked
database is locked
database is locked
database is locked
database is locked
database is locked
database is locked
database is locked
database is locked
database is locked
database is locked
database is locked
database is locked
database is locked
database is locked
database is locked
database is locked
database is locked
database is locked
database is locked
database is locked
database is locked
database is locked
database is locked
database is locked
database is locked
database is locked
database is locked
database is locked
database is locked
database is locked
database is locked
database is locked
database is locked
database is locked
database is locked
database is locked
database is locked
database is locked
database is locked
database is locked
database is locked
database is locked
database is locked
database is locked
database is locked
database is locked
database is locked
database is locked
database is locked
database is locked
database is locked
database is locked
database is locked
database is locked
database is locked
database is locked
database is locked
database is locked
database is locked
database is locked
database is locked
database is locked
database is locked
database is locked
database is locked
database is locked
database is locked
database is locked
database is locked
database is locked
database is locked
database is locked
database is locked
database is locked
database is locked
database is locked
database is locked
database is locked
database is locked
database is locked
database is locked
database is locked
database is locked
database is locked
database is locked
database is locked
database is locked
database is locked
database is locked
database is locked
database is locked
database is locked
database is locked
database is locked
database is locked
database is locked
database is locked
database is locked
database is locked
database is locked
database is locked
database is locked
database is locked
database is locked
database is locked
database is locked
database is locked
database is locked
database is locked
database is locked
database is locked
database is locked
database is locked
database is locked
database is locked
database is locked
database is locked
database is locked
database is locked
database is locked
database is locked
database is locked
database is locked
database is locked
database is locked
database is locked
database is locked
database is locked
database is locked
database is locked
database is locked
database is locked
database is locked
database is locked
database is locked
database is locked
database is locked
database is locked
database is locked
database is locked
database is locked
database is locked
database is locked
database is locked
database is locked
database is locked
database is locked
database is locked
database is locked
database is locked
database is locked
database is locked
database is locked
database is locked
database is locked
database is locked
database is locked
database is locked
database is locked
database is locked
database is locked
database is locked
database is locked
database is locked
database is locked
database is locked
database is locked
database is locked
database is locked
database is locked
database is locked
database is locked
database is locked
database is locked
database is locked
database is locked
database is locked
database is locked
database is locked
database is locked
database is locked
Refreshing native plugins compatible for Editor in 1.91 ms, found 3 plugins.
Preloading 0 native plugins for Editor in 0.00 ms.
Unloading 106 Unused Serialized files (Serialized files now loaded: 0)
Unloading 6867 unused Assets / (15.1 MB). Loaded Objects now: 7420.
Memory consumption went from 170.7 MB to 155.6 MB.
Total: 13.162800 ms (FindLiveObjects: 1.072800 ms CreateObjectMapping: 0.381300 ms MarkObjects: 5.172800 ms  DeleteObjects: 6.534300 ms)

Prepare: number of updated asset objects reloaded= 0
========================================================================
Received Prepare
Begin MonoManager ReloadAssembly
Symbol file LoadedFromMemory is not a mono symbol file
- Loaded All Assemblies, in  0.897 seconds
Refreshing native plugins compatible for Editor in 2.31 ms, found 3 plugins.
Native extension for iOS target not found
Native extension for Android target not found
Native extension for WindowsStandalone target not found
Mono: successfully reloaded assembly
- Finished resetting the current domain, in  0.817 seconds
Domain Reload Profiling: 1713ms
	BeginReloadAssembly (216ms)
		ExecutionOrderSort (0ms)
		DisableScriptedObjects (5ms)
		BackupInstance (0ms)
		ReleaseScriptingObjects (0ms)
		CreateAndSetChildDomain (49ms)
	RebuildCommonClasses (44ms)
	RebuildNativeTypeToScriptingClass (14ms)
	initialDomainReloadingComplete (35ms)
	LoadAllAssembliesAndSetupDomain (586ms)
		LoadAssemblies (479ms)
		RebuildTransferFunctionScriptingTraits (0ms)
		AnalyzeDomain (226ms)
			TypeCache.Refresh (8ms)
				TypeCache.ScanAssembly (0ms)
			BuildScriptInfoCaches (202ms)
			ResolveRequiredComponents (12ms)
	FinalizeReload (817ms)
		ReleaseScriptCaches (0ms)
		RebuildScriptCaches (0ms)
		SetupLoadedEditorAssemblies (664ms)
			LogAssemblyErrors (0ms)
			InitializePlatformSupportModulesInManaged (18ms)
			SetLoadedEditorAssemblies (4ms)
			BeforeProcessingInitializeOnLoad (153ms)
			ProcessInitializeOnLoadAttributes (401ms)
			ProcessInitializeOnLoadMethodAttributes (83ms)
			AfterProcessingInitializeOnLoad (6ms)
			EditorAssembliesLoaded (0ms)
		ExecutionOrderSort2 (0ms)
		AwakeInstancesAfterBackupRestoration (13ms)
database is locked
database is locked
database is locked
database is locked
database is locked
database is locked
database is locked
database is locked
database is locked
database is locked
database is locked
database is locked
database is locked
database is locked
database is locked
database is locked
database is locked
database is locked
database is locked
database is locked
database is locked
database is locked
database is locked
database is locked
database is locked
database is locked
database is locked
database is locked
database is locked
database is locked
database is locked
database is locked
database is locked
database is locked
database is locked
database is locked
database is locked
database is locked
database is locked
database is locked
database is locked
database is locked
database is locked
database is locked
database is locked
database is locked
database is locked
database is locked
database is locked
database is locked
database is locked
database is locked
database is locked
database is locked
database is locked
database is locked
database is locked
database is locked
database is locked
database is locked
database is locked
database is locked
database is locked
database is locked
database is locked
database is locked
database is locked
database is locked
database is locked
database is locked
database is locked
database is locked
database is locked
database is locked
database is locked
database is locked
database is locked
database is locked
database is locked
database is locked
database is locked
database is locked
database is locked
database is locked
database is locked
database is locked
database is locked
database is locked
database is locked
database is locked
database is locked
database is locked
database is locked
database is locked
database is locked
database is locked
database is locked
database is locked
database is locked
database is locked
database is locked
database is locked
database is locked
database is locked
database is locked
database is locked
database is locked
database is locked
database is locked
database is locked
database is locked
database is locked
database is locked
database is locked
database is locked
database is locked
database is locked
database is locked
database is locked
database is locked
database is locked
database is locked
database is locked
database is locked
database is locked
database is locked
database is locked
database is locked
database is locked
database is locked
database is locked
database is locked
database is locked
database is locked
database is locked
database is locked
database is locked
database is locked
database is locked
database is locked
database is locked
database is locked
database is locked
database is locked
database is locked
database is locked
database is locked
database is locked
database is locked
database is locked
database is locked
database is locked
database is locked
database is locked
database is locked
database is locked
database is locked
database is locked
database is locked
database is locked
database is locked
database is locked
database is locked
database is locked
database is locked
database is locked
database is locked
database is locked
database is locked
database is locked
database is locked
database is locked
database is locked
database is locked
database is locked
database is locked
database is locked
database is locked
database is locked
database is locked
database is locked
database is locked
database is locked
database is locked
database is locked
database is locked
database is locked
database is locked
database is locked
database is locked
database is locked
database is locked
database is locked
database is locked
database is locked
database is locked
database is locked
database is locked
database is locked
database is locked
database is locked
database is locked
database is locked
database is locked
database is locked
database is locked
database is locked
database is locked
database is locked
database is locked
database is locked
database is locked
database is locked
database is locked
database is locked
Refreshing native plugins compatible for Editor in 4.90 ms, found 3 plugins.
Preloading 0 native plugins for Editor in 0.00 ms.
Unloading 106 Unused Serialized files (Serialized files now loaded: 0)
Unloading 6867 unused Assets / (15.6 MB). Loaded Objects now: 7422.
Memory consumption went from 170.7 MB to 155.1 MB.
Total: 32.606600 ms (FindLiveObjects: 2.410700 ms CreateObjectMapping: 0.924900 ms MarkObjects: 12.367600 ms  DeleteObjects: 16.899800 ms)

Prepare: number of updated asset objects reloaded= 0
========================================================================
Received Prepare
Begin MonoManager ReloadAssembly
Symbol file LoadedFromMemory is not a mono symbol file
- Loaded All Assemblies, in  0.956 seconds
Refreshing native plugins compatible for Editor in 1.73 ms, found 3 plugins.
Native extension for iOS target not found
Native extension for Android target not found
Native extension for WindowsStandalone target not found
Mono: successfully reloaded assembly
- Finished resetting the current domain, in  1.069 seconds
Domain Reload Profiling: 2024ms
	BeginReloadAssembly (247ms)
		ExecutionOrderSort (0ms)
		DisableScriptedObjects (7ms)
		BackupInstance (0ms)
		ReleaseScriptingObjects (0ms)
		CreateAndSetChildDomain (71ms)
	RebuildCommonClasses (40ms)
	RebuildNativeTypeToScriptingClass (13ms)
	initialDomainReloadingComplete (32ms)
	LoadAllAssembliesAndSetupDomain (622ms)
		LoadAssemblies (499ms)
		RebuildTransferFunctionScriptingTraits (0ms)
		AnalyzeDomain (245ms)
			TypeCache.Refresh (10ms)
				TypeCache.ScanAssembly (0ms)
			BuildScriptInfoCaches (221ms)
			ResolveRequiredComponents (10ms)
	FinalizeReload (1070ms)
		ReleaseScriptCaches (0ms)
		RebuildScriptCaches (0ms)
		SetupLoadedEditorAssemblies (917ms)
			LogAssemblyErrors (0ms)
			InitializePlatformSupportModulesInManaged (18ms)
			SetLoadedEditorAssemblies (4ms)
			BeforeProcessingInitializeOnLoad (111ms)
			ProcessInitializeOnLoadAttributes (692ms)
			ProcessInitializeOnLoadMethodAttributes (87ms)
			AfterProcessingInitializeOnLoad (6ms)
			EditorAssembliesLoaded (0ms)
		ExecutionOrderSort2 (0ms)
		AwakeInstancesAfterBackupRestoration (13ms)
database is locked
database is locked
database is locked
database is locked
database is locked
database is locked
database is locked
database is locked
database is locked
database is locked
database is locked
database is locked
database is locked
database is locked
database is locked
database is locked
database is locked
database is locked
database is locked
database is locked
database is locked
database is locked
database is locked
database is locked
database is locked
database is locked
database is locked
database is locked
database is locked
database is locked
database is locked
database is locked
database is locked
database is locked
database is locked
database is locked
database is locked
database is locked
database is locked
database is locked
database is locked
database is locked
database is locked
database is locked
database is locked
database is locked
database is locked
database is locked
database is locked
database is locked
database is locked
database is locked
database is locked
database is locked
database is locked
database is locked
database is locked
database is locked
database is locked
database is locked
database is locked
database is locked
database is locked
database is locked
database is locked
database is locked
database is locked
database is locked
database is locked
database is locked
database is locked
database is locked
database is locked
database is locked
database is locked
database is locked
database is locked
database is locked
database is locked
database is locked
database is locked
database is locked
database is locked
database is locked
database is locked
database is locked
database is locked
database is locked
database is locked
database is locked
database is locked
database is locked
database is locked
database is locked
database is locked
database is locked
database is locked
database is locked
database is locked
database is locked
database is locked
database is locked
database is locked
database is locked
database is locked
database is locked
database is locked
database is locked
database is locked
database is locked
database is locked
database is locked
database is locked
database is locked
database is locked
database is locked
database is locked
database is locked
database is locked
database is locked
database is locked
database is locked
database is locked
database is locked
database is locked
database is locked
database is locked
database is locked
database is locked
database is locked
database is locked
database is locked
database is locked
database is locked
database is locked
database is locked
database is locked
database is locked
database is locked
database is locked
database is locked
database is locked
database is locked
database is locked
database is locked
database is locked
database is locked
database is locked
database is locked
database is locked
database is locked
database is locked
database is locked
database is locked
database is locked
database is locked
database is locked
database is locked
database is locked
database is locked
database is locked
database is locked
database is locked
database is locked
database is locked
database is locked
database is locked
database is locked
database is locked
database is locked
database is locked
database is locked
database is locked
database is locked
database is locked
database is locked
database is locked
database is locked
database is locked
database is locked
database is locked
database is locked
database is locked
database is locked
database is locked
database is locked
database is locked
database is locked
database is locked
database is locked
database is locked
database is locked
database is locked
database is locked
database is locked
database is locked
database is locked
database is locked
database is locked
database is locked
database is locked
database is locked
database is locked
database is locked
database is locked
database is locked
database is locked
database is locked
database is locked
database is locked
database is locked
database is locked
database is locked
database is locked
database is locked
Refreshing native plugins compatible for Editor in 3.58 ms, found 3 plugins.
Preloading 0 native plugins for Editor in 0.00 ms.
Unloading 106 Unused Serialized files (Serialized files now loaded: 0)
Unloading 6867 unused Assets / (13.4 MB). Loaded Objects now: 7424.
Memory consumption went from 170.8 MB to 157.3 MB.
Total: 22.915800 ms (FindLiveObjects: 1.652900 ms CreateObjectMapping: 0.522100 ms MarkObjects: 8.947200 ms  DeleteObjects: 11.790000 ms)

Prepare: number of updated asset objects reloaded= 0
========================================================================
Received Prepare
Begin MonoManager ReloadAssembly
Symbol file LoadedFromMemory is not a mono symbol file
- Loaded All Assemblies, in  0.900 seconds
Refreshing native plugins compatible for Editor in 2.00 ms, found 3 plugins.
Native extension for iOS target not found
Native extension for Android target not found
Native extension for WindowsStandalone target not found
Mono: successfully reloaded assembly
- Finished resetting the current domain, in  0.775 seconds
Domain Reload Profiling: 1674ms
	BeginReloadAssembly (222ms)
		ExecutionOrderSort (0ms)
		DisableScriptedObjects (5ms)
		BackupInstance (0ms)
		ReleaseScriptingObjects (0ms)
		CreateAndSetChildDomain (56ms)
	RebuildCommonClasses (42ms)
	RebuildNativeTypeToScriptingClass (14ms)
	initialDomainReloadingComplete (36ms)
	LoadAllAssembliesAndSetupDomain (584ms)
		LoadAssemblies (474ms)
		RebuildTransferFunctionScriptingTraits (0ms)
		AnalyzeDomain (225ms)
			TypeCache.Refresh (10ms)
				TypeCache.ScanAssembly (0ms)
			BuildScriptInfoCaches (201ms)
			ResolveRequiredComponents (9ms)
	FinalizeReload (776ms)
		ReleaseScriptCaches (0ms)
		RebuildScriptCaches (0ms)
		SetupLoadedEditorAssemblies (621ms)
			LogAssemblyErrors (0ms)
			InitializePlatformSupportModulesInManaged (25ms)
			SetLoadedEditorAssemblies (4ms)
			BeforeProcessingInitializeOnLoad (140ms)
			ProcessInitializeOnLoadAttributes (373ms)
			ProcessInitializeOnLoadMethodAttributes (72ms)
			AfterProcessingInitializeOnLoad (6ms)
			EditorAssembliesLoaded (0ms)
		ExecutionOrderSort2 (0ms)
		AwakeInstancesAfterBackupRestoration (13ms)
database is locked
database is locked
database is locked
database is locked
database is locked
database is locked
database is locked
database is locked
database is locked
database is locked
database is locked
database is locked
database is locked
database is locked
database is locked
database is locked
database is locked
database is locked
database is locked
database is locked
database is locked
database is locked
database is locked
database is locked
database is locked
database is locked
database is locked
database is locked
database is locked
database is locked
database is locked
database is locked
database is locked
database is locked
database is locked
database is locked
database is locked
database is locked
database is locked
database is locked
database is locked
database is locked
database is locked
database is locked
database is locked
database is locked
database is locked
database is locked
database is locked
database is locked
database is locked
database is locked
database is locked
database is locked
database is locked
database is locked
database is locked
database is locked
database is locked
database is locked
database is locked
database is locked
database is locked
database is locked
database is locked
database is locked
database is locked
database is locked
database is locked
database is locked
database is locked
database is locked
database is locked
database is locked
database is locked
database is locked
database is locked
database is locked
database is locked
database is locked
database is locked
database is locked
database is locked
database is locked
database is locked
database is locked
database is locked
database is locked
database is locked
database is locked
database is locked
database is locked
database is locked
database is locked
database is locked
database is locked
database is locked
database is locked
database is locked
database is locked
database is locked
database is locked
database is locked
database is locked
database is locked
database is locked
database is locked
database is locked
database is locked
database is locked
database is locked
database is locked
database is locked
database is locked
database is locked
database is locked
database is locked
database is locked
database is locked
database is locked
database is locked
database is locked
database is locked
database is locked
database is locked
database is locked
database is locked
database is locked
database is locked
database is locked
database is locked
database is locked
database is locked
database is locked
database is locked
database is locked
database is locked
database is locked
database is locked
database is locked
database is locked
database is locked
database is locked
database is locked
database is locked
database is locked
database is locked
database is locked
database is locked
database is locked
database is locked
database is locked
database is locked
database is locked
database is locked
database is locked
database is locked
database is locked
database is locked
database is locked
database is locked
database is locked
database is locked
database is locked
database is locked
database is locked
database is locked
database is locked
database is locked
database is locked
database is locked
database is locked
database is locked
database is locked
database is locked
database is locked
database is locked
database is locked
database is locked
database is locked
database is locked
database is locked
database is locked
database is locked
database is locked
database is locked
database is locked
database is locked
database is locked
database is locked
database is locked
database is locked
database is locked
database is locked
database is locked
database is locked
database is locked
database is locked
database is locked
database is locked
database is locked
database is locked
database is locked
database is locked
database is locked
database is locked
database is locked
database is locked
database is locked
database is locked
database is locked
database is locked
database is locked
database is locked
database is locked
Refreshing native plugins compatible for Editor in 2.06 ms, found 3 plugins.
Preloading 0 native plugins for Editor in 0.00 ms.
Unloading 106 Unused Serialized files (Serialized files now loaded: 0)
Unloading 6867 unused Assets / (15.9 MB). Loaded Objects now: 7426.
Memory consumption went from 170.7 MB to 154.8 MB.
Total: 17.571500 ms (FindLiveObjects: 1.283800 ms CreateObjectMapping: 0.609300 ms MarkObjects: 6.649000 ms  DeleteObjects: 9.026300 ms)

Prepare: number of updated asset objects reloaded= 0
========================================================================
Received Prepare
database is locked
database is locked
database is locked
database is locked
database is locked
database is locked
database is locked
database is locked
database is locked
database is locked
database is locked
database is locked
database is locked
database is locked
database is locked
database is locked
database is locked
database is locked
database is locked
database is locked
database is locked
database is locked
database is locked
database is locked
database is locked
database is locked
database is locked
database is locked
database is locked
database is locked
database is locked
database is locked
database is locked
database is locked
database is locked
database is locked
database is locked
database is locked
database is locked
database is locked
database is locked
database is locked
database is locked
database is locked
database is locked
database is locked
database is locked
database is locked
database is locked
database is locked
database is locked
database is locked
database is locked
database is locked
database is locked
database is locked
database is locked
database is locked
database is locked
database is locked
database is locked
database is locked
database is locked
database is locked
database is locked
database is locked
database is locked
database is locked
database is locked
database is locked
database is locked
database is locked
database is locked
database is locked
database is locked
database is locked
database is locked
database is locked
database is locked
database is locked
database is locked
database is locked
database is locked
database is locked
database is locked
database is locked
database is locked
database is locked
database is locked
database is locked
database is locked
database is locked
database is locked
database is locked
database is locked
database is locked
database is locked
database is locked
database is locked
database is locked
database is locked
database is locked
database is locked
database is locked
database is locked
database is locked
database is locked
database is locked
database is locked
database is locked
database is locked
database is locked
database is locked
database is locked
database is locked
database is locked
database is locked
database is locked
database is locked
database is locked
database is locked
database is locked
database is locked
database is locked
database is locked
database is locked
database is locked
database is locked
database is locked
database is locked
database is locked
database is locked
database is locked
database is locked
database is locked
database is locked
database is locked
database is locked
database is locked
database is locked
database is locked
database is locked
database is locked
database is locked
database is locked
database is locked
database is locked
database is locked
database is locked
database is locked
database is locked
database is locked
database is locked
database is locked
database is locked
database is locked
database is locked
database is locked
database is locked
database is locked
database is locked
database is locked
database is locked
database is locked
database is locked
database is locked
database is locked
database is locked
database is locked
database is locked
database is locked
database is locked
database is locked
database is locked
database is locked
database is locked
database is locked
database is locked
database is locked
database is locked
database is locked
database is locked
database is locked
database is locked
database is locked
database is locked
database is locked
database is locked
database is locked
database is locked
database is locked
database is locked
database is locked
database is locked
database is locked
database is locked
database is locked
database is locked
database is locked
database is locked
database is locked
database is locked
database is locked
database is locked
database is locked
database is locked
database is locked
database is locked
database is locked
database is locked
database is locked
database is locked
database is locked
database is locked
database is locked
Refreshing native plugins compatible for Editor in 2.06 ms, found 3 plugins.
Preloading 0 native plugins for Editor in 0.00 ms.
Unloading 106 Unused Serialized files (Serialized files now loaded: 0)
Unloading 6854 unused Assets / (15.3 MB). Loaded Objects now: 7426.
Memory consumption went from 170.9 MB to 155.5 MB.
Total: 20.225700 ms (FindLiveObjects: 2.135700 ms CreateObjectMapping: 0.395000 ms MarkObjects: 7.469600 ms  DeleteObjects: 10.223500 ms)

Prepare: number of updated asset objects reloaded= 0
========================================================================
Received Prepare
Begin MonoManager ReloadAssembly
Symbol file LoadedFromMemory is not a mono symbol file
- Loaded All Assemblies, in  1.683 seconds
Refreshing native plugins compatible for Editor in 5.11 ms, found 3 plugins.
Native extension for iOS target not found
Native extension for Android target not found
Native extension for WindowsStandalone target not found
Mono: successfully reloaded assembly
- Finished resetting the current domain, in  1.898 seconds
Domain Reload Profiling: 3575ms
	BeginReloadAssembly (405ms)
		ExecutionOrderSort (0ms)
		DisableScriptedObjects (17ms)
		BackupInstance (0ms)
		ReleaseScriptingObjects (0ms)
		CreateAndSetChildDomain (66ms)
	RebuildCommonClasses (115ms)
	RebuildNativeTypeToScriptingClass (27ms)
	initialDomainReloadingComplete (56ms)
	LoadAllAssembliesAndSetupDomain (1073ms)
		LoadAssemblies (845ms)
		RebuildTransferFunctionScriptingTraits (0ms)
		AnalyzeDomain (460ms)
			TypeCache.Refresh (32ms)
				TypeCache.ScanAssembly (5ms)
			BuildScriptInfoCaches (402ms)
			ResolveRequiredComponents (20ms)
	FinalizeReload (1899ms)
		ReleaseScriptCaches (0ms)
		RebuildScriptCaches (0ms)
		SetupLoadedEditorAssemblies (1615ms)
			LogAssemblyErrors (0ms)
			InitializePlatformSupportModulesInManaged (50ms)
			SetLoadedEditorAssemblies (8ms)
			BeforeProcessingInitializeOnLoad (275ms)
			ProcessInitializeOnLoadAttributes (1094ms)
			ProcessInitializeOnLoadMethodAttributes (180ms)
			AfterProcessingInitializeOnLoad (7ms)
			EditorAssembliesLoaded (1ms)
		ExecutionOrderSort2 (0ms)
		AwakeInstancesAfterBackupRestoration (19ms)
database is locked
database is locked
database is locked
database is locked
database is locked
database is locked
database is locked
database is locked
database is locked
database is locked
database is locked
database is locked
database is locked
database is locked
database is locked
database is locked
database is locked
database is locked
database is locked
database is locked
database is locked
database is locked
database is locked
database is locked
database is locked
database is locked
database is locked
database is locked
database is locked
database is locked
database is locked
database is locked
database is locked
database is locked
database is locked
database is locked
database is locked
database is locked
database is locked
database is locked
database is locked
database is locked
database is locked
database is locked
database is locked
database is locked
database is locked
database is locked
database is locked
database is locked
database is locked
database is locked
database is locked
database is locked
database is locked
database is locked
database is locked
database is locked
database is locked
database is locked
database is locked
database is locked
database is locked
database is locked
database is locked
database is locked
database is locked
database is locked
database is locked
database is locked
database is locked
database is locked
database is locked
database is locked
database is locked
database is locked
database is locked
database is locked
database is locked
database is locked
database is locked
database is locked
database is locked
database is locked
database is locked
database is locked
database is locked
database is locked
database is locked
database is locked
database is locked
database is locked
database is locked
database is locked
database is locked
database is locked
database is locked
database is locked
database is locked
database is locked
database is locked
database is locked
database is locked
database is locked
database is locked
database is locked
database is locked
database is locked
database is locked
database is locked
database is locked
database is locked
database is locked
database is locked
database is locked
database is locked
database is locked
database is locked
database is locked
database is locked
database is locked
database is locked
database is locked
database is locked
database is locked
database is locked
database is locked
database is locked
database is locked
database is locked
database is locked
database is locked
database is locked
database is locked
database is locked
database is locked
database is locked
database is locked
database is locked
database is locked
database is locked
database is locked
database is locked
database is locked
database is locked
database is locked
database is locked
database is locked
database is locked
database is locked
database is locked
database is locked
database is locked
database is locked
database is locked
database is locked
database is locked
database is locked
database is locked
database is locked
database is locked
database is locked
database is locked
database is locked
database is locked
database is locked
database is locked
database is locked
database is locked
database is locked
database is locked
database is locked
database is locked
database is locked
database is locked
database is locked
database is locked
database is locked
database is locked
database is locked
database is locked
database is locked
database is locked
database is locked
database is locked
database is locked
database is locked
database is locked
database is locked
database is locked
database is locked
database is locked
database is locked
database is locked
database is locked
database is locked
database is locked
database is locked
database is locked
database is locked
database is locked
database is locked
database is locked
database is locked
database is locked
database is locked
database is locked
database is locked
database is locked
database is locked
database is locked
database is locked
database is locked
database is locked
database is locked
Refreshing native plugins compatible for Editor in 3.52 ms, found 3 plugins.
Preloading 0 native plugins for Editor in 0.00 ms.
Unloading 106 Unused Serialized files (Serialized files now loaded: 0)
Unloading 6867 unused Assets / (15.7 MB). Loaded Objects now: 7428.
Memory consumption went from 170.9 MB to 155.2 MB.
Total: 19.817700 ms (FindLiveObjects: 1.029400 ms CreateObjectMapping: 0.385500 ms MarkObjects: 6.640800 ms  DeleteObjects: 11.760000 ms)

Prepare: number of updated asset objects reloaded= 0
========================================================================
Received Prepare
Begin MonoManager ReloadAssembly
Symbol file LoadedFromMemory is not a mono symbol file
- Loaded All Assemblies, in  0.792 seconds
Refreshing native plugins compatible for Editor in 1.82 ms, found 3 plugins.
Native extension for iOS target not found
Native extension for Android target not found
Native extension for WindowsStandalone target not found
Mono: successfully reloaded assembly
- Finished resetting the current domain, in  0.827 seconds
Domain Reload Profiling: 1618ms
	BeginReloadAssembly (208ms)
		ExecutionOrderSort (0ms)
		DisableScriptedObjects (7ms)
		BackupInstance (0ms)
		ReleaseScriptingObjects (0ms)
		CreateAndSetChildDomain (50ms)
	RebuildCommonClasses (38ms)
	RebuildNativeTypeToScriptingClass (14ms)
	initialDomainReloadingComplete (30ms)
	LoadAllAssembliesAndSetupDomain (501ms)
		LoadAssemblies (409ms)
		RebuildTransferFunctionScriptingTraits (0ms)
		AnalyzeDomain (204ms)
			TypeCache.Refresh (7ms)
				TypeCache.ScanAssembly (0ms)
			BuildScriptInfoCaches (182ms)
			ResolveRequiredComponents (11ms)
	FinalizeReload (828ms)
		ReleaseScriptCaches (0ms)
		RebuildScriptCaches (0ms)
		SetupLoadedEditorAssemblies (623ms)
			LogAssemblyErrors (0ms)
			InitializePlatformSupportModulesInManaged (19ms)
			SetLoadedEditorAssemblies (4ms)
			BeforeProcessingInitializeOnLoad (132ms)
			ProcessInitializeOnLoadAttributes (391ms)
			ProcessInitializeOnLoadMethodAttributes (69ms)
			AfterProcessingInitializeOnLoad (8ms)
			EditorAssembliesLoaded (1ms)
		ExecutionOrderSort2 (0ms)
		AwakeInstancesAfterBackupRestoration (14ms)
database is locked
database is locked
database is locked
database is locked
database is locked
database is locked
database is locked
database is locked
database is locked
database is locked
database is locked
database is locked
database is locked
database is locked
database is locked
database is locked
database is locked
database is locked
database is locked
database is locked
database is locked
database is locked
database is locked
database is locked
database is locked
database is locked
database is locked
database is locked
database is locked
database is locked
database is locked
database is locked
database is locked
database is locked
database is locked
database is locked
database is locked
database is locked
database is locked
database is locked
database is locked
database is locked
database is locked
database is locked
database is locked
database is locked
database is locked
database is locked
database is locked
database is locked
database is locked
database is locked
database is locked
database is locked
database is locked
database is locked
database is locked
database is locked
database is locked
database is locked
database is locked
database is locked
database is locked
database is locked
database is locked
database is locked
database is locked
database is locked
database is locked
database is locked
database is locked
database is locked
database is locked
database is locked
database is locked
database is locked
database is locked
database is locked
database is locked
database is locked
database is locked
database is locked
database is locked
database is locked
database is locked
database is locked
database is locked
database is locked
database is locked
database is locked
database is locked
database is locked
database is locked
database is locked
database is locked
database is locked
database is locked
database is locked
database is locked
database is locked
database is locked
database is locked
database is locked
database is locked
database is locked
database is locked
database is locked
database is locked
database is locked
database is locked
database is locked
database is locked
database is locked
database is locked
database is locked
database is locked
database is locked
database is locked
database is locked
database is locked
database is locked
database is locked
database is locked
database is locked
database is locked
database is locked
database is locked
database is locked
database is locked
database is locked
database is locked
database is locked
database is locked
database is locked
database is locked
database is locked
database is locked
database is locked
database is locked
database is locked
database is locked
database is locked
database is locked
database is locked
database is locked
database is locked
database is locked
database is locked
database is locked
database is locked
database is locked
database is locked
database is locked
database is locked
database is locked
database is locked
database is locked
database is locked
database is locked
database is locked
database is locked
database is locked
database is locked
database is locked
database is locked
database is locked
database is locked
database is locked
database is locked
database is locked
database is locked
database is locked
database is locked
database is locked
database is locked
database is locked
database is locked
database is locked
database is locked
database is locked
database is locked
database is locked
database is locked
database is locked
database is locked
database is locked
database is locked
database is locked
database is locked
database is locked
database is locked
database is locked
database is locked
database is locked
database is locked
database is locked
database is locked
database is locked
database is locked
database is locked
database is locked
database is locked
database is locked
database is locked
database is locked
database is locked
database is locked
database is locked
database is locked
database is locked
database is locked
database is locked
database is locked
database is locked
database is locked
Refreshing native plugins compatible for Editor in 1.81 ms, found 3 plugins.
Preloading 0 native plugins for Editor in 0.00 ms.
Unloading 106 Unused Serialized files (Serialized files now loaded: 0)
Unloading 6867 unused Assets / (15.2 MB). Loaded Objects now: 7430.
Memory consumption went from 170.9 MB to 155.7 MB.
Total: 15.310700 ms (FindLiveObjects: 1.279900 ms CreateObjectMapping: 0.425400 ms MarkObjects: 5.540900 ms  DeleteObjects: 8.062900 ms)

Prepare: number of updated asset objects reloaded= 0
========================================================================
Received Prepare
Begin MonoManager ReloadAssembly
Symbol file LoadedFromMemory is not a mono symbol file
- Loaded All Assemblies, in  0.974 seconds
Refreshing native plugins compatible for Editor in 2.86 ms, found 3 plugins.
Native extension for iOS target not found
Native extension for Android target not found
Native extension for WindowsStandalone target not found
Mono: successfully reloaded assembly
- Finished resetting the current domain, in  0.911 seconds
Domain Reload Profiling: 1883ms
	BeginReloadAssembly (282ms)
		ExecutionOrderSort (0ms)
		DisableScriptedObjects (9ms)
		BackupInstance (0ms)
		ReleaseScriptingObjects (0ms)
		CreateAndSetChildDomain (71ms)
	RebuildCommonClasses (43ms)
	RebuildNativeTypeToScriptingClass (14ms)
	initialDomainReloadingComplete (36ms)
	LoadAllAssembliesAndSetupDomain (597ms)
		LoadAssemblies (492ms)
		RebuildTransferFunctionScriptingTraits (0ms)
		AnalyzeDomain (244ms)
			TypeCache.Refresh (9ms)
				TypeCache.ScanAssembly (0ms)
			BuildScriptInfoCaches (219ms)
			ResolveRequiredComponents (12ms)
	FinalizeReload (911ms)
		ReleaseScriptCaches (0ms)
		RebuildScriptCaches (0ms)
		SetupLoadedEditorAssemblies (750ms)
			LogAssemblyErrors (0ms)
			InitializePlatformSupportModulesInManaged (21ms)
			SetLoadedEditorAssemblies (4ms)
			BeforeProcessingInitializeOnLoad (168ms)
			ProcessInitializeOnLoadAttributes (482ms)
			ProcessInitializeOnLoadMethodAttributes (69ms)
			AfterProcessingInitializeOnLoad (6ms)
			EditorAssembliesLoaded (0ms)
		ExecutionOrderSort2 (0ms)
		AwakeInstancesAfterBackupRestoration (11ms)
database is locked
database is locked
database is locked
database is locked
database is locked
database is locked
database is locked
database is locked
database is locked
database is locked
database is locked
database is locked
database is locked
database is locked
database is locked
database is locked
database is locked
database is locked
database is locked
database is locked
database is locked
database is locked
database is locked
database is locked
database is locked
database is locked
database is locked
database is locked
database is locked
database is locked
database is locked
database is locked
database is locked
database is locked
database is locked
database is locked
database is locked
database is locked
database is locked
database is locked
database is locked
database is locked
database is locked
database is locked
database is locked
database is locked
database is locked
database is locked
database is locked
database is locked
database is locked
database is locked
database is locked
database is locked
database is locked
database is locked
database is locked
database is locked
database is locked
database is locked
database is locked
database is locked
database is locked
database is locked
database is locked
database is locked
database is locked
database is locked
database is locked
database is locked
database is locked
database is locked
database is locked
database is locked
database is locked
database is locked
database is locked
database is locked
database is locked
database is locked
database is locked
database is locked
database is locked
database is locked
database is locked
database is locked
database is locked
database is locked
database is locked
database is locked
database is locked
database is locked
database is locked
database is locked
database is locked
database is locked
database is locked
database is locked
database is locked
database is locked
database is locked
database is locked
database is locked
database is locked
database is locked
database is locked
database is locked
database is locked
database is locked
database is locked
database is locked
database is locked
database is locked
database is locked
database is locked
database is locked
database is locked
database is locked
database is locked
database is locked
database is locked
database is locked
database is locked
database is locked
database is locked
database is locked
database is locked
database is locked
database is locked
database is locked
database is locked
database is locked
database is locked
database is locked
database is locked
database is locked
database is locked
database is locked
database is locked
database is locked
database is locked
database is locked
database is locked
database is locked
database is locked
database is locked
database is locked
database is locked
database is locked
database is locked
database is locked
database is locked
database is locked
database is locked
database is locked
database is locked
database is locked
database is locked
database is locked
database is locked
database is locked
database is locked
database is locked
database is locked
database is locked
database is locked
database is locked
database is locked
database is locked
database is locked
database is locked
database is locked
database is locked
database is locked
database is locked
database is locked
database is locked
database is locked
database is locked
database is locked
database is locked
database is locked
database is locked
database is locked
database is locked
database is locked
database is locked
database is locked
database is locked
database is locked
database is locked
database is locked
database is locked
database is locked
database is locked
database is locked
database is locked
database is locked
database is locked
database is locked
database is locked
database is locked
database is locked
database is locked
database is locked
database is locked
database is locked
database is locked
database is locked
database is locked
database is locked
database is locked
database is locked
database is locked
database is locked
Refreshing native plugins compatible for Editor in 2.55 ms, found 3 plugins.
Preloading 0 native plugins for Editor in 0.00 ms.
Unloading 106 Unused Serialized files (Serialized files now loaded: 0)
Unloading 6867 unused Assets / (14.8 MB). Loaded Objects now: 7432.
Memory consumption went from 171.0 MB to 156.2 MB.
Total: 21.125000 ms (FindLiveObjects: 1.453200 ms CreateObjectMapping: 0.517800 ms MarkObjects: 7.818600 ms  DeleteObjects: 11.333200 ms)

Prepare: number of updated asset objects reloaded= 0
========================================================================
Received Prepare
Begin MonoManager ReloadAssembly
Symbol file LoadedFromMemory is not a mono symbol file
- Loaded All Assemblies, in  0.807 seconds
Refreshing native plugins compatible for Editor in 2.07 ms, found 3 plugins.
Native extension for iOS target not found
Native extension for Android target not found
Native extension for WindowsStandalone target not found
Mono: successfully reloaded assembly
- Finished resetting the current domain, in  0.838 seconds
Domain Reload Profiling: 1645ms
	BeginReloadAssembly (209ms)
		ExecutionOrderSort (0ms)
		DisableScriptedObjects (6ms)
		BackupInstance (0ms)
		ReleaseScriptingObjects (0ms)
		CreateAndSetChildDomain (45ms)
	RebuildCommonClasses (40ms)
	RebuildNativeTypeToScriptingClass (13ms)
	initialDomainReloadingComplete (34ms)
	LoadAllAssembliesAndSetupDomain (511ms)
		LoadAssemblies (415ms)
		RebuildTransferFunctionScriptingTraits (0ms)
		AnalyzeDomain (212ms)
			TypeCache.Refresh (7ms)
				TypeCache.ScanAssembly (0ms)
			BuildScriptInfoCaches (192ms)
			ResolveRequiredComponents (9ms)
	FinalizeReload (838ms)
		ReleaseScriptCaches (0ms)
		RebuildScriptCaches (0ms)
		SetupLoadedEditorAssemblies (632ms)
			LogAssemblyErrors (0ms)
			InitializePlatformSupportModulesInManaged (18ms)
			SetLoadedEditorAssemblies (3ms)
			BeforeProcessingInitializeOnLoad (136ms)
			ProcessInitializeOnLoadAttributes (398ms)
			ProcessInitializeOnLoadMethodAttributes (70ms)
			AfterProcessingInitializeOnLoad (6ms)
			EditorAssembliesLoaded (0ms)
		ExecutionOrderSort2 (0ms)
		AwakeInstancesAfterBackupRestoration (13ms)
database is locked
database is locked
database is locked
database is locked
database is locked
database is locked
database is locked
database is locked
database is locked
database is locked
database is locked
database is locked
database is locked
database is locked
database is locked
database is locked
database is locked
database is locked
database is locked
database is locked
database is locked
database is locked
database is locked
database is locked
database is locked
database is locked
database is locked
database is locked
database is locked
database is locked
database is locked
database is locked
database is locked
database is locked
database is locked
database is locked
database is locked
database is locked
database is locked
database is locked
database is locked
database is locked
database is locked
database is locked
database is locked
database is locked
database is locked
database is locked
database is locked
database is locked
database is locked
database is locked
database is locked
database is locked
database is locked
database is locked
database is locked
database is locked
database is locked
database is locked
database is locked
database is locked
database is locked
database is locked
database is locked
database is locked
database is locked
database is locked
database is locked
database is locked
database is locked
database is locked
database is locked
database is locked
database is locked
database is locked
database is locked
database is locked
database is locked
database is locked
database is locked
database is locked
database is locked
database is locked
database is locked
database is locked
database is locked
database is locked
database is locked
database is locked
database is locked
database is locked
database is locked
database is locked
database is locked
database is locked
database is locked
database is locked
database is locked
database is locked
database is locked
database is locked
database is locked
database is locked
database is locked
database is locked
database is locked
database is locked
database is locked
database is locked
database is locked
database is locked
database is locked
database is locked
database is locked
database is locked
database is locked
database is locked
database is locked
database is locked
database is locked
database is locked
database is locked
database is locked
database is locked
database is locked
database is locked
database is locked
database is locked
database is locked
database is locked
database is locked
database is locked
database is locked
database is locked
database is locked
database is locked
database is locked
database is locked
database is locked
database is locked
database is locked
database is locked
database is locked
database is locked
database is locked
database is locked
database is locked
database is locked
database is locked
database is locked
database is locked
database is locked
database is locked
database is locked
database is locked
database is locked
database is locked
database is locked
database is locked
database is locked
database is locked
database is locked
database is locked
database is locked
database is locked
database is locked
database is locked
database is locked
database is locked
database is locked
database is locked
database is locked
database is locked
database is locked
database is locked
database is locked
database is locked
database is locked
database is locked
database is locked
database is locked
database is locked
database is locked
database is locked
database is locked
database is locked
database is locked
database is locked
database is locked
database is locked
database is locked
database is locked
database is locked
database is locked
database is locked
database is locked
database is locked
database is locked
database is locked
database is locked
database is locked
database is locked
database is locked
database is locked
database is locked
database is locked
database is locked
database is locked
database is locked
database is locked
database is locked
database is locked
database is locked
database is locked
Refreshing native plugins compatible for Editor in 4.95 ms, found 3 plugins.
Preloading 0 native plugins for Editor in 0.00 ms.
Unloading 106 Unused Serialized files (Serialized files now loaded: 0)
Unloading 6867 unused Assets / (14.1 MB). Loaded Objects now: 7434.
Memory consumption went from 171.0 MB to 156.8 MB.
Total: 31.575400 ms (FindLiveObjects: 2.284600 ms CreateObjectMapping: 0.664800 ms MarkObjects: 11.808700 ms  DeleteObjects: 16.814600 ms)

Prepare: number of updated asset objects reloaded= 0
========================================================================
Received Prepare
Begin MonoManager ReloadAssembly
Symbol file LoadedFromMemory is not a mono symbol file
- Loaded All Assemblies, in  0.914 seconds
Refreshing native plugins compatible for Editor in 1.58 ms, found 3 plugins.
Native extension for iOS target not found
Native extension for Android target not found
Native extension for WindowsStandalone target not found
Mono: successfully reloaded assembly
- Finished resetting the current domain, in  0.859 seconds
Domain Reload Profiling: 1772ms
	BeginReloadAssembly (242ms)
		ExecutionOrderSort (0ms)
		DisableScriptedObjects (7ms)
		BackupInstance (0ms)
		ReleaseScriptingObjects (0ms)
		CreateAndSetChildDomain (56ms)
	RebuildCommonClasses (42ms)
	RebuildNativeTypeToScriptingClass (15ms)
	initialDomainReloadingComplete (37ms)
	LoadAllAssembliesAndSetupDomain (576ms)
		LoadAssemblies (476ms)
		RebuildTransferFunctionScriptingTraits (0ms)
		AnalyzeDomain (232ms)
			TypeCache.Refresh (9ms)
				TypeCache.ScanAssembly (0ms)
			BuildScriptInfoCaches (206ms)
			ResolveRequiredComponents (12ms)
	FinalizeReload (860ms)
		ReleaseScriptCaches (0ms)
		RebuildScriptCaches (0ms)
		SetupLoadedEditorAssemblies (636ms)
			LogAssemblyErrors (0ms)
			InitializePlatformSupportModulesInManaged (23ms)
			SetLoadedEditorAssemblies (4ms)
			BeforeProcessingInitializeOnLoad (155ms)
			ProcessInitializeOnLoadAttributes (376ms)
			ProcessInitializeOnLoadMethodAttributes (72ms)
			AfterProcessingInitializeOnLoad (5ms)
			EditorAssembliesLoaded (0ms)
		ExecutionOrderSort2 (0ms)
		AwakeInstancesAfterBackupRestoration (13ms)
database is locked
database is locked
database is locked
database is locked
database is locked
database is locked
database is locked
database is locked
database is locked
database is locked
database is locked
database is locked
database is locked
database is locked
database is locked
database is locked
database is locked
database is locked
database is locked
database is locked
database is locked
database is locked
database is locked
database is locked
database is locked
database is locked
database is locked
database is locked
database is locked
database is locked
database is locked
database is locked
database is locked
database is locked
database is locked
database is locked
database is locked
database is locked
database is locked
database is locked
database is locked
database is locked
database is locked
database is locked
database is locked
database is locked
database is locked
database is locked
database is locked
database is locked
database is locked
database is locked
database is locked
database is locked
database is locked
database is locked
database is locked
database is locked
database is locked
database is locked
database is locked
database is locked
database is locked
database is locked
database is locked
database is locked
database is locked
database is locked
database is locked
database is locked
database is locked
database is locked
database is locked
database is locked
database is locked
database is locked
database is locked
database is locked
database is locked
database is locked
database is locked
database is locked
database is locked
database is locked
database is locked
database is locked
database is locked
database is locked
database is locked
database is locked
database is locked
database is locked
database is locked
database is locked
database is locked
database is locked
database is locked
database is locked
database is locked
database is locked
database is locked
database is locked
database is locked
database is locked
database is locked
database is locked
database is locked
database is locked
database is locked
database is locked
database is locked
database is locked
database is locked
database is locked
database is locked
database is locked
database is locked
database is locked
database is locked
database is locked
database is locked
database is locked
database is locked
database is locked
database is locked
database is locked
database is locked
database is locked
database is locked
database is locked
database is locked
database is locked
database is locked
database is locked
database is locked
database is locked
database is locked
database is locked
database is locked
database is locked
database is locked
database is locked
database is locked
database is locked
database is locked
database is locked
database is locked
database is locked
database is locked
database is locked
database is locked
database is locked
database is locked
database is locked
database is locked
database is locked
database is locked
database is locked
database is locked
database is locked
database is locked
database is locked
database is locked
database is locked
database is locked
database is locked
database is locked
database is locked
database is locked
database is locked
database is locked
database is locked
database is locked
database is locked
database is locked
database is locked
database is locked
database is locked
database is locked
database is locked
database is locked
database is locked
database is locked
database is locked
database is locked
database is locked
database is locked
database is locked
database is locked
database is locked
database is locked
database is locked
database is locked
database is locked
database is locked
database is locked
database is locked
database is locked
database is locked
database is locked
database is locked
database is locked
database is locked
database is locked
database is locked
database is locked
database is locked
database is locked
database is locked
database is locked
database is locked
database is locked
database is locked
database is locked
database is locked
Refreshing native plugins compatible for Editor in 1.95 ms, found 3 plugins.
Preloading 0 native plugins for Editor in 0.00 ms.
Unloading 106 Unused Serialized files (Serialized files now loaded: 0)
Unloading 6867 unused Assets / (15.4 MB). Loaded Objects now: 7436.
Memory consumption went from 170.9 MB to 155.5 MB.
Total: 16.383100 ms (FindLiveObjects: 1.174800 ms CreateObjectMapping: 0.463600 ms MarkObjects: 5.394400 ms  DeleteObjects: 9.349100 ms)

Prepare: number of updated asset objects reloaded= 0
========================================================================
Received Prepare
Begin MonoManager ReloadAssembly
Symbol file LoadedFromMemory is not a mono symbol file
- Loaded All Assemblies, in  0.849 seconds
Refreshing native plugins compatible for Editor in 2.07 ms, found 3 plugins.
Native extension for iOS target not found
Native extension for Android target not found
Native extension for WindowsStandalone target not found
Mono: successfully reloaded assembly
- Finished resetting the current domain, in  0.919 seconds
Domain Reload Profiling: 1766ms
	BeginReloadAssembly (199ms)
		ExecutionOrderSort (0ms)
		DisableScriptedObjects (6ms)
		BackupInstance (0ms)
		ReleaseScriptingObjects (0ms)
		CreateAndSetChildDomain (47ms)
	RebuildCommonClasses (42ms)
	RebuildNativeTypeToScriptingClass (13ms)
	initialDomainReloadingComplete (31ms)
	LoadAllAssembliesAndSetupDomain (562ms)
		LoadAssemblies (439ms)
		RebuildTransferFunctionScriptingTraits (0ms)
		AnalyzeDomain (228ms)
			TypeCache.Refresh (8ms)
				TypeCache.ScanAssembly (0ms)
			BuildScriptInfoCaches (203ms)
			ResolveRequiredComponents (13ms)
	FinalizeReload (919ms)
		ReleaseScriptCaches (0ms)
		RebuildScriptCaches (0ms)
		SetupLoadedEditorAssemblies (684ms)
			LogAssemblyErrors (0ms)
			InitializePlatformSupportModulesInManaged (21ms)
			SetLoadedEditorAssemblies (4ms)
			BeforeProcessingInitializeOnLoad (145ms)
			ProcessInitializeOnLoadAttributes (430ms)
			ProcessInitializeOnLoadMethodAttributes (79ms)
			AfterProcessingInitializeOnLoad (6ms)
			EditorAssembliesLoaded (0ms)
		ExecutionOrderSort2 (0ms)
		AwakeInstancesAfterBackupRestoration (18ms)
database is locked
database is locked
database is locked
database is locked
database is locked
database is locked
database is locked
database is locked
database is locked
database is locked
database is locked
database is locked
database is locked
database is locked
database is locked
database is locked
database is locked
database is locked
database is locked
database is locked
database is locked
database is locked
database is locked
database is locked
database is locked
database is locked
database is locked
database is locked
database is locked
database is locked
database is locked
database is locked
database is locked
database is locked
database is locked
database is locked
database is locked
database is locked
database is locked
database is locked
database is locked
database is locked
database is locked
database is locked
database is locked
database is locked
database is locked
database is locked
database is locked
database is locked
database is locked
database is locked
database is locked
database is locked
database is locked
database is locked
database is locked
database is locked
database is locked
database is locked
database is locked
database is locked
database is locked
database is locked
database is locked
database is locked
database is locked
database is locked
database is locked
database is locked
database is locked
database is locked
database is locked
database is locked
database is locked
database is locked
database is locked
database is locked
database is locked
database is locked
database is locked
database is locked
database is locked
database is locked
database is locked
database is locked
database is locked
database is locked
database is locked
database is locked
database is locked
database is locked
database is locked
database is locked
database is locked
database is locked
database is locked
database is locked
database is locked
database is locked
database is locked
database is locked
database is locked
database is locked
database is locked
database is locked
database is locked
database is locked
database is locked
database is locked
database is locked
database is locked
database is locked
database is locked
database is locked
database is locked
database is locked
database is locked
database is locked
database is locked
database is locked
database is locked
database is locked
database is locked
database is locked
database is locked
database is locked
database is locked
database is locked
database is locked
database is locked
database is locked
database is locked
database is locked
database is locked
database is locked
database is locked
database is locked
database is locked
database is locked
database is locked
database is locked
database is locked
database is locked
database is locked
database is locked
database is locked
database is locked
database is locked
database is locked
database is locked
database is locked
database is locked
database is locked
database is locked
database is locked
database is locked
database is locked
database is locked
database is locked
database is locked
database is locked
database is locked
database is locked
database is locked
database is locked
database is locked
database is locked
database is locked
database is locked
database is locked
database is locked
database is locked
database is locked
database is locked
database is locked
database is locked
database is locked
database is locked
database is locked
database is locked
database is locked
database is locked
database is locked
database is locked
database is locked
database is locked
database is locked
database is locked
database is locked
database is locked
database is locked
database is locked
database is locked
database is locked
database is locked
database is locked
database is locked
database is locked
database is locked
database is locked
database is locked
database is locked
database is locked
database is locked
database is locked
database is locked
database is locked
database is locked
database is locked
database is locked
database is locked
database is locked
database is locked
database is locked
Refreshing native plugins compatible for Editor in 3.53 ms, found 3 plugins.
Preloading 0 native plugins for Editor in 0.00 ms.
Unloading 106 Unused Serialized files (Serialized files now loaded: 0)
Unloading 6867 unused Assets / (15.7 MB). Loaded Objects now: 7438.
Memory consumption went from 171.0 MB to 155.3 MB.
Total: 23.367700 ms (FindLiveObjects: 1.393700 ms CreateObjectMapping: 0.468600 ms MarkObjects: 7.857200 ms  DeleteObjects: 13.645700 ms)

Prepare: number of updated asset objects reloaded= 0
========================================================================
Received Prepare
Begin MonoManager ReloadAssembly
Symbol file LoadedFromMemory is not a mono symbol file
- Loaded All Assemblies, in  1.853 seconds
Refreshing native plugins compatible for Editor in 2.07 ms, found 3 plugins.
Native extension for iOS target not found
Native extension for Android target not found
Native extension for WindowsStandalone target not found
Mono: successfully reloaded assembly
- Finished resetting the current domain, in  1.126 seconds
Domain Reload Profiling: 2980ms
	BeginReloadAssembly (993ms)
		ExecutionOrderSort (0ms)
		DisableScriptedObjects (6ms)
		BackupInstance (0ms)
		ReleaseScriptingObjects (0ms)
		CreateAndSetChildDomain (495ms)
	RebuildCommonClasses (157ms)
	RebuildNativeTypeToScriptingClass (19ms)
	initialDomainReloadingComplete (35ms)
	LoadAllAssembliesAndSetupDomain (648ms)
		LoadAssemblies (525ms)
		RebuildTransferFunctionScriptingTraits (0ms)
		AnalyzeDomain (233ms)
			TypeCache.Refresh (8ms)
				TypeCache.ScanAssembly (0ms)
			BuildScriptInfoCaches (210ms)
			ResolveRequiredComponents (11ms)
	FinalizeReload (1127ms)
		ReleaseScriptCaches (0ms)
		RebuildScriptCaches (0ms)
		SetupLoadedEditorAssemblies (868ms)
			LogAssemblyErrors (0ms)
			InitializePlatformSupportModulesInManaged (24ms)
			SetLoadedEditorAssemblies (4ms)
			BeforeProcessingInitializeOnLoad (210ms)
			ProcessInitializeOnLoadAttributes (482ms)
			ProcessInitializeOnLoadMethodAttributes (130ms)
			AfterProcessingInitializeOnLoad (17ms)
			EditorAssembliesLoaded (1ms)
		ExecutionOrderSort2 (0ms)
		AwakeInstancesAfterBackupRestoration (34ms)
database is locked
database is locked
database is locked
database is locked
database is locked
database is locked
database is locked
database is locked
database is locked
database is locked
database is locked
database is locked
database is locked
database is locked
database is locked
database is locked
database is locked
database is locked
database is locked
database is locked
database is locked
database is locked
database is locked
database is locked
database is locked
database is locked
database is locked
database is locked
database is locked
database is locked
database is locked
database is locked
database is locked
database is locked
database is locked
database is locked
database is locked
database is locked
database is locked
database is locked
database is locked
database is locked
database is locked
database is locked
database is locked
database is locked
database is locked
database is locked
database is locked
database is locked
database is locked
database is locked
database is locked
database is locked
database is locked
database is locked
database is locked
database is locked
database is locked
database is locked
database is locked
database is locked
database is locked
database is locked
database is locked
database is locked
database is locked
database is locked
database is locked
database is locked
database is locked
database is locked
database is locked
database is locked
database is locked
database is locked
database is locked
database is locked
database is locked
database is locked
database is locked
database is locked
database is locked
database is locked
database is locked
database is locked
database is locked
database is locked
database is locked
database is locked
database is locked
database is locked
database is locked
database is locked
database is locked
database is locked
database is locked
database is locked
database is locked
database is locked
database is locked
database is locked
database is locked
database is locked
database is locked
database is locked
database is locked
database is locked
database is locked
database is locked
database is locked
database is locked
database is locked
database is locked
database is locked
database is locked
database is locked
database is locked
database is locked
database is locked
database is locked
database is locked
database is locked
database is locked
database is locked
database is locked
database is locked
database is locked
database is locked
database is locked
database is locked
database is locked
database is locked
database is locked
database is locked
database is locked
database is locked
database is locked
database is locked
database is locked
database is locked
database is locked
database is locked
database is locked
database is locked
database is locked
database is locked
database is locked
database is locked
database is locked
database is locked
database is locked
database is locked
database is locked
database is locked
database is locked
database is locked
database is locked
database is locked
database is locked
database is locked
database is locked
database is locked
database is locked
database is locked
database is locked
database is locked
database is locked
database is locked
database is locked
database is locked
database is locked
database is locked
database is locked
database is locked
database is locked
database is locked
database is locked
database is locked
database is locked
database is locked
database is locked
database is locked
database is locked
database is locked
database is locked
database is locked
database is locked
database is locked
database is locked
database is locked
database is locked
database is locked
database is locked
database is locked
database is locked
database is locked
database is locked
database is locked
database is locked
database is locked
database is locked
database is locked
database is locked
database is locked
database is locked
database is locked
database is locked
database is locked
database is locked
database is locked
database is locked
database is locked
database is locked
database is locked
Refreshing native plugins compatible for Editor in 4.90 ms, found 3 plugins.
Preloading 0 native plugins for Editor in 0.00 ms.
Unloading 106 Unused Serialized files (Serialized files now loaded: 0)
Unloading 6867 unused Assets / (15.5 MB). Loaded Objects now: 7440.
Memory consumption went from 171.1 MB to 155.5 MB.
Total: 18.975100 ms (FindLiveObjects: 1.790300 ms CreateObjectMapping: 0.561100 ms MarkObjects: 7.893900 ms  DeleteObjects: 8.727400 ms)

Prepare: number of updated asset objects reloaded= 0
========================================================================
Received Prepare
Begin MonoManager ReloadAssembly
Symbol file LoadedFromMemory is not a mono symbol file
- Loaded All Assemblies, in  0.856 seconds
Refreshing native plugins compatible for Editor in 2.50 ms, found 3 plugins.
Native extension for iOS target not found
Native extension for Android target not found
Native extension for WindowsStandalone target not found
Mono: successfully reloaded assembly
- Finished resetting the current domain, in  1.099 seconds
Domain Reload Profiling: 1955ms
	BeginReloadAssembly (233ms)
		ExecutionOrderSort (0ms)
		DisableScriptedObjects (7ms)
		BackupInstance (0ms)
		ReleaseScriptingObjects (0ms)
		CreateAndSetChildDomain (56ms)
	RebuildCommonClasses (42ms)
	RebuildNativeTypeToScriptingClass (13ms)
	initialDomainReloadingComplete (37ms)
	LoadAllAssembliesAndSetupDomain (531ms)
		LoadAssemblies (444ms)
		RebuildTransferFunctionScriptingTraits (0ms)
		AnalyzeDomain (210ms)
			TypeCache.Refresh (8ms)
				TypeCache.ScanAssembly (0ms)
			BuildScriptInfoCaches (187ms)
			ResolveRequiredComponents (10ms)
	FinalizeReload (1100ms)
		ReleaseScriptCaches (0ms)
		RebuildScriptCaches (0ms)
		SetupLoadedEditorAssemblies (858ms)
			LogAssemblyErrors (0ms)
			InitializePlatformSupportModulesInManaged (30ms)
			SetLoadedEditorAssemblies (5ms)
			BeforeProcessingInitializeOnLoad (162ms)
			ProcessInitializeOnLoadAttributes (570ms)
			ProcessInitializeOnLoadMethodAttributes (84ms)
			AfterProcessingInitializeOnLoad (7ms)
			EditorAssembliesLoaded (0ms)
		ExecutionOrderSort2 (0ms)
		AwakeInstancesAfterBackupRestoration (14ms)
database is locked
database is locked
database is locked
database is locked
database is locked
database is locked
database is locked
database is locked
database is locked
database is locked
database is locked
database is locked
database is locked
database is locked
database is locked
database is locked
database is locked
database is locked
database is locked
database is locked
database is locked
database is locked
database is locked
database is locked
database is locked
database is locked
database is locked
database is locked
database is locked
database is locked
database is locked
database is locked
database is locked
database is locked
database is locked
database is locked
database is locked
database is locked
database is locked
database is locked
database is locked
database is locked
database is locked
database is locked
database is locked
database is locked
database is locked
database is locked
database is locked
database is locked
database is locked
database is locked
database is locked
database is locked
database is locked
database is locked
database is locked
database is locked
database is locked
database is locked
database is locked
database is locked
database is locked
database is locked
database is locked
database is locked
database is locked
database is locked
database is locked
database is locked
database is locked
database is locked
database is locked
database is locked
database is locked
database is locked
database is locked
database is locked
database is locked
database is locked
database is locked
database is locked
database is locked
database is locked
database is locked
database is locked
database is locked
database is locked
database is locked
database is locked
database is locked
database is locked
database is locked
database is locked
database is locked
database is locked
database is locked
database is locked
database is locked
database is locked
database is locked
database is locked
database is locked
database is locked
database is locked
database is locked
database is locked
database is locked
database is locked
database is locked
database is locked
database is locked
database is locked
database is locked
database is locked
database is locked
database is locked
database is locked
database is locked
database is locked
database is locked
database is locked
database is locked
database is locked
database is locked
database is locked
database is locked
database is locked
database is locked
database is locked
database is locked
database is locked
database is locked
database is locked
database is locked
database is locked
database is locked
database is locked
database is locked
database is locked
database is locked
database is locked
database is locked
database is locked
database is locked
database is locked
database is locked
database is locked
database is locked
database is locked
database is locked
database is locked
database is locked
database is locked
database is locked
database is locked
database is locked
database is locked
database is locked
database is locked
database is locked
database is locked
database is locked
database is locked
database is locked
database is locked
database is locked
database is locked
database is locked
database is locked
database is locked
database is locked
database is locked
database is locked
database is locked
database is locked
database is locked
database is locked
database is locked
database is locked
database is locked
database is locked
database is locked
database is locked
database is locked
database is locked
database is locked
database is locked
database is locked
database is locked
database is locked
database is locked
database is locked
database is locked
database is locked
database is locked
database is locked
database is locked
database is locked
database is locked
database is locked
database is locked
database is locked
database is locked
database is locked
database is locked
database is locked
database is locked
database is locked
database is locked
database is locked
database is locked
database is locked
database is locked
database is locked
Refreshing native plugins compatible for Editor in 3.35 ms, found 3 plugins.
Preloading 0 native plugins for Editor in 0.00 ms.
Unloading 106 Unused Serialized files (Serialized files now loaded: 0)
Unloading 6867 unused Assets / (14.2 MB). Loaded Objects now: 7442.
Memory consumption went from 171.1 MB to 156.9 MB.
Total: 20.278800 ms (FindLiveObjects: 1.103300 ms CreateObjectMapping: 0.605400 ms MarkObjects: 8.203100 ms  DeleteObjects: 10.365000 ms)

Prepare: number of updated asset objects reloaded= 0
