Using pre-set license
Built from '6000.0/staging' branch; Version is '6000.0.39f1 (15ea7ed0b100) revision 1436286'; Using compiler version '193933523'; Build Type 'Release'
OS: 'Windows 11  (10.0.26100) 64bit Core' Language: 'ko' Physical Memory: 16074 MB
BatchMode: 1, IsHumanControllingUs: 0, StartBugReporterOnCrash: 0, Is64bit: 1, IsPro: 1

COMMAND LINE ARGUMENTS:
C:\Program Files\Unity\Hub\Editor\6000.0.39f1\Editor\Unity.exe
-adb2
-batchMode
-noUpm
-name
AssetImportWorker4
-projectPath
C:/Users/ieoql/unity/HyewonKo
-logFile
Logs/AssetImportWorker4.log
-srvPort
5292
-job-worker-count
7
-background-job-worker-count
8
-gc-helper-count
1
Successfully changed project path to: C:/Users/ieoql/unity/HyewonKo
C:/Users/ieoql/unity/HyewonKo
[UnityMemory] Configuration Parameters - Can be set up in boot.config
    "memorysetup-bucket-allocator-granularity=16"
    "memorysetup-bucket-allocator-bucket-count=8"
    "memorysetup-bucket-allocator-block-size=33554432"
    "memorysetup-bucket-allocator-block-count=8"
    "memorysetup-main-allocator-block-size=16777216"
    "memorysetup-thread-allocator-block-size=16777216"
    "memorysetup-gfx-main-allocator-block-size=16777216"
    "memorysetup-gfx-thread-allocator-block-size=16777216"
    "memorysetup-cache-allocator-block-size=4194304"
    "memorysetup-typetree-allocator-block-size=2097152"
    "memorysetup-profiler-bucket-allocator-granularity=16"
    "memorysetup-profiler-bucket-allocator-bucket-count=8"
    "memorysetup-profiler-bucket-allocator-block-size=33554432"
    "memorysetup-profiler-bucket-allocator-block-count=8"
    "memorysetup-profiler-allocator-block-size=16777216"
    "memorysetup-profiler-editor-allocator-block-size=1048576"
    "memorysetup-temp-allocator-size-main=16777216"
    "memorysetup-job-temp-allocator-block-size=2097152"
    "memorysetup-job-temp-allocator-block-size-background=1048576"
    "memorysetup-job-temp-allocator-reduction-small-platforms=262144"
    "memorysetup-allocator-temp-initial-block-size-main=262144"
    "memorysetup-allocator-temp-initial-block-size-worker=262144"
    "memorysetup-temp-allocator-size-background-worker=32768"
    "memorysetup-temp-allocator-size-job-worker=262144"
    "memorysetup-temp-allocator-size-preload-manager=33554432"
    "memorysetup-temp-allocator-size-nav-mesh-worker=65536"
    "memorysetup-temp-allocator-size-audio-worker=65536"
    "memorysetup-temp-allocator-size-cloud-worker=32768"
    "memorysetup-temp-allocator-size-gi-baking-worker=262144"
    "memorysetup-temp-allocator-size-gi-baking-worker=262144"
    "memorysetup-temp-allocator-size-gi-baking-worker=262144"
    "memorysetup-temp-allocator-size-gi-baking-worker=262144"
    "memorysetup-temp-allocator-size-gi-baking-worker=262144"
    "memorysetup-temp-allocator-size-gfx=262144"
Player connection [49508]  Target information:

Player connection [49508]  * "[IP] 192.168.157.208 [Port] 0 [Flags] 2 [Guid] 1049868528 [EditorId] 1049868528 [Version] 1048832 [Id] WindowsEditor(7,GalaxyBook) [Debug] 1 [PackageName] WindowsEditor [ProjectName] Editor" 

Player connection [49508] Host joined multi-casting on [225.0.0.222:54997]...
Player connection [49508] Host joined alternative multi-casting on [225.0.0.222:34997]...
JobSystem: Creating JobQueue using job-worker-count value 7
Input System module state changed to: Initialized.
[Physics::Module] Initialized fallback backend.
[Physics::Module] Id: 0xdecafbad
Library Redirect Path: Library/
[Physics::Module] Selected backend.
[Physics::Module] Name: PhysX
[Physics::Module] Id: 0xf2b8ea05
[Physics::Module] SDK Version: 4.1.2
[Physics::Module] Integration Version: 1.0.0
[Physics::Module] Threading Mode: Multi-Threaded
Refreshing native plugins compatible for Editor in 2.48 ms, found 3 plugins.
Preloading 0 native plugins for Editor in 0.00 ms.
Initialize engine version: 6000.0.39f1 (15ea7ed0b100)
[Subsystems] Discovering subsystems at path C:/Program Files/Unity/Hub/Editor/6000.0.39f1/Editor/Data/Resources/UnitySubsystems
[Subsystems] Discovering subsystems at path C:/Users/ieoql/unity/HyewonKo/Assets
GfxDevice: creating device client; kGfxThreadingModeNonThreaded
Direct3D:
    Version:  Direct3D 11.0 [level 11.1]
    Renderer: Intel(R) Iris(R) Xe Graphics (ID=0xa7a0)
    Vendor:   Intel
    VRAM:     8037 MB
    Driver:   31.0.101.4314
Initialize mono
Mono path[0] = 'C:/Program Files/Unity/Hub/Editor/6000.0.39f1/Editor/Data/Managed'
Mono path[1] = 'C:/Program Files/Unity/Hub/Editor/6000.0.39f1/Editor/Data/MonoBleedingEdge/lib/mono/unityjit-win32'
Mono config path = 'C:/Program Files/Unity/Hub/Editor/6000.0.39f1/Editor/Data/MonoBleedingEdge/etc'
Using monoOptions --debugger-agent=transport=dt_socket,embedding=1,server=y,suspend=n,address=127.0.0.1:56952
Begin MonoManager ReloadAssembly
Registering precompiled unity dll's ...
Register platform support module: C:/Program Files/Unity/Hub/Editor/6000.0.39f1/Editor/Data/PlaybackEngines/WindowsStandaloneSupport/UnityEditor.WindowsStandalone.Extensions.dll
Register platform support module: C:/Program Files/Unity/Hub/Editor/6000.0.39f1/Editor/Data/PlaybackEngines/AndroidPlayer/UnityEditor.Android.Extensions.dll
Register platform support module: C:/Program Files/Unity/Hub/Editor/6000.0.39f1/Editor/Data/PlaybackEngines/iOSSupport/UnityEditor.iOS.Extensions.dll
Registered in 0.006856 seconds.
- Loaded All Assemblies, in  0.632 seconds
[usbmuxd] Start listen thread
[usbmuxd] Listen thread started
Native extension for iOS target not found
Native extension for Android target not found
Native extension for WindowsStandalone target not found
Mono: successfully reloaded assembly
- Finished resetting the current domain, in  0.526 seconds
Domain Reload Profiling: 1156ms
	BeginReloadAssembly (206ms)
		ExecutionOrderSort (0ms)
		DisableScriptedObjects (0ms)
		BackupInstance (0ms)
		ReleaseScriptingObjects (0ms)
		CreateAndSetChildDomain (1ms)
	RebuildCommonClasses (71ms)
	RebuildNativeTypeToScriptingClass (19ms)
	initialDomainReloadingComplete (78ms)
	LoadAllAssembliesAndSetupDomain (257ms)
		LoadAssemblies (204ms)
		RebuildTransferFunctionScriptingTraits (0ms)
		AnalyzeDomain (251ms)
			TypeCache.Refresh (249ms)
				TypeCache.ScanAssembly (226ms)
			BuildScriptInfoCaches (0ms)
			ResolveRequiredComponents (1ms)
	FinalizeReload (527ms)
		ReleaseScriptCaches (0ms)
		RebuildScriptCaches (0ms)
		SetupLoadedEditorAssemblies (449ms)
			LogAssemblyErrors (0ms)
			InitializePlatformSupportModulesInManaged (150ms)
			SetLoadedEditorAssemblies (7ms)
			BeforeProcessingInitializeOnLoad (72ms)
			ProcessInitializeOnLoadAttributes (146ms)
			ProcessInitializeOnLoadMethodAttributes (73ms)
			AfterProcessingInitializeOnLoad (0ms)
			EditorAssembliesLoaded (0ms)
		ExecutionOrderSort2 (0ms)
		AwakeInstancesAfterBackupRestoration (0ms)
========================================================================
Worker process is ready to serve import requests
Import Worker Mode flag is 0x00
Begin MonoManager ReloadAssembly
Symbol file LoadedFromMemory is not a mono symbol file
- Loaded All Assemblies, in  1.067 seconds
Refreshing native plugins compatible for Editor in 4.90 ms, found 3 plugins.
Native extension for iOS target not found
Native extension for Android target not found
Native extension for WindowsStandalone target not found
Refreshing native plugins compatible for Editor in 2.97 ms, found 3 plugins.
Mono: successfully reloaded assembly
- Finished resetting the current domain, in  0.908 seconds
Domain Reload Profiling: 1972ms
	BeginReloadAssembly (205ms)
		ExecutionOrderSort (0ms)
		DisableScriptedObjects (8ms)
		BackupInstance (0ms)
		ReleaseScriptingObjects (0ms)
		CreateAndSetChildDomain (32ms)
	RebuildCommonClasses (53ms)
	RebuildNativeTypeToScriptingClass (16ms)
	initialDomainReloadingComplete (43ms)
	LoadAllAssembliesAndSetupDomain (746ms)
		LoadAssemblies (495ms)
		RebuildTransferFunctionScriptingTraits (0ms)
		AnalyzeDomain (377ms)
			TypeCache.Refresh (291ms)
				TypeCache.ScanAssembly (263ms)
			BuildScriptInfoCaches (70ms)
			ResolveRequiredComponents (13ms)
	FinalizeReload (909ms)
		ReleaseScriptCaches (0ms)
		RebuildScriptCaches (0ms)
		SetupLoadedEditorAssemblies (728ms)
			LogAssemblyErrors (0ms)
			InitializePlatformSupportModulesInManaged (22ms)
			SetLoadedEditorAssemblies (7ms)
			BeforeProcessingInitializeOnLoad (129ms)
			ProcessInitializeOnLoadAttributes (483ms)
			ProcessInitializeOnLoadMethodAttributes (84ms)
			AfterProcessingInitializeOnLoad (4ms)
			EditorAssembliesLoaded (0ms)
		ExecutionOrderSort2 (0ms)
		AwakeInstancesAfterBackupRestoration (12ms)
Launched and connected shader compiler UnityShaderCompiler.exe after 0.08 seconds
Refreshing native plugins compatible for Editor in 2.33 ms, found 3 plugins.
Preloading 0 native plugins for Editor in 0.00 ms.
Unloading 216 Unused Serialized files (Serialized files now loaded: 0)
Unloading 6876 unused Assets / (13.0 MB). Loaded Objects now: 7379.
Memory consumption went from 266.9 MB to 253.9 MB.
Total: 15.567100 ms (FindLiveObjects: 0.671100 ms CreateObjectMapping: 0.475800 ms MarkObjects: 6.755900 ms  DeleteObjects: 7.662500 ms)

========================================================================
Received Import Request.
  Time since last request: 1679755.064618 seconds.
  path: Assets/Mutant1
  artifactKey: Guid(ac06916387fa4694cbf254636a1d00f4) Importer(815301076,1909f56bfc062723c751e8b465ee728b)
Start importing Assets/Mutant1 using Guid(ac06916387fa4694cbf254636a1d00f4) Importer(815301076,1909f56bfc062723c751e8b465ee728b) (PreviewImporter) -> (artifact id: '9c3a8f9a64d693680574d78d8b48aedb') in 0.008877 seconds
Number of updated asset objects reloaded before import = 0Number of asset objects unloaded after import = 0

========================================================================
Received Import Request.
  Time since last request: 3.551307 seconds.
  path: Assets/Mutant1/Prefab
  artifactKey: Guid(c1bb8978caa328b4fbde0f3db7632b0e) Importer(815301076,1909f56bfc062723c751e8b465ee728b)
Start importing Assets/Mutant1/Prefab using Guid(c1bb8978caa328b4fbde0f3db7632b0e) Importer(815301076,1909f56bfc062723c751e8b465ee728b) (PreviewImporter) -> (artifact id: 'b701a39e91de41219d5d8ec128bc85d0') in 0.0161888 seconds
Number of updated asset objects reloaded before import = 0Number of asset objects unloaded after import = 0

========================================================================
Received Import Request.
  Time since last request: 0.077753 seconds.
  path: Assets/Mutant1/Prefab/Mutated1.prefab
  artifactKey: Guid(d22e9a5553194624ba40dbf39fd94518) Importer(815301076,1909f56bfc062723c751e8b465ee728b)
Start importing Assets/Mutant1/Prefab/Mutated1.prefab using Guid(d22e9a5553194624ba40dbf39fd94518) Importer(815301076,1909f56bfc062723c751e8b465ee728b) (PreviewImporter) -> (artifact id: '0b219251f404fa25e964d0af2272cba6') in 0.2391907 seconds
Number of updated asset objects reloaded before import = 0Number of asset objects unloaded after import = 276

========================================================================
Received Prepare
Begin MonoManager ReloadAssembly
Symbol file LoadedFromMemory is not a mono symbol file
- Loaded All Assemblies, in  1.004 seconds
Refreshing native plugins compatible for Editor in 2.75 ms, found 3 plugins.
Native extension for iOS target not found
Native extension for Android target not found
Native extension for WindowsStandalone target not found
Mono: successfully reloaded assembly
- Finished resetting the current domain, in  1.170 seconds
Domain Reload Profiling: 2173ms
	BeginReloadAssembly (278ms)
		ExecutionOrderSort (0ms)
		DisableScriptedObjects (9ms)
		BackupInstance (0ms)
		ReleaseScriptingObjects (0ms)
		CreateAndSetChildDomain (75ms)
	RebuildCommonClasses (44ms)
	RebuildNativeTypeToScriptingClass (17ms)
	initialDomainReloadingComplete (38ms)
	LoadAllAssembliesAndSetupDomain (626ms)
		LoadAssemblies (502ms)
		RebuildTransferFunctionScriptingTraits (0ms)
		AnalyzeDomain (264ms)
			TypeCache.Refresh (10ms)
				TypeCache.ScanAssembly (0ms)
			BuildScriptInfoCaches (236ms)
			ResolveRequiredComponents (12ms)
	FinalizeReload (1170ms)
		ReleaseScriptCaches (0ms)
		RebuildScriptCaches (0ms)
		SetupLoadedEditorAssemblies (944ms)
			LogAssemblyErrors (0ms)
			InitializePlatformSupportModulesInManaged (21ms)
			SetLoadedEditorAssemblies (6ms)
			BeforeProcessingInitializeOnLoad (150ms)
			ProcessInitializeOnLoadAttributes (618ms)
			ProcessInitializeOnLoadMethodAttributes (138ms)
			AfterProcessingInitializeOnLoad (10ms)
			EditorAssembliesLoaded (1ms)
		ExecutionOrderSort2 (0ms)
		AwakeInstancesAfterBackupRestoration (29ms)
Refreshing native plugins compatible for Editor in 7.90 ms, found 3 plugins.
Preloading 0 native plugins for Editor in 0.00 ms.
Unloading 106 Unused Serialized files (Serialized files now loaded: 0)
Unloading 6874 unused Assets / (14.5 MB). Loaded Objects now: 7391.
Memory consumption went from 249.8 MB to 235.3 MB.
Total: 23.753000 ms (FindLiveObjects: 2.592600 ms CreateObjectMapping: 0.768300 ms MarkObjects: 10.229600 ms  DeleteObjects: 10.159600 ms)

Prepare: number of updated asset objects reloaded= 0
========================================================================
Received Prepare
Begin MonoManager ReloadAssembly
Symbol file LoadedFromMemory is not a mono symbol file
- Loaded All Assemblies, in  0.891 seconds
Refreshing native plugins compatible for Editor in 2.51 ms, found 3 plugins.
Native extension for iOS target not found
Native extension for Android target not found
Native extension for WindowsStandalone target not found
Mono: successfully reloaded assembly
- Finished resetting the current domain, in  0.859 seconds
Domain Reload Profiling: 1751ms
	BeginReloadAssembly (243ms)
		ExecutionOrderSort (0ms)
		DisableScriptedObjects (8ms)
		BackupInstance (0ms)
		ReleaseScriptingObjects (0ms)
		CreateAndSetChildDomain (67ms)
	RebuildCommonClasses (51ms)
	RebuildNativeTypeToScriptingClass (17ms)
	initialDomainReloadingComplete (37ms)
	LoadAllAssembliesAndSetupDomain (544ms)
		LoadAssemblies (441ms)
		RebuildTransferFunctionScriptingTraits (0ms)
		AnalyzeDomain (224ms)
			TypeCache.Refresh (8ms)
				TypeCache.ScanAssembly (0ms)
			BuildScriptInfoCaches (197ms)
			ResolveRequiredComponents (11ms)
	FinalizeReload (859ms)
		ReleaseScriptCaches (0ms)
		RebuildScriptCaches (0ms)
		SetupLoadedEditorAssemblies (672ms)
			LogAssemblyErrors (0ms)
			InitializePlatformSupportModulesInManaged (24ms)
			SetLoadedEditorAssemblies (4ms)
			BeforeProcessingInitializeOnLoad (133ms)
			ProcessInitializeOnLoadAttributes (430ms)
			ProcessInitializeOnLoadMethodAttributes (77ms)
			AfterProcessingInitializeOnLoad (4ms)
			EditorAssembliesLoaded (0ms)
		ExecutionOrderSort2 (0ms)
		AwakeInstancesAfterBackupRestoration (12ms)
Refreshing native plugins compatible for Editor in 2.21 ms, found 3 plugins.
Preloading 0 native plugins for Editor in 0.00 ms.
Unloading 106 Unused Serialized files (Serialized files now loaded: 0)
Unloading 6874 unused Assets / (13.7 MB). Loaded Objects now: 7393.
Memory consumption went from 249.8 MB to 236.0 MB.
Total: 19.393100 ms (FindLiveObjects: 0.630100 ms CreateObjectMapping: 0.495700 ms MarkObjects: 9.931700 ms  DeleteObjects: 8.333200 ms)

Prepare: number of updated asset objects reloaded= 0
========================================================================
Received Prepare
Begin MonoManager ReloadAssembly
Symbol file LoadedFromMemory is not a mono symbol file
- Loaded All Assemblies, in  0.888 seconds
Refreshing native plugins compatible for Editor in 2.35 ms, found 3 plugins.
Native extension for iOS target not found
Native extension for Android target not found
Native extension for WindowsStandalone target not found
Mono: successfully reloaded assembly
- Finished resetting the current domain, in  0.857 seconds
Domain Reload Profiling: 1745ms
	BeginReloadAssembly (234ms)
		ExecutionOrderSort (0ms)
		DisableScriptedObjects (6ms)
		BackupInstance (0ms)
		ReleaseScriptingObjects (0ms)
		CreateAndSetChildDomain (65ms)
	RebuildCommonClasses (39ms)
	RebuildNativeTypeToScriptingClass (17ms)
	initialDomainReloadingComplete (39ms)
	LoadAllAssembliesAndSetupDomain (559ms)
		LoadAssemblies (430ms)
		RebuildTransferFunctionScriptingTraits (0ms)
		AnalyzeDomain (243ms)
			TypeCache.Refresh (10ms)
				TypeCache.ScanAssembly (0ms)
			BuildScriptInfoCaches (214ms)
			ResolveRequiredComponents (13ms)
	FinalizeReload (858ms)
		ReleaseScriptCaches (0ms)
		RebuildScriptCaches (0ms)
		SetupLoadedEditorAssemblies (685ms)
			LogAssemblyErrors (0ms)
			InitializePlatformSupportModulesInManaged (16ms)
			SetLoadedEditorAssemblies (3ms)
			BeforeProcessingInitializeOnLoad (132ms)
			ProcessInitializeOnLoadAttributes (449ms)
			ProcessInitializeOnLoadMethodAttributes (80ms)
			AfterProcessingInitializeOnLoad (4ms)
			EditorAssembliesLoaded (0ms)
		ExecutionOrderSort2 (0ms)
		AwakeInstancesAfterBackupRestoration (11ms)
Refreshing native plugins compatible for Editor in 1.65 ms, found 3 plugins.
Preloading 0 native plugins for Editor in 0.00 ms.
Unloading 106 Unused Serialized files (Serialized files now loaded: 0)
Unloading 6874 unused Assets / (13.7 MB). Loaded Objects now: 7395.
Memory consumption went from 249.7 MB to 236.0 MB.
Total: 11.317000 ms (FindLiveObjects: 0.591400 ms CreateObjectMapping: 0.445400 ms MarkObjects: 4.664100 ms  DeleteObjects: 5.613800 ms)

Prepare: number of updated asset objects reloaded= 0
========================================================================
Received Prepare
Begin MonoManager ReloadAssembly
Symbol file LoadedFromMemory is not a mono symbol file
- Loaded All Assemblies, in  0.896 seconds
Refreshing native plugins compatible for Editor in 2.36 ms, found 3 plugins.
Native extension for iOS target not found
Native extension for Android target not found
Native extension for WindowsStandalone target not found
Mono: successfully reloaded assembly
- Finished resetting the current domain, in  0.824 seconds
Domain Reload Profiling: 1718ms
	BeginReloadAssembly (231ms)
		ExecutionOrderSort (0ms)
		DisableScriptedObjects (7ms)
		BackupInstance (0ms)
		ReleaseScriptingObjects (0ms)
		CreateAndSetChildDomain (60ms)
	RebuildCommonClasses (47ms)
	RebuildNativeTypeToScriptingClass (18ms)
	initialDomainReloadingComplete (39ms)
	LoadAllAssembliesAndSetupDomain (559ms)
		LoadAssemblies (453ms)
		RebuildTransferFunctionScriptingTraits (0ms)
		AnalyzeDomain (227ms)
			TypeCache.Refresh (8ms)
				TypeCache.ScanAssembly (0ms)
			BuildScriptInfoCaches (201ms)
			ResolveRequiredComponents (12ms)
	FinalizeReload (825ms)
		ReleaseScriptCaches (0ms)
		RebuildScriptCaches (0ms)
		SetupLoadedEditorAssemblies (672ms)
			LogAssemblyErrors (0ms)
			InitializePlatformSupportModulesInManaged (17ms)
			SetLoadedEditorAssemblies (6ms)
			BeforeProcessingInitializeOnLoad (138ms)
			ProcessInitializeOnLoadAttributes (434ms)
			ProcessInitializeOnLoadMethodAttributes (73ms)
			AfterProcessingInitializeOnLoad (4ms)
			EditorAssembliesLoaded (0ms)
		ExecutionOrderSort2 (0ms)
		AwakeInstancesAfterBackupRestoration (12ms)
Refreshing native plugins compatible for Editor in 2.36 ms, found 3 plugins.
Preloading 0 native plugins for Editor in 0.00 ms.
Unloading 106 Unused Serialized files (Serialized files now loaded: 0)
Unloading 6874 unused Assets / (14.1 MB). Loaded Objects now: 7397.
Memory consumption went from 249.8 MB to 235.7 MB.
Total: 15.431300 ms (FindLiveObjects: 0.786400 ms CreateObjectMapping: 0.605000 ms MarkObjects: 6.922900 ms  DeleteObjects: 7.114800 ms)

Prepare: number of updated asset objects reloaded= 0
========================================================================
Received Prepare
Begin MonoManager ReloadAssembly
Symbol file LoadedFromMemory is not a mono symbol file
- Loaded All Assemblies, in  0.941 seconds
Refreshing native plugins compatible for Editor in 3.00 ms, found 3 plugins.
Native extension for iOS target not found
Native extension for Android target not found
Native extension for WindowsStandalone target not found
Mono: successfully reloaded assembly
- Finished resetting the current domain, in  0.818 seconds
Domain Reload Profiling: 1760ms
	BeginReloadAssembly (234ms)
		ExecutionOrderSort (0ms)
		DisableScriptedObjects (8ms)
		BackupInstance (0ms)
		ReleaseScriptingObjects (0ms)
		CreateAndSetChildDomain (60ms)
	RebuildCommonClasses (50ms)
	RebuildNativeTypeToScriptingClass (14ms)
	initialDomainReloadingComplete (36ms)
	LoadAllAssembliesAndSetupDomain (608ms)
		LoadAssemblies (456ms)
		RebuildTransferFunctionScriptingTraits (0ms)
		AnalyzeDomain (268ms)
			TypeCache.Refresh (16ms)
				TypeCache.ScanAssembly (3ms)
			BuildScriptInfoCaches (233ms)
			ResolveRequiredComponents (13ms)
	FinalizeReload (819ms)
		ReleaseScriptCaches (0ms)
		RebuildScriptCaches (0ms)
		SetupLoadedEditorAssemblies (638ms)
			LogAssemblyErrors (0ms)
			InitializePlatformSupportModulesInManaged (18ms)
			SetLoadedEditorAssemblies (5ms)
			BeforeProcessingInitializeOnLoad (127ms)
			ProcessInitializeOnLoadAttributes (393ms)
			ProcessInitializeOnLoadMethodAttributes (90ms)
			AfterProcessingInitializeOnLoad (4ms)
			EditorAssembliesLoaded (0ms)
		ExecutionOrderSort2 (0ms)
		AwakeInstancesAfterBackupRestoration (11ms)
Refreshing native plugins compatible for Editor in 1.78 ms, found 3 plugins.
Preloading 0 native plugins for Editor in 0.00 ms.
Unloading 106 Unused Serialized files (Serialized files now loaded: 0)
Unloading 6874 unused Assets / (13.5 MB). Loaded Objects now: 7399.
Memory consumption went from 249.7 MB to 236.2 MB.
Total: 13.152900 ms (FindLiveObjects: 0.647300 ms CreateObjectMapping: 0.364400 ms MarkObjects: 6.153900 ms  DeleteObjects: 5.985400 ms)

Prepare: number of updated asset objects reloaded= 0
========================================================================
Received Prepare
Begin MonoManager ReloadAssembly
Symbol file LoadedFromMemory is not a mono symbol file
- Loaded All Assemblies, in  1.002 seconds
Refreshing native plugins compatible for Editor in 2.73 ms, found 3 plugins.
Native extension for iOS target not found
Native extension for Android target not found
Native extension for WindowsStandalone target not found
Mono: successfully reloaded assembly
- Finished resetting the current domain, in  0.909 seconds
Domain Reload Profiling: 1911ms
	BeginReloadAssembly (235ms)
		ExecutionOrderSort (0ms)
		DisableScriptedObjects (10ms)
		BackupInstance (0ms)
		ReleaseScriptingObjects (0ms)
		CreateAndSetChildDomain (59ms)
	RebuildCommonClasses (46ms)
	RebuildNativeTypeToScriptingClass (18ms)
	initialDomainReloadingComplete (42ms)
	LoadAllAssembliesAndSetupDomain (661ms)
		LoadAssemblies (453ms)
		RebuildTransferFunctionScriptingTraits (0ms)
		AnalyzeDomain (325ms)
			TypeCache.Refresh (8ms)
				TypeCache.ScanAssembly (0ms)
			BuildScriptInfoCaches (245ms)
			ResolveRequiredComponents (65ms)
	FinalizeReload (909ms)
		ReleaseScriptCaches (0ms)
		RebuildScriptCaches (0ms)
		SetupLoadedEditorAssemblies (726ms)
			LogAssemblyErrors (0ms)
			InitializePlatformSupportModulesInManaged (19ms)
			SetLoadedEditorAssemblies (4ms)
			BeforeProcessingInitializeOnLoad (135ms)
			ProcessInitializeOnLoadAttributes (490ms)
			ProcessInitializeOnLoadMethodAttributes (74ms)
			AfterProcessingInitializeOnLoad (4ms)
			EditorAssembliesLoaded (0ms)
		ExecutionOrderSort2 (0ms)
		AwakeInstancesAfterBackupRestoration (12ms)
Refreshing native plugins compatible for Editor in 1.63 ms, found 3 plugins.
Preloading 0 native plugins for Editor in 0.00 ms.
Unloading 106 Unused Serialized files (Serialized files now loaded: 0)
Unloading 6874 unused Assets / (14.2 MB). Loaded Objects now: 7401.
Memory consumption went from 249.8 MB to 235.6 MB.
Total: 13.357600 ms (FindLiveObjects: 0.846700 ms CreateObjectMapping: 0.506200 ms MarkObjects: 6.180200 ms  DeleteObjects: 5.822800 ms)

Prepare: number of updated asset objects reloaded= 0
========================================================================
Received Prepare
Begin MonoManager ReloadAssembly
Symbol file LoadedFromMemory is not a mono symbol file
- Loaded All Assemblies, in  1.449 seconds
Refreshing native plugins compatible for Editor in 2.60 ms, found 3 plugins.
Native extension for iOS target not found
Native extension for Android target not found
Native extension for WindowsStandalone target not found
Mono: successfully reloaded assembly
- Finished resetting the current domain, in  1.150 seconds
Domain Reload Profiling: 2599ms
	BeginReloadAssembly (299ms)
		ExecutionOrderSort (0ms)
		DisableScriptedObjects (11ms)
		BackupInstance (0ms)
		ReleaseScriptingObjects (0ms)
		CreateAndSetChildDomain (74ms)
	RebuildCommonClasses (64ms)
	RebuildNativeTypeToScriptingClass (21ms)
	initialDomainReloadingComplete (46ms)
	LoadAllAssembliesAndSetupDomain (1020ms)
		LoadAssemblies (760ms)
		RebuildTransferFunctionScriptingTraits (0ms)
		AnalyzeDomain (410ms)
			TypeCache.Refresh (22ms)
				TypeCache.ScanAssembly (5ms)
			BuildScriptInfoCaches (353ms)
			ResolveRequiredComponents (26ms)
	FinalizeReload (1150ms)
		ReleaseScriptCaches (0ms)
		RebuildScriptCaches (0ms)
		SetupLoadedEditorAssemblies (944ms)
			LogAssemblyErrors (0ms)
			InitializePlatformSupportModulesInManaged (24ms)
			SetLoadedEditorAssemblies (4ms)
			BeforeProcessingInitializeOnLoad (164ms)
			ProcessInitializeOnLoadAttributes (511ms)
			ProcessInitializeOnLoadMethodAttributes (237ms)
			AfterProcessingInitializeOnLoad (5ms)
			EditorAssembliesLoaded (0ms)
		ExecutionOrderSort2 (0ms)
		AwakeInstancesAfterBackupRestoration (31ms)
Refreshing native plugins compatible for Editor in 1.58 ms, found 3 plugins.
Preloading 0 native plugins for Editor in 0.00 ms.
Unloading 106 Unused Serialized files (Serialized files now loaded: 0)
Unloading 6874 unused Assets / (14.3 MB). Loaded Objects now: 7403.
Memory consumption went from 249.7 MB to 235.4 MB.
Total: 17.667300 ms (FindLiveObjects: 1.273000 ms CreateObjectMapping: 0.913600 ms MarkObjects: 6.497000 ms  DeleteObjects: 8.981100 ms)

Prepare: number of updated asset objects reloaded= 0
========================================================================
Received Prepare
Begin MonoManager ReloadAssembly
Symbol file LoadedFromMemory is not a mono symbol file
- Loaded All Assemblies, in  0.989 seconds
Refreshing native plugins compatible for Editor in 2.60 ms, found 3 plugins.
Native extension for iOS target not found
Native extension for Android target not found
Native extension for WindowsStandalone target not found
Mono: successfully reloaded assembly
- Finished resetting the current domain, in  1.042 seconds
Domain Reload Profiling: 2031ms
	BeginReloadAssembly (243ms)
		ExecutionOrderSort (0ms)
		DisableScriptedObjects (7ms)
		BackupInstance (0ms)
		ReleaseScriptingObjects (0ms)
		CreateAndSetChildDomain (60ms)
	RebuildCommonClasses (41ms)
	RebuildNativeTypeToScriptingClass (17ms)
	initialDomainReloadingComplete (35ms)
	LoadAllAssembliesAndSetupDomain (653ms)
		LoadAssemblies (514ms)
		RebuildTransferFunctionScriptingTraits (0ms)
		AnalyzeDomain (266ms)
			TypeCache.Refresh (9ms)
				TypeCache.ScanAssembly (0ms)
			BuildScriptInfoCaches (237ms)
			ResolveRequiredComponents (14ms)
	FinalizeReload (1043ms)
		ReleaseScriptCaches (0ms)
		RebuildScriptCaches (0ms)
		SetupLoadedEditorAssemblies (853ms)
			LogAssemblyErrors (0ms)
			InitializePlatformSupportModulesInManaged (17ms)
			SetLoadedEditorAssemblies (6ms)
			BeforeProcessingInitializeOnLoad (180ms)
			ProcessInitializeOnLoadAttributes (549ms)
			ProcessInitializeOnLoadMethodAttributes (95ms)
			AfterProcessingInitializeOnLoad (5ms)
			EditorAssembliesLoaded (0ms)
		ExecutionOrderSort2 (0ms)
		AwakeInstancesAfterBackupRestoration (10ms)
Refreshing native plugins compatible for Editor in 3.65 ms, found 3 plugins.
Preloading 0 native plugins for Editor in 0.00 ms.
Unloading 106 Unused Serialized files (Serialized files now loaded: 0)
Unloading 6874 unused Assets / (14.0 MB). Loaded Objects now: 7405.
Memory consumption went from 249.8 MB to 235.8 MB.
Total: 20.835800 ms (FindLiveObjects: 1.552500 ms CreateObjectMapping: 1.524500 ms MarkObjects: 8.810000 ms  DeleteObjects: 8.945400 ms)

Prepare: number of updated asset objects reloaded= 0
========================================================================
Received Prepare
Begin MonoManager ReloadAssembly
Symbol file LoadedFromMemory is not a mono symbol file
- Loaded All Assemblies, in  0.944 seconds
Refreshing native plugins compatible for Editor in 2.50 ms, found 3 plugins.
Native extension for iOS target not found
Native extension for Android target not found
Native extension for WindowsStandalone target not found
Mono: successfully reloaded assembly
- Finished resetting the current domain, in  0.822 seconds
Domain Reload Profiling: 1765ms
	BeginReloadAssembly (234ms)
		ExecutionOrderSort (0ms)
		DisableScriptedObjects (6ms)
		BackupInstance (0ms)
		ReleaseScriptingObjects (0ms)
		CreateAndSetChildDomain (61ms)
	RebuildCommonClasses (54ms)
	RebuildNativeTypeToScriptingClass (16ms)
	initialDomainReloadingComplete (29ms)
	LoadAllAssembliesAndSetupDomain (610ms)
		LoadAssemblies (444ms)
		RebuildTransferFunctionScriptingTraits (0ms)
		AnalyzeDomain (280ms)
			TypeCache.Refresh (17ms)
				TypeCache.ScanAssembly (3ms)
			BuildScriptInfoCaches (247ms)
			ResolveRequiredComponents (11ms)
	FinalizeReload (822ms)
		ReleaseScriptCaches (0ms)
		RebuildScriptCaches (0ms)
		SetupLoadedEditorAssemblies (667ms)
			LogAssemblyErrors (0ms)
			InitializePlatformSupportModulesInManaged (17ms)
			SetLoadedEditorAssemblies (5ms)
			BeforeProcessingInitializeOnLoad (132ms)
			ProcessInitializeOnLoadAttributes (405ms)
			ProcessInitializeOnLoadMethodAttributes (102ms)
			AfterProcessingInitializeOnLoad (5ms)
			EditorAssembliesLoaded (0ms)
		ExecutionOrderSort2 (0ms)
		AwakeInstancesAfterBackupRestoration (11ms)
Refreshing native plugins compatible for Editor in 1.64 ms, found 3 plugins.
Preloading 0 native plugins for Editor in 0.00 ms.
Unloading 106 Unused Serialized files (Serialized files now loaded: 0)
Unloading 6874 unused Assets / (13.2 MB). Loaded Objects now: 7407.
Memory consumption went from 249.8 MB to 236.6 MB.
Total: 13.663900 ms (FindLiveObjects: 0.780300 ms CreateObjectMapping: 0.714200 ms MarkObjects: 6.104600 ms  DeleteObjects: 6.062400 ms)

Prepare: number of updated asset objects reloaded= 0
========================================================================
Received Prepare
Begin MonoManager ReloadAssembly
Symbol file LoadedFromMemory is not a mono symbol file
- Loaded All Assemblies, in  0.880 seconds
Refreshing native plugins compatible for Editor in 1.39 ms, found 3 plugins.
Native extension for iOS target not found
Native extension for Android target not found
Native extension for WindowsStandalone target not found
Mono: successfully reloaded assembly
- Finished resetting the current domain, in  0.851 seconds
Domain Reload Profiling: 1732ms
	BeginReloadAssembly (227ms)
		ExecutionOrderSort (0ms)
		DisableScriptedObjects (6ms)
		BackupInstance (0ms)
		ReleaseScriptingObjects (0ms)
		CreateAndSetChildDomain (58ms)
	RebuildCommonClasses (53ms)
	RebuildNativeTypeToScriptingClass (14ms)
	initialDomainReloadingComplete (30ms)
	LoadAllAssembliesAndSetupDomain (555ms)
		LoadAssemblies (415ms)
		RebuildTransferFunctionScriptingTraits (0ms)
		AnalyzeDomain (258ms)
			TypeCache.Refresh (8ms)
				TypeCache.ScanAssembly (0ms)
			BuildScriptInfoCaches (229ms)
			ResolveRequiredComponents (16ms)
	FinalizeReload (852ms)
		ReleaseScriptCaches (0ms)
		RebuildScriptCaches (0ms)
		SetupLoadedEditorAssemblies (702ms)
			LogAssemblyErrors (0ms)
			InitializePlatformSupportModulesInManaged (24ms)
			SetLoadedEditorAssemblies (5ms)
			BeforeProcessingInitializeOnLoad (126ms)
			ProcessInitializeOnLoadAttributes (451ms)
			ProcessInitializeOnLoadMethodAttributes (90ms)
			AfterProcessingInitializeOnLoad (5ms)
			EditorAssembliesLoaded (0ms)
		ExecutionOrderSort2 (0ms)
		AwakeInstancesAfterBackupRestoration (11ms)
Refreshing native plugins compatible for Editor in 2.43 ms, found 3 plugins.
Preloading 0 native plugins for Editor in 0.00 ms.
Unloading 106 Unused Serialized files (Serialized files now loaded: 0)
Unloading 6874 unused Assets / (13.7 MB). Loaded Objects now: 7409.
Memory consumption went from 249.7 MB to 236.0 MB.
Total: 13.302700 ms (FindLiveObjects: 0.611900 ms CreateObjectMapping: 0.376500 ms MarkObjects: 5.459000 ms  DeleteObjects: 6.853500 ms)

Prepare: number of updated asset objects reloaded= 0
========================================================================
Received Prepare
Begin MonoManager ReloadAssembly
Symbol file LoadedFromMemory is not a mono symbol file
- Loaded All Assemblies, in  1.001 seconds
Refreshing native plugins compatible for Editor in 1.57 ms, found 3 plugins.
Native extension for iOS target not found
Native extension for Android target not found
Native extension for WindowsStandalone target not found
Mono: successfully reloaded assembly
- Finished resetting the current domain, in  0.840 seconds
Domain Reload Profiling: 1840ms
	BeginReloadAssembly (269ms)
		ExecutionOrderSort (0ms)
		DisableScriptedObjects (7ms)
		BackupInstance (0ms)
		ReleaseScriptingObjects (0ms)
		CreateAndSetChildDomain (75ms)
	RebuildCommonClasses (42ms)
	RebuildNativeTypeToScriptingClass (14ms)
	initialDomainReloadingComplete (36ms)
	LoadAllAssembliesAndSetupDomain (638ms)
		LoadAssemblies (459ms)
		RebuildTransferFunctionScriptingTraits (0ms)
		AnalyzeDomain (318ms)
			TypeCache.Refresh (11ms)
				TypeCache.ScanAssembly (0ms)
			BuildScriptInfoCaches (288ms)
			ResolveRequiredComponents (12ms)
	FinalizeReload (841ms)
		ReleaseScriptCaches (0ms)
		RebuildScriptCaches (0ms)
		SetupLoadedEditorAssemblies (672ms)
			LogAssemblyErrors (0ms)
			InitializePlatformSupportModulesInManaged (20ms)
			SetLoadedEditorAssemblies (5ms)
			BeforeProcessingInitializeOnLoad (128ms)
			ProcessInitializeOnLoadAttributes (431ms)
			ProcessInitializeOnLoadMethodAttributes (82ms)
			AfterProcessingInitializeOnLoad (5ms)
			EditorAssembliesLoaded (0ms)
		ExecutionOrderSort2 (0ms)
		AwakeInstancesAfterBackupRestoration (13ms)
Refreshing native plugins compatible for Editor in 1.74 ms, found 3 plugins.
Preloading 0 native plugins for Editor in 0.00 ms.
Unloading 106 Unused Serialized files (Serialized files now loaded: 0)
Unloading 6874 unused Assets / (13.3 MB). Loaded Objects now: 7411.
Memory consumption went from 249.8 MB to 236.5 MB.
Total: 12.321400 ms (FindLiveObjects: 0.743900 ms CreateObjectMapping: 0.637900 ms MarkObjects: 5.139200 ms  DeleteObjects: 5.798300 ms)

Prepare: number of updated asset objects reloaded= 0
========================================================================
Received Prepare
Begin MonoManager ReloadAssembly
Symbol file LoadedFromMemory is not a mono symbol file
- Loaded All Assemblies, in  0.937 seconds
Refreshing native plugins compatible for Editor in 1.85 ms, found 3 plugins.
Native extension for iOS target not found
Native extension for Android target not found
Native extension for WindowsStandalone target not found
Mono: successfully reloaded assembly
- Finished resetting the current domain, in  0.832 seconds
Domain Reload Profiling: 1769ms
	BeginReloadAssembly (236ms)
		ExecutionOrderSort (0ms)
		DisableScriptedObjects (9ms)
		BackupInstance (0ms)
		ReleaseScriptingObjects (0ms)
		CreateAndSetChildDomain (55ms)
	RebuildCommonClasses (47ms)
	RebuildNativeTypeToScriptingClass (15ms)
	initialDomainReloadingComplete (37ms)
	LoadAllAssembliesAndSetupDomain (602ms)
		LoadAssemblies (433ms)
		RebuildTransferFunctionScriptingTraits (0ms)
		AnalyzeDomain (291ms)
			TypeCache.Refresh (14ms)
				TypeCache.ScanAssembly (2ms)
			BuildScriptInfoCaches (260ms)
			ResolveRequiredComponents (12ms)
	FinalizeReload (832ms)
		ReleaseScriptCaches (0ms)
		RebuildScriptCaches (0ms)
		SetupLoadedEditorAssemblies (659ms)
			LogAssemblyErrors (0ms)
			InitializePlatformSupportModulesInManaged (18ms)
			SetLoadedEditorAssemblies (4ms)
			BeforeProcessingInitializeOnLoad (130ms)
			ProcessInitializeOnLoadAttributes (408ms)
			ProcessInitializeOnLoadMethodAttributes (95ms)
			AfterProcessingInitializeOnLoad (5ms)
			EditorAssembliesLoaded (0ms)
		ExecutionOrderSort2 (0ms)
		AwakeInstancesAfterBackupRestoration (11ms)
Refreshing native plugins compatible for Editor in 1.59 ms, found 3 plugins.
Preloading 0 native plugins for Editor in 0.00 ms.
Unloading 106 Unused Serialized files (Serialized files now loaded: 0)
Unloading 6874 unused Assets / (15.1 MB). Loaded Objects now: 7413.
Memory consumption went from 249.8 MB to 234.7 MB.
Total: 13.797800 ms (FindLiveObjects: 0.676500 ms CreateObjectMapping: 1.432000 ms MarkObjects: 5.039800 ms  DeleteObjects: 6.647800 ms)

Prepare: number of updated asset objects reloaded= 0
========================================================================
Received Prepare
Begin MonoManager ReloadAssembly
Symbol file LoadedFromMemory is not a mono symbol file
- Loaded All Assemblies, in  0.886 seconds
Refreshing native plugins compatible for Editor in 1.55 ms, found 3 plugins.
Native extension for iOS target not found
Native extension for Android target not found
Native extension for WindowsStandalone target not found
Mono: successfully reloaded assembly
- Finished resetting the current domain, in  0.848 seconds
Domain Reload Profiling: 1728ms
	BeginReloadAssembly (233ms)
		ExecutionOrderSort (0ms)
		DisableScriptedObjects (7ms)
		BackupInstance (0ms)
		ReleaseScriptingObjects (0ms)
		CreateAndSetChildDomain (63ms)
	RebuildCommonClasses (50ms)
	RebuildNativeTypeToScriptingClass (19ms)
	initialDomainReloadingComplete (32ms)
	LoadAllAssembliesAndSetupDomain (546ms)
		LoadAssemblies (422ms)
		RebuildTransferFunctionScriptingTraits (0ms)
		AnalyzeDomain (241ms)
			TypeCache.Refresh (9ms)
				TypeCache.ScanAssembly (0ms)
			BuildScriptInfoCaches (215ms)
			ResolveRequiredComponents (11ms)
	FinalizeReload (849ms)
		ReleaseScriptCaches (0ms)
		RebuildScriptCaches (0ms)
		SetupLoadedEditorAssemblies (668ms)
			LogAssemblyErrors (0ms)
			InitializePlatformSupportModulesInManaged (19ms)
			SetLoadedEditorAssemblies (3ms)
			BeforeProcessingInitializeOnLoad (133ms)
			ProcessInitializeOnLoadAttributes (431ms)
			ProcessInitializeOnLoadMethodAttributes (76ms)
			AfterProcessingInitializeOnLoad (7ms)
			EditorAssembliesLoaded (0ms)
		ExecutionOrderSort2 (0ms)
		AwakeInstancesAfterBackupRestoration (14ms)
Refreshing native plugins compatible for Editor in 2.03 ms, found 3 plugins.
Preloading 0 native plugins for Editor in 0.00 ms.
Unloading 106 Unused Serialized files (Serialized files now loaded: 0)
Unloading 6874 unused Assets / (13.4 MB). Loaded Objects now: 7415.
Memory consumption went from 249.8 MB to 236.5 MB.
Total: 12.922300 ms (FindLiveObjects: 0.729200 ms CreateObjectMapping: 0.637700 ms MarkObjects: 6.008100 ms  DeleteObjects: 5.545000 ms)

Prepare: number of updated asset objects reloaded= 0
========================================================================
Received Prepare
Begin MonoManager ReloadAssembly
Symbol file LoadedFromMemory is not a mono symbol file
- Loaded All Assemblies, in  0.941 seconds
Refreshing native plugins compatible for Editor in 3.84 ms, found 3 plugins.
Native extension for iOS target not found
Native extension for Android target not found
Native extension for WindowsStandalone target not found
Mono: successfully reloaded assembly
- Finished resetting the current domain, in  0.803 seconds
Domain Reload Profiling: 1744ms
	BeginReloadAssembly (246ms)
		ExecutionOrderSort (0ms)
		DisableScriptedObjects (8ms)
		BackupInstance (0ms)
		ReleaseScriptingObjects (0ms)
		CreateAndSetChildDomain (67ms)
	RebuildCommonClasses (39ms)
	RebuildNativeTypeToScriptingClass (14ms)
	initialDomainReloadingComplete (31ms)
	LoadAllAssembliesAndSetupDomain (612ms)
		LoadAssemblies (447ms)
		RebuildTransferFunctionScriptingTraits (0ms)
		AnalyzeDomain (285ms)
			TypeCache.Refresh (16ms)
				TypeCache.ScanAssembly (3ms)
			BuildScriptInfoCaches (253ms)
			ResolveRequiredComponents (11ms)
	FinalizeReload (804ms)
		ReleaseScriptCaches (0ms)
		RebuildScriptCaches (0ms)
		SetupLoadedEditorAssemblies (632ms)
			LogAssemblyErrors (0ms)
			InitializePlatformSupportModulesInManaged (22ms)
			SetLoadedEditorAssemblies (4ms)
			BeforeProcessingInitializeOnLoad (110ms)
			ProcessInitializeOnLoadAttributes (409ms)
			ProcessInitializeOnLoadMethodAttributes (82ms)
			AfterProcessingInitializeOnLoad (6ms)
			EditorAssembliesLoaded (0ms)
		ExecutionOrderSort2 (0ms)
		AwakeInstancesAfterBackupRestoration (11ms)
Refreshing native plugins compatible for Editor in 1.52 ms, found 3 plugins.
Preloading 0 native plugins for Editor in 0.00 ms.
Unloading 106 Unused Serialized files (Serialized files now loaded: 0)
Unloading 6874 unused Assets / (14.4 MB). Loaded Objects now: 7417.
Memory consumption went from 249.8 MB to 235.5 MB.
Total: 14.870900 ms (FindLiveObjects: 0.604400 ms CreateObjectMapping: 0.390400 ms MarkObjects: 6.264000 ms  DeleteObjects: 7.610600 ms)

Prepare: number of updated asset objects reloaded= 0
========================================================================
Received Prepare
Begin MonoManager ReloadAssembly
Symbol file LoadedFromMemory is not a mono symbol file
- Loaded All Assemblies, in  1.113 seconds
Refreshing native plugins compatible for Editor in 1.92 ms, found 3 plugins.
Native extension for iOS target not found
Native extension for Android target not found
Native extension for WindowsStandalone target not found
Mono: successfully reloaded assembly
- Finished resetting the current domain, in  1.038 seconds
Domain Reload Profiling: 2152ms
	BeginReloadAssembly (275ms)
		ExecutionOrderSort (0ms)
		DisableScriptedObjects (10ms)
		BackupInstance (0ms)
		ReleaseScriptingObjects (0ms)
		CreateAndSetChildDomain (78ms)
	RebuildCommonClasses (52ms)
	RebuildNativeTypeToScriptingClass (16ms)
	initialDomainReloadingComplete (30ms)
	LoadAllAssembliesAndSetupDomain (740ms)
		LoadAssemblies (489ms)
		RebuildTransferFunctionScriptingTraits (0ms)
		AnalyzeDomain (371ms)
			TypeCache.Refresh (9ms)
				TypeCache.ScanAssembly (0ms)
			BuildScriptInfoCaches (329ms)
			ResolveRequiredComponents (26ms)
	FinalizeReload (1039ms)
		ReleaseScriptCaches (0ms)
		RebuildScriptCaches (0ms)
		SetupLoadedEditorAssemblies (877ms)
			LogAssemblyErrors (0ms)
			InitializePlatformSupportModulesInManaged (31ms)
			SetLoadedEditorAssemblies (6ms)
			BeforeProcessingInitializeOnLoad (164ms)
			ProcessInitializeOnLoadAttributes (569ms)
			ProcessInitializeOnLoadMethodAttributes (101ms)
			AfterProcessingInitializeOnLoad (5ms)
			EditorAssembliesLoaded (0ms)
		ExecutionOrderSort2 (0ms)
		AwakeInstancesAfterBackupRestoration (12ms)
Refreshing native plugins compatible for Editor in 4.06 ms, found 3 plugins.
Preloading 0 native plugins for Editor in 0.00 ms.
Unloading 106 Unused Serialized files (Serialized files now loaded: 0)
Unloading 6874 unused Assets / (14.3 MB). Loaded Objects now: 7419.
Memory consumption went from 249.7 MB to 235.5 MB.
Total: 21.485200 ms (FindLiveObjects: 0.773500 ms CreateObjectMapping: 0.519100 ms MarkObjects: 8.375800 ms  DeleteObjects: 11.798300 ms)

Prepare: number of updated asset objects reloaded= 0
========================================================================
Received Prepare
Begin MonoManager ReloadAssembly
Symbol file LoadedFromMemory is not a mono symbol file
- Loaded All Assemblies, in  0.927 seconds
Refreshing native plugins compatible for Editor in 1.99 ms, found 3 plugins.
Native extension for iOS target not found
Native extension for Android target not found
Native extension for WindowsStandalone target not found
Mono: successfully reloaded assembly
- Finished resetting the current domain, in  0.873 seconds
Domain Reload Profiling: 1801ms
	BeginReloadAssembly (237ms)
		ExecutionOrderSort (0ms)
		DisableScriptedObjects (8ms)
		BackupInstance (0ms)
		ReleaseScriptingObjects (0ms)
		CreateAndSetChildDomain (59ms)
	RebuildCommonClasses (51ms)
	RebuildNativeTypeToScriptingClass (17ms)
	initialDomainReloadingComplete (36ms)
	LoadAllAssembliesAndSetupDomain (586ms)
		LoadAssemblies (430ms)
		RebuildTransferFunctionScriptingTraits (0ms)
		AnalyzeDomain (275ms)
			TypeCache.Refresh (16ms)
				TypeCache.ScanAssembly (3ms)
			BuildScriptInfoCaches (243ms)
			ResolveRequiredComponents (10ms)
	FinalizeReload (874ms)
		ReleaseScriptCaches (0ms)
		RebuildScriptCaches (0ms)
		SetupLoadedEditorAssemblies (683ms)
			LogAssemblyErrors (0ms)
			InitializePlatformSupportModulesInManaged (18ms)
			SetLoadedEditorAssemblies (5ms)
			BeforeProcessingInitializeOnLoad (119ms)
			ProcessInitializeOnLoadAttributes (442ms)
			ProcessInitializeOnLoadMethodAttributes (93ms)
			AfterProcessingInitializeOnLoad (5ms)
			EditorAssembliesLoaded (1ms)
		ExecutionOrderSort2 (0ms)
		AwakeInstancesAfterBackupRestoration (12ms)
Refreshing native plugins compatible for Editor in 2.73 ms, found 3 plugins.
Preloading 0 native plugins for Editor in 0.00 ms.
Unloading 106 Unused Serialized files (Serialized files now loaded: 0)
Unloading 6874 unused Assets / (14.7 MB). Loaded Objects now: 7421.
Memory consumption went from 249.8 MB to 235.1 MB.
Total: 20.609700 ms (FindLiveObjects: 1.631800 ms CreateObjectMapping: 0.675200 ms MarkObjects: 7.927900 ms  DeleteObjects: 10.372100 ms)

Prepare: number of updated asset objects reloaded= 0
========================================================================
Received Prepare
Begin MonoManager ReloadAssembly
Symbol file LoadedFromMemory is not a mono symbol file
- Loaded All Assemblies, in  0.856 seconds
Refreshing native plugins compatible for Editor in 2.26 ms, found 3 plugins.
Native extension for iOS target not found
Native extension for Android target not found
Native extension for WindowsStandalone target not found
Mono: successfully reloaded assembly
- Finished resetting the current domain, in  0.823 seconds
Domain Reload Profiling: 1680ms
	BeginReloadAssembly (224ms)
		ExecutionOrderSort (0ms)
		DisableScriptedObjects (6ms)
		BackupInstance (0ms)
		ReleaseScriptingObjects (0ms)
		CreateAndSetChildDomain (55ms)
	RebuildCommonClasses (40ms)
	RebuildNativeTypeToScriptingClass (18ms)
	initialDomainReloadingComplete (39ms)
	LoadAllAssembliesAndSetupDomain (534ms)
		LoadAssemblies (421ms)
		RebuildTransferFunctionScriptingTraits (0ms)
		AnalyzeDomain (232ms)
			TypeCache.Refresh (8ms)
				TypeCache.ScanAssembly (0ms)
			BuildScriptInfoCaches (207ms)
			ResolveRequiredComponents (10ms)
	FinalizeReload (824ms)
		ReleaseScriptCaches (0ms)
		RebuildScriptCaches (0ms)
		SetupLoadedEditorAssemblies (654ms)
			LogAssemblyErrors (0ms)
			InitializePlatformSupportModulesInManaged (24ms)
			SetLoadedEditorAssemblies (5ms)
			BeforeProcessingInitializeOnLoad (136ms)
			ProcessInitializeOnLoadAttributes (395ms)
			ProcessInitializeOnLoadMethodAttributes (89ms)
			AfterProcessingInitializeOnLoad (4ms)
			EditorAssembliesLoaded (0ms)
		ExecutionOrderSort2 (0ms)
		AwakeInstancesAfterBackupRestoration (10ms)
Refreshing native plugins compatible for Editor in 1.73 ms, found 3 plugins.
Preloading 0 native plugins for Editor in 0.00 ms.
Unloading 106 Unused Serialized files (Serialized files now loaded: 0)
Unloading 6874 unused Assets / (13.1 MB). Loaded Objects now: 7423.
Memory consumption went from 249.8 MB to 236.7 MB.
Total: 14.706000 ms (FindLiveObjects: 0.794100 ms CreateObjectMapping: 0.680100 ms MarkObjects: 7.633500 ms  DeleteObjects: 5.596400 ms)

Prepare: number of updated asset objects reloaded= 0
========================================================================
Received Prepare
Begin MonoManager ReloadAssembly
Symbol file LoadedFromMemory is not a mono symbol file
- Loaded All Assemblies, in  0.896 seconds
Refreshing native plugins compatible for Editor in 2.29 ms, found 3 plugins.
Native extension for iOS target not found
Native extension for Android target not found
Native extension for WindowsStandalone target not found
Mono: successfully reloaded assembly
- Finished resetting the current domain, in  0.891 seconds
Domain Reload Profiling: 1787ms
	BeginReloadAssembly (228ms)
		ExecutionOrderSort (0ms)
		DisableScriptedObjects (7ms)
		BackupInstance (0ms)
		ReleaseScriptingObjects (0ms)
		CreateAndSetChildDomain (58ms)
	RebuildCommonClasses (48ms)
	RebuildNativeTypeToScriptingClass (14ms)
	initialDomainReloadingComplete (39ms)
	LoadAllAssembliesAndSetupDomain (567ms)
		LoadAssemblies (423ms)
		RebuildTransferFunctionScriptingTraits (0ms)
		AnalyzeDomain (261ms)
			TypeCache.Refresh (10ms)
				TypeCache.ScanAssembly (0ms)
			BuildScriptInfoCaches (235ms)
			ResolveRequiredComponents (12ms)
	FinalizeReload (892ms)
		ReleaseScriptCaches (0ms)
		RebuildScriptCaches (0ms)
		SetupLoadedEditorAssemblies (651ms)
			LogAssemblyErrors (0ms)
			InitializePlatformSupportModulesInManaged (18ms)
			SetLoadedEditorAssemblies (4ms)
			BeforeProcessingInitializeOnLoad (114ms)
			ProcessInitializeOnLoadAttributes (428ms)
			ProcessInitializeOnLoadMethodAttributes (82ms)
			AfterProcessingInitializeOnLoad (6ms)
			EditorAssembliesLoaded (0ms)
		ExecutionOrderSort2 (0ms)
		AwakeInstancesAfterBackupRestoration (68ms)
Refreshing native plugins compatible for Editor in 2.20 ms, found 3 plugins.
Preloading 0 native plugins for Editor in 0.00 ms.
Unloading 106 Unused Serialized files (Serialized files now loaded: 0)
Unloading 6874 unused Assets / (14.2 MB). Loaded Objects now: 7425.
Memory consumption went from 249.8 MB to 235.6 MB.
Total: 14.483100 ms (FindLiveObjects: 0.672300 ms CreateObjectMapping: 0.454900 ms MarkObjects: 5.494600 ms  DeleteObjects: 7.858600 ms)

Prepare: number of updated asset objects reloaded= 0
========================================================================
Received Prepare
Begin MonoManager ReloadAssembly
Symbol file LoadedFromMemory is not a mono symbol file
- Loaded All Assemblies, in  0.935 seconds
Refreshing native plugins compatible for Editor in 1.97 ms, found 3 plugins.
Native extension for iOS target not found
Native extension for Android target not found
Native extension for WindowsStandalone target not found
Mono: successfully reloaded assembly
- Finished resetting the current domain, in  0.836 seconds
Domain Reload Profiling: 1771ms
	BeginReloadAssembly (269ms)
		ExecutionOrderSort (0ms)
		DisableScriptedObjects (7ms)
		BackupInstance (0ms)
		ReleaseScriptingObjects (0ms)
		CreateAndSetChildDomain (82ms)
	RebuildCommonClasses (54ms)
	RebuildNativeTypeToScriptingClass (16ms)
	initialDomainReloadingComplete (37ms)
	LoadAllAssembliesAndSetupDomain (559ms)
		LoadAssemblies (447ms)
		RebuildTransferFunctionScriptingTraits (0ms)
		AnalyzeDomain (244ms)
			TypeCache.Refresh (8ms)
				TypeCache.ScanAssembly (0ms)
			BuildScriptInfoCaches (217ms)
			ResolveRequiredComponents (12ms)
	FinalizeReload (836ms)
		ReleaseScriptCaches (0ms)
		RebuildScriptCaches (0ms)
		SetupLoadedEditorAssemblies (685ms)
			LogAssemblyErrors (0ms)
			InitializePlatformSupportModulesInManaged (19ms)
			SetLoadedEditorAssemblies (4ms)
			BeforeProcessingInitializeOnLoad (134ms)
			ProcessInitializeOnLoadAttributes (421ms)
			ProcessInitializeOnLoadMethodAttributes (102ms)
			AfterProcessingInitializeOnLoad (5ms)
			EditorAssembliesLoaded (0ms)
		ExecutionOrderSort2 (0ms)
		AwakeInstancesAfterBackupRestoration (11ms)
Refreshing native plugins compatible for Editor in 2.32 ms, found 3 plugins.
Preloading 0 native plugins for Editor in 0.00 ms.
Unloading 106 Unused Serialized files (Serialized files now loaded: 0)
Unloading 6874 unused Assets / (14.6 MB). Loaded Objects now: 7427.
Memory consumption went from 249.8 MB to 235.2 MB.
Total: 22.311300 ms (FindLiveObjects: 0.816300 ms CreateObjectMapping: 0.616400 ms MarkObjects: 8.796400 ms  DeleteObjects: 12.079400 ms)

Prepare: number of updated asset objects reloaded= 0
========================================================================
Received Prepare
Begin MonoManager ReloadAssembly
Symbol file LoadedFromMemory is not a mono symbol file
- Loaded All Assemblies, in  0.871 seconds
Refreshing native plugins compatible for Editor in 2.45 ms, found 3 plugins.
Native extension for iOS target not found
Native extension for Android target not found
Native extension for WindowsStandalone target not found
Mono: successfully reloaded assembly
- Finished resetting the current domain, in  0.905 seconds
Domain Reload Profiling: 1776ms
	BeginReloadAssembly (226ms)
		ExecutionOrderSort (0ms)
		DisableScriptedObjects (6ms)
		BackupInstance (0ms)
		ReleaseScriptingObjects (0ms)
		CreateAndSetChildDomain (57ms)
	RebuildCommonClasses (53ms)
	RebuildNativeTypeToScriptingClass (14ms)
	initialDomainReloadingComplete (37ms)
	LoadAllAssembliesAndSetupDomain (541ms)
		LoadAssemblies (422ms)
		RebuildTransferFunctionScriptingTraits (0ms)
		AnalyzeDomain (236ms)
			TypeCache.Refresh (9ms)
				TypeCache.ScanAssembly (0ms)
			BuildScriptInfoCaches (207ms)
			ResolveRequiredComponents (12ms)
	FinalizeReload (906ms)
		ReleaseScriptCaches (0ms)
		RebuildScriptCaches (0ms)
		SetupLoadedEditorAssemblies (743ms)
			LogAssemblyErrors (0ms)
			InitializePlatformSupportModulesInManaged (17ms)
			SetLoadedEditorAssemblies (3ms)
			BeforeProcessingInitializeOnLoad (133ms)
			ProcessInitializeOnLoadAttributes (433ms)
			ProcessInitializeOnLoadMethodAttributes (148ms)
			AfterProcessingInitializeOnLoad (8ms)
			EditorAssembliesLoaded (1ms)
		ExecutionOrderSort2 (0ms)
		AwakeInstancesAfterBackupRestoration (14ms)
Refreshing native plugins compatible for Editor in 1.73 ms, found 3 plugins.
Preloading 0 native plugins for Editor in 0.00 ms.
Unloading 106 Unused Serialized files (Serialized files now loaded: 0)
Unloading 6874 unused Assets / (14.7 MB). Loaded Objects now: 7429.
Memory consumption went from 249.8 MB to 235.1 MB.
Total: 19.909600 ms (FindLiveObjects: 1.810300 ms CreateObjectMapping: 0.386800 ms MarkObjects: 7.495900 ms  DeleteObjects: 10.214000 ms)

Prepare: number of updated asset objects reloaded= 0
========================================================================
Received Prepare
Begin MonoManager ReloadAssembly
Symbol file LoadedFromMemory is not a mono symbol file
- Loaded All Assemblies, in  0.892 seconds
Refreshing native plugins compatible for Editor in 1.49 ms, found 3 plugins.
Native extension for iOS target not found
Native extension for Android target not found
Native extension for WindowsStandalone target not found
Mono: successfully reloaded assembly
- Finished resetting the current domain, in  0.910 seconds
Domain Reload Profiling: 1803ms
	BeginReloadAssembly (237ms)
		ExecutionOrderSort (0ms)
		DisableScriptedObjects (9ms)
		BackupInstance (0ms)
		ReleaseScriptingObjects (0ms)
		CreateAndSetChildDomain (62ms)
	RebuildCommonClasses (41ms)
	RebuildNativeTypeToScriptingClass (16ms)
	initialDomainReloadingComplete (37ms)
	LoadAllAssembliesAndSetupDomain (562ms)
		LoadAssemblies (417ms)
		RebuildTransferFunctionScriptingTraits (0ms)
		AnalyzeDomain (262ms)
			TypeCache.Refresh (8ms)
				TypeCache.ScanAssembly (0ms)
			BuildScriptInfoCaches (230ms)
			ResolveRequiredComponents (17ms)
	FinalizeReload (911ms)
		ReleaseScriptCaches (0ms)
		RebuildScriptCaches (0ms)
		SetupLoadedEditorAssemblies (650ms)
			LogAssemblyErrors (0ms)
			InitializePlatformSupportModulesInManaged (24ms)
			SetLoadedEditorAssemblies (5ms)
			BeforeProcessingInitializeOnLoad (131ms)
			ProcessInitializeOnLoadAttributes (397ms)
			ProcessInitializeOnLoadMethodAttributes (87ms)
			AfterProcessingInitializeOnLoad (5ms)
			EditorAssembliesLoaded (0ms)
		ExecutionOrderSort2 (0ms)
		AwakeInstancesAfterBackupRestoration (93ms)
Refreshing native plugins compatible for Editor in 1.92 ms, found 3 plugins.
Preloading 0 native plugins for Editor in 0.00 ms.
Unloading 106 Unused Serialized files (Serialized files now loaded: 0)
Unloading 6874 unused Assets / (14.9 MB). Loaded Objects now: 7431.
Memory consumption went from 249.9 MB to 235.0 MB.
Total: 18.317400 ms (FindLiveObjects: 0.871900 ms CreateObjectMapping: 0.545000 ms MarkObjects: 9.054700 ms  DeleteObjects: 7.843100 ms)

Prepare: number of updated asset objects reloaded= 0
========================================================================
Received Prepare
Begin MonoManager ReloadAssembly
Symbol file LoadedFromMemory is not a mono symbol file
- Loaded All Assemblies, in  0.945 seconds
Refreshing native plugins compatible for Editor in 1.54 ms, found 3 plugins.
Native extension for iOS target not found
Native extension for Android target not found
Native extension for WindowsStandalone target not found
Mono: successfully reloaded assembly
- Finished resetting the current domain, in  0.879 seconds
Domain Reload Profiling: 1885ms
	BeginReloadAssembly (248ms)
		ExecutionOrderSort (0ms)
		DisableScriptedObjects (10ms)
		BackupInstance (0ms)
		ReleaseScriptingObjects (0ms)
		CreateAndSetChildDomain (67ms)
	RebuildCommonClasses (55ms)
	RebuildNativeTypeToScriptingClass (17ms)
	initialDomainReloadingComplete (38ms)
	LoadAllAssembliesAndSetupDomain (647ms)
		LoadAssemblies (431ms)
		RebuildTransferFunctionScriptingTraits (0ms)
		AnalyzeDomain (272ms)
			TypeCache.Refresh (9ms)
				TypeCache.ScanAssembly (0ms)
			BuildScriptInfoCaches (240ms)
			ResolveRequiredComponents (18ms)
	FinalizeReload (880ms)
		ReleaseScriptCaches (0ms)
		RebuildScriptCaches (0ms)
		SetupLoadedEditorAssemblies (713ms)
			LogAssemblyErrors (0ms)
			InitializePlatformSupportModulesInManaged (22ms)
			SetLoadedEditorAssemblies (3ms)
			BeforeProcessingInitializeOnLoad (121ms)
			ProcessInitializeOnLoadAttributes (476ms)
			ProcessInitializeOnLoadMethodAttributes (85ms)
			AfterProcessingInitializeOnLoad (6ms)
			EditorAssembliesLoaded (0ms)
		ExecutionOrderSort2 (0ms)
		AwakeInstancesAfterBackupRestoration (14ms)
Refreshing native plugins compatible for Editor in 1.55 ms, found 3 plugins.
Preloading 0 native plugins for Editor in 0.00 ms.
Unloading 106 Unused Serialized files (Serialized files now loaded: 0)
Unloading 6874 unused Assets / (13.9 MB). Loaded Objects now: 7433.
Memory consumption went from 249.9 MB to 236.0 MB.
Total: 17.103400 ms (FindLiveObjects: 0.693300 ms CreateObjectMapping: 0.731700 ms MarkObjects: 7.294300 ms  DeleteObjects: 8.381700 ms)

Prepare: number of updated asset objects reloaded= 0
========================================================================
Received Prepare
Begin MonoManager ReloadAssembly
Symbol file LoadedFromMemory is not a mono symbol file
- Loaded All Assemblies, in  0.862 seconds
Refreshing native plugins compatible for Editor in 1.41 ms, found 3 plugins.
Native extension for iOS target not found
Native extension for Android target not found
Native extension for WindowsStandalone target not found
Mono: successfully reloaded assembly
- Finished resetting the current domain, in  0.854 seconds
Domain Reload Profiling: 1716ms
	BeginReloadAssembly (231ms)
		ExecutionOrderSort (0ms)
		DisableScriptedObjects (7ms)
		BackupInstance (0ms)
		ReleaseScriptingObjects (0ms)
		CreateAndSetChildDomain (57ms)
	RebuildCommonClasses (46ms)
	RebuildNativeTypeToScriptingClass (18ms)
	initialDomainReloadingComplete (35ms)
	LoadAllAssembliesAndSetupDomain (531ms)
		LoadAssemblies (412ms)
		RebuildTransferFunctionScriptingTraits (0ms)
		AnalyzeDomain (241ms)
			TypeCache.Refresh (8ms)
				TypeCache.ScanAssembly (0ms)
			BuildScriptInfoCaches (213ms)
			ResolveRequiredComponents (13ms)
	FinalizeReload (855ms)
		ReleaseScriptCaches (0ms)
		RebuildScriptCaches (0ms)
		SetupLoadedEditorAssemblies (689ms)
			LogAssemblyErrors (0ms)
			InitializePlatformSupportModulesInManaged (19ms)
			SetLoadedEditorAssemblies (5ms)
			BeforeProcessingInitializeOnLoad (117ms)
			ProcessInitializeOnLoadAttributes (453ms)
			ProcessInitializeOnLoadMethodAttributes (90ms)
			AfterProcessingInitializeOnLoad (5ms)
			EditorAssembliesLoaded (0ms)
		ExecutionOrderSort2 (0ms)
		AwakeInstancesAfterBackupRestoration (12ms)
Refreshing native plugins compatible for Editor in 2.59 ms, found 3 plugins.
Preloading 0 native plugins for Editor in 0.00 ms.
Unloading 106 Unused Serialized files (Serialized files now loaded: 0)
Unloading 6874 unused Assets / (13.7 MB). Loaded Objects now: 7435.
Memory consumption went from 249.8 MB to 236.1 MB.
Total: 13.907700 ms (FindLiveObjects: 1.195500 ms CreateObjectMapping: 0.429200 ms MarkObjects: 5.613200 ms  DeleteObjects: 6.667800 ms)

Prepare: number of updated asset objects reloaded= 0
========================================================================
Received Prepare
Begin MonoManager ReloadAssembly
Symbol file LoadedFromMemory is not a mono symbol file
- Loaded All Assemblies, in  0.909 seconds
Refreshing native plugins compatible for Editor in 1.91 ms, found 3 plugins.
Native extension for iOS target not found
Native extension for Android target not found
Native extension for WindowsStandalone target not found
Mono: successfully reloaded assembly
- Finished resetting the current domain, in  0.899 seconds
Domain Reload Profiling: 1808ms
	BeginReloadAssembly (240ms)
		ExecutionOrderSort (0ms)
		DisableScriptedObjects (6ms)
		BackupInstance (0ms)
		ReleaseScriptingObjects (0ms)
		CreateAndSetChildDomain (61ms)
	RebuildCommonClasses (49ms)
	RebuildNativeTypeToScriptingClass (17ms)
	initialDomainReloadingComplete (35ms)
	LoadAllAssembliesAndSetupDomain (567ms)
		LoadAssemblies (438ms)
		RebuildTransferFunctionScriptingTraits (0ms)
		AnalyzeDomain (253ms)
			TypeCache.Refresh (9ms)
				TypeCache.ScanAssembly (0ms)
			BuildScriptInfoCaches (224ms)
			ResolveRequiredComponents (15ms)
	FinalizeReload (900ms)
		ReleaseScriptCaches (0ms)
		RebuildScriptCaches (0ms)
		SetupLoadedEditorAssemblies (725ms)
			LogAssemblyErrors (0ms)
			InitializePlatformSupportModulesInManaged (18ms)
			SetLoadedEditorAssemblies (4ms)
			BeforeProcessingInitializeOnLoad (137ms)
			ProcessInitializeOnLoadAttributes (468ms)
			ProcessInitializeOnLoadMethodAttributes (94ms)
			AfterProcessingInitializeOnLoad (5ms)
			EditorAssembliesLoaded (0ms)
		ExecutionOrderSort2 (0ms)
		AwakeInstancesAfterBackupRestoration (14ms)
Refreshing native plugins compatible for Editor in 3.15 ms, found 3 plugins.
Preloading 0 native plugins for Editor in 0.00 ms.
Unloading 106 Unused Serialized files (Serialized files now loaded: 0)
Unloading 6874 unused Assets / (14.2 MB). Loaded Objects now: 7437.
Memory consumption went from 249.9 MB to 235.6 MB.
Total: 22.564800 ms (FindLiveObjects: 2.088800 ms CreateObjectMapping: 1.194500 ms MarkObjects: 7.472500 ms  DeleteObjects: 11.805800 ms)

Prepare: number of updated asset objects reloaded= 0
========================================================================
Received Import Request.
  Time since last request: 1841.967287 seconds.
  path: Assets/Prefab/Spider.prefab
  artifactKey: Guid(baaf818ba0d731b43b6ee1a4d0e7a195) Importer(815301076,1909f56bfc062723c751e8b465ee728b)
Start importing Assets/Prefab/Spider.prefab using Guid(baaf818ba0d731b43b6ee1a4d0e7a195) Importer(815301076,1909f56bfc062723c751e8b465ee728b) (PreviewImporter) -> (artifact id: '341add6b312a9cd7506ce5614f2006bc') in 0.6003734 seconds
Number of updated asset objects reloaded before import = 0Number of asset objects unloaded after import = 148

========================================================================
Received Import Request.
  Time since last request: 6.160717 seconds.
  path: Assets/Prefab/Creep.prefab
  artifactKey: Guid(d77c1b33981586945b088641681edcc7) Importer(815301076,1909f56bfc062723c751e8b465ee728b)
Start importing Assets/Prefab/Creep.prefab using Guid(d77c1b33981586945b088641681edcc7) Importer(815301076,1909f56bfc062723c751e8b465ee728b) (PreviewImporter) -> (artifact id: '6795b4110c48ea3557e26e91c9d1f988') in 0.2569694 seconds
Number of updated asset objects reloaded before import = 0Number of asset objects unloaded after import = 583

========================================================================
Received Prepare
Begin MonoManager ReloadAssembly
Symbol file LoadedFromMemory is not a mono symbol file
- Loaded All Assemblies, in  0.800 seconds
Refreshing native plugins compatible for Editor in 1.17 ms, found 3 plugins.
Native extension for iOS target not found
Native extension for Android target not found
Native extension for WindowsStandalone target not found
Mono: successfully reloaded assembly
- Finished resetting the current domain, in  0.844 seconds
Domain Reload Profiling: 1645ms
	BeginReloadAssembly (197ms)
		ExecutionOrderSort (0ms)
		DisableScriptedObjects (6ms)
		BackupInstance (0ms)
		ReleaseScriptingObjects (0ms)
		CreateAndSetChildDomain (53ms)
	RebuildCommonClasses (35ms)
	RebuildNativeTypeToScriptingClass (15ms)
	initialDomainReloadingComplete (35ms)
	LoadAllAssembliesAndSetupDomain (519ms)
		LoadAssemblies (361ms)
		RebuildTransferFunctionScriptingTraits (0ms)
		AnalyzeDomain (254ms)
			TypeCache.Refresh (7ms)
				TypeCache.ScanAssembly (0ms)
			BuildScriptInfoCaches (233ms)
			ResolveRequiredComponents (10ms)
	FinalizeReload (845ms)
		ReleaseScriptCaches (0ms)
		RebuildScriptCaches (0ms)
		SetupLoadedEditorAssemblies (681ms)
			LogAssemblyErrors (0ms)
			InitializePlatformSupportModulesInManaged (15ms)
			SetLoadedEditorAssemblies (4ms)
			BeforeProcessingInitializeOnLoad (117ms)
			ProcessInitializeOnLoadAttributes (435ms)
			ProcessInitializeOnLoadMethodAttributes (107ms)
			AfterProcessingInitializeOnLoad (4ms)
			EditorAssembliesLoaded (0ms)
		ExecutionOrderSort2 (0ms)
		AwakeInstancesAfterBackupRestoration (14ms)
Refreshing native plugins compatible for Editor in 1.60 ms, found 3 plugins.
Preloading 0 native plugins for Editor in 0.00 ms.
Unloading 106 Unused Serialized files (Serialized files now loaded: 0)
Unloading 6883 unused Assets / (14.1 MB). Loaded Objects now: 7439.
Memory consumption went from 249.2 MB to 235.1 MB.
Total: 20.913100 ms (FindLiveObjects: 2.766300 ms CreateObjectMapping: 1.491300 ms MarkObjects: 7.904000 ms  DeleteObjects: 8.749300 ms)

Prepare: number of updated asset objects reloaded= 0
========================================================================
Received Prepare
Begin MonoManager ReloadAssembly
Symbol file LoadedFromMemory is not a mono symbol file
- Loaded All Assemblies, in  0.804 seconds
Refreshing native plugins compatible for Editor in 1.38 ms, found 3 plugins.
Native extension for iOS target not found
Native extension for Android target not found
Native extension for WindowsStandalone target not found
Mono: successfully reloaded assembly
- Finished resetting the current domain, in  0.806 seconds
Domain Reload Profiling: 1610ms
	BeginReloadAssembly (188ms)
		ExecutionOrderSort (0ms)
		DisableScriptedObjects (6ms)
		BackupInstance (0ms)
		ReleaseScriptingObjects (0ms)
		CreateAndSetChildDomain (50ms)
	RebuildCommonClasses (38ms)
	RebuildNativeTypeToScriptingClass (13ms)
	initialDomainReloadingComplete (31ms)
	LoadAllAssembliesAndSetupDomain (533ms)
		LoadAssemblies (365ms)
		RebuildTransferFunctionScriptingTraits (0ms)
		AnalyzeDomain (259ms)
			TypeCache.Refresh (10ms)
				TypeCache.ScanAssembly (0ms)
			BuildScriptInfoCaches (185ms)
			ResolveRequiredComponents (60ms)
	FinalizeReload (807ms)
		ReleaseScriptCaches (0ms)
		RebuildScriptCaches (0ms)
		SetupLoadedEditorAssemblies (643ms)
			LogAssemblyErrors (0ms)
			InitializePlatformSupportModulesInManaged (17ms)
			SetLoadedEditorAssemblies (3ms)
			BeforeProcessingInitializeOnLoad (109ms)
			ProcessInitializeOnLoadAttributes (432ms)
			ProcessInitializeOnLoadMethodAttributes (77ms)
			AfterProcessingInitializeOnLoad (5ms)
			EditorAssembliesLoaded (0ms)
		ExecutionOrderSort2 (0ms)
		AwakeInstancesAfterBackupRestoration (13ms)
Refreshing native plugins compatible for Editor in 1.78 ms, found 3 plugins.
Preloading 0 native plugins for Editor in 0.00 ms.
Unloading 106 Unused Serialized files (Serialized files now loaded: 0)
Unloading 6874 unused Assets / (14.8 MB). Loaded Objects now: 7441.
Memory consumption went from 249.2 MB to 234.4 MB.
Total: 17.662300 ms (FindLiveObjects: 2.739900 ms CreateObjectMapping: 0.466100 ms MarkObjects: 5.356900 ms  DeleteObjects: 9.097300 ms)

Prepare: number of updated asset objects reloaded= 0
========================================================================
Received Import Request.
  Time since last request: 180.741796 seconds.
  path: Assets/Prefab/Spider.prefab
  artifactKey: Guid(baaf818ba0d731b43b6ee1a4d0e7a195) Importer(815301076,1909f56bfc062723c751e8b465ee728b)
Start importing Assets/Prefab/Spider.prefab using Guid(baaf818ba0d731b43b6ee1a4d0e7a195) Importer(815301076,1909f56bfc062723c751e8b465ee728b) (PreviewImporter) -> (artifact id: '9b6da9391634f5cae9fe3fbc75eb7328') in 0.1726454 seconds
Number of updated asset objects reloaded before import = 0Number of asset objects unloaded after import = 149

========================================================================
Received Import Request.
  Time since last request: 28.291029 seconds.
  path: Assets/MONS 6/DEMO
  artifactKey: Guid(ef0f307812464394bb8dbf0475936381) Importer(815301076,1909f56bfc062723c751e8b465ee728b)
Start importing Assets/MONS 6/DEMO using Guid(ef0f307812464394bb8dbf0475936381) Importer(815301076,1909f56bfc062723c751e8b465ee728b) (PreviewImporter) -> (artifact id: '5fd09c17dac9e91b04b10286281286fc') in 0.0076254 seconds
Number of updated asset objects reloaded before import = 0Number of asset objects unloaded after import = 0

========================================================================
Received Import Request.
  Time since last request: 0.732244 seconds.
  path: Assets/MONS 6/DEMO/DEMO.unity
  artifactKey: Guid(31430c549762a3e45821a7b466b4a34f) Importer(815301076,1909f56bfc062723c751e8b465ee728b)
Start importing Assets/MONS 6/DEMO/DEMO.unity using Guid(31430c549762a3e45821a7b466b4a34f) Importer(815301076,1909f56bfc062723c751e8b465ee728b) (PreviewImporter) -> (artifact id: 'a1146279317c844989468a9216c959b3') in 0.0078331 seconds
Number of updated asset objects reloaded before import = 0Number of asset objects unloaded after import = 0

========================================================================
Received Prepare
Begin MonoManager ReloadAssembly
Symbol file LoadedFromMemory is not a mono symbol file
- Loaded All Assemblies, in  0.680 seconds
Refreshing native plugins compatible for Editor in 1.38 ms, found 3 plugins.
Native extension for iOS target not found
Native extension for Android target not found
Native extension for WindowsStandalone target not found
Mono: successfully reloaded assembly
- Finished resetting the current domain, in  0.734 seconds
Domain Reload Profiling: 1415ms
	BeginReloadAssembly (195ms)
		ExecutionOrderSort (0ms)
		DisableScriptedObjects (7ms)
		BackupInstance (0ms)
		ReleaseScriptingObjects (0ms)
		CreateAndSetChildDomain (56ms)
	RebuildCommonClasses (35ms)
	RebuildNativeTypeToScriptingClass (11ms)
	initialDomainReloadingComplete (25ms)
	LoadAllAssembliesAndSetupDomain (414ms)
		LoadAssemblies (314ms)
		RebuildTransferFunctionScriptingTraits (0ms)
		AnalyzeDomain (188ms)
			TypeCache.Refresh (7ms)
				TypeCache.ScanAssembly (0ms)
			BuildScriptInfoCaches (164ms)
			ResolveRequiredComponents (12ms)
	FinalizeReload (735ms)
		ReleaseScriptCaches (0ms)
		RebuildScriptCaches (0ms)
		SetupLoadedEditorAssemblies (600ms)
			LogAssemblyErrors (0ms)
			InitializePlatformSupportModulesInManaged (15ms)
			SetLoadedEditorAssemblies (3ms)
			BeforeProcessingInitializeOnLoad (94ms)
			ProcessInitializeOnLoadAttributes (337ms)
			ProcessInitializeOnLoadMethodAttributes (145ms)
			AfterProcessingInitializeOnLoad (4ms)
			EditorAssembliesLoaded (0ms)
		ExecutionOrderSort2 (0ms)
		AwakeInstancesAfterBackupRestoration (9ms)
Refreshing native plugins compatible for Editor in 1.63 ms, found 3 plugins.
Preloading 0 native plugins for Editor in 0.00 ms.
Unloading 106 Unused Serialized files (Serialized files now loaded: 0)
Unloading 6882 unused Assets / (14.1 MB). Loaded Objects now: 7443.
Memory consumption went from 249.3 MB to 235.1 MB.
Total: 16.537600 ms (FindLiveObjects: 2.305000 ms CreateObjectMapping: 0.449800 ms MarkObjects: 5.216600 ms  DeleteObjects: 8.563400 ms)

Prepare: number of updated asset objects reloaded= 0
========================================================================
Received Prepare
Begin MonoManager ReloadAssembly
Symbol file LoadedFromMemory is not a mono symbol file
- Loaded All Assemblies, in  0.766 seconds
Refreshing native plugins compatible for Editor in 1.72 ms, found 3 plugins.
Native extension for iOS target not found
Native extension for Android target not found
Native extension for WindowsStandalone target not found
Mono: successfully reloaded assembly
- Finished resetting the current domain, in  0.777 seconds
Domain Reload Profiling: 1544ms
	BeginReloadAssembly (209ms)
		ExecutionOrderSort (0ms)
		DisableScriptedObjects (7ms)
		BackupInstance (0ms)
		ReleaseScriptingObjects (1ms)
		CreateAndSetChildDomain (55ms)
	RebuildCommonClasses (38ms)
	RebuildNativeTypeToScriptingClass (14ms)
	initialDomainReloadingComplete (31ms)
	LoadAllAssembliesAndSetupDomain (474ms)
		LoadAssemblies (372ms)
		RebuildTransferFunctionScriptingTraits (0ms)
		AnalyzeDomain (205ms)
			TypeCache.Refresh (8ms)
				TypeCache.ScanAssembly (0ms)
			BuildScriptInfoCaches (178ms)
			ResolveRequiredComponents (13ms)
	FinalizeReload (778ms)
		ReleaseScriptCaches (0ms)
		RebuildScriptCaches (0ms)
		SetupLoadedEditorAssemblies (641ms)
			LogAssemblyErrors (0ms)
			InitializePlatformSupportModulesInManaged (18ms)
			SetLoadedEditorAssemblies (4ms)
			BeforeProcessingInitializeOnLoad (98ms)
			ProcessInitializeOnLoadAttributes (383ms)
			ProcessInitializeOnLoadMethodAttributes (133ms)
			AfterProcessingInitializeOnLoad (5ms)
			EditorAssembliesLoaded (0ms)
		ExecutionOrderSort2 (0ms)
		AwakeInstancesAfterBackupRestoration (14ms)
Refreshing native plugins compatible for Editor in 2.46 ms, found 3 plugins.
Preloading 0 native plugins for Editor in 0.00 ms.
Unloading 106 Unused Serialized files (Serialized files now loaded: 0)
Unloading 6874 unused Assets / (13.9 MB). Loaded Objects now: 7445.
Memory consumption went from 249.2 MB to 235.3 MB.
Total: 15.546000 ms (FindLiveObjects: 0.636800 ms CreateObjectMapping: 0.428600 ms MarkObjects: 6.619700 ms  DeleteObjects: 7.858600 ms)

Prepare: number of updated asset objects reloaded= 0
========================================================================
Received Prepare
Begin MonoManager ReloadAssembly
Symbol file LoadedFromMemory is not a mono symbol file
- Loaded All Assemblies, in  0.875 seconds
Refreshing native plugins compatible for Editor in 1.34 ms, found 3 plugins.
Native extension for iOS target not found
Native extension for Android target not found
Native extension for WindowsStandalone target not found
Mono: successfully reloaded assembly
- Finished resetting the current domain, in  0.818 seconds
Domain Reload Profiling: 1692ms
	BeginReloadAssembly (219ms)
		ExecutionOrderSort (0ms)
		DisableScriptedObjects (5ms)
		BackupInstance (0ms)
		ReleaseScriptingObjects (0ms)
		CreateAndSetChildDomain (51ms)
	RebuildCommonClasses (41ms)
	RebuildNativeTypeToScriptingClass (15ms)
	initialDomainReloadingComplete (34ms)
	LoadAllAssembliesAndSetupDomain (565ms)
		LoadAssemblies (396ms)
		RebuildTransferFunctionScriptingTraits (0ms)
		AnalyzeDomain (282ms)
			TypeCache.Refresh (8ms)
				TypeCache.ScanAssembly (0ms)
			BuildScriptInfoCaches (255ms)
			ResolveRequiredComponents (14ms)
	FinalizeReload (819ms)
		ReleaseScriptCaches (0ms)
		RebuildScriptCaches (0ms)
		SetupLoadedEditorAssemblies (678ms)
			LogAssemblyErrors (0ms)
			InitializePlatformSupportModulesInManaged (18ms)
			SetLoadedEditorAssemblies (4ms)
			BeforeProcessingInitializeOnLoad (113ms)
			ProcessInitializeOnLoadAttributes (455ms)
			ProcessInitializeOnLoadMethodAttributes (81ms)
			AfterProcessingInitializeOnLoad (6ms)
			EditorAssembliesLoaded (1ms)
		ExecutionOrderSort2 (0ms)
		AwakeInstancesAfterBackupRestoration (12ms)
Refreshing native plugins compatible for Editor in 1.93 ms, found 3 plugins.
Preloading 0 native plugins for Editor in 0.00 ms.
Unloading 106 Unused Serialized files (Serialized files now loaded: 0)
Unloading 6874 unused Assets / (14.8 MB). Loaded Objects now: 7447.
Memory consumption went from 249.2 MB to 234.4 MB.
Total: 17.965000 ms (FindLiveObjects: 2.776500 ms CreateObjectMapping: 0.514600 ms MarkObjects: 5.578500 ms  DeleteObjects: 9.093600 ms)

Prepare: number of updated asset objects reloaded= 0
========================================================================
Received Prepare
Begin MonoManager ReloadAssembly
Symbol file LoadedFromMemory is not a mono symbol file
- Loaded All Assemblies, in  0.790 seconds
Refreshing native plugins compatible for Editor in 1.33 ms, found 3 plugins.
Native extension for iOS target not found
Native extension for Android target not found
Native extension for WindowsStandalone target not found
Mono: successfully reloaded assembly
- Finished resetting the current domain, in  0.680 seconds
Domain Reload Profiling: 1471ms
	BeginReloadAssembly (196ms)
		ExecutionOrderSort (0ms)
		DisableScriptedObjects (8ms)
		BackupInstance (0ms)
		ReleaseScriptingObjects (0ms)
		CreateAndSetChildDomain (54ms)
	RebuildCommonClasses (32ms)
	RebuildNativeTypeToScriptingClass (12ms)
	initialDomainReloadingComplete (28ms)
	LoadAllAssembliesAndSetupDomain (522ms)
		LoadAssemblies (360ms)
		RebuildTransferFunctionScriptingTraits (0ms)
		AnalyzeDomain (258ms)
			TypeCache.Refresh (25ms)
				TypeCache.ScanAssembly (2ms)
			BuildScriptInfoCaches (218ms)
			ResolveRequiredComponents (10ms)
	FinalizeReload (680ms)
		ReleaseScriptCaches (0ms)
		RebuildScriptCaches (0ms)
		SetupLoadedEditorAssemblies (558ms)
			LogAssemblyErrors (0ms)
			InitializePlatformSupportModulesInManaged (17ms)
			SetLoadedEditorAssemblies (8ms)
			BeforeProcessingInitializeOnLoad (122ms)
			ProcessInitializeOnLoadAttributes (344ms)
			ProcessInitializeOnLoadMethodAttributes (64ms)
			AfterProcessingInitializeOnLoad (4ms)
			EditorAssembliesLoaded (0ms)
		ExecutionOrderSort2 (0ms)
		AwakeInstancesAfterBackupRestoration (9ms)
Refreshing native plugins compatible for Editor in 1.11 ms, found 3 plugins.
Preloading 0 native plugins for Editor in 0.00 ms.
Unloading 106 Unused Serialized files (Serialized files now loaded: 0)
Unloading 6874 unused Assets / (13.3 MB). Loaded Objects now: 7449.
Memory consumption went from 249.2 MB to 235.8 MB.
Total: 8.871600 ms (FindLiveObjects: 0.456300 ms CreateObjectMapping: 0.306000 ms MarkObjects: 3.604200 ms  DeleteObjects: 4.503900 ms)

Prepare: number of updated asset objects reloaded= 0
========================================================================
Received Prepare
Begin MonoManager ReloadAssembly
Symbol file LoadedFromMemory is not a mono symbol file
- Loaded All Assemblies, in  0.734 seconds
Refreshing native plugins compatible for Editor in 2.15 ms, found 3 plugins.
Native extension for iOS target not found
Native extension for Android target not found
Native extension for WindowsStandalone target not found
Mono: successfully reloaded assembly
- Finished resetting the current domain, in  0.979 seconds
Domain Reload Profiling: 1713ms
	BeginReloadAssembly (193ms)
		ExecutionOrderSort (0ms)
		DisableScriptedObjects (4ms)
		BackupInstance (0ms)
		ReleaseScriptingObjects (0ms)
		CreateAndSetChildDomain (46ms)
	RebuildCommonClasses (39ms)
	RebuildNativeTypeToScriptingClass (13ms)
	initialDomainReloadingComplete (32ms)
	LoadAllAssembliesAndSetupDomain (456ms)
		LoadAssemblies (363ms)
		RebuildTransferFunctionScriptingTraits (0ms)
		AnalyzeDomain (196ms)
			TypeCache.Refresh (8ms)
				TypeCache.ScanAssembly (0ms)
			BuildScriptInfoCaches (175ms)
			ResolveRequiredComponents (9ms)
	FinalizeReload (979ms)
		ReleaseScriptCaches (0ms)
		RebuildScriptCaches (0ms)
		SetupLoadedEditorAssemblies (832ms)
			LogAssemblyErrors (0ms)
			InitializePlatformSupportModulesInManaged (16ms)
			SetLoadedEditorAssemblies (3ms)
			BeforeProcessingInitializeOnLoad (175ms)
			ProcessInitializeOnLoadAttributes (487ms)
			ProcessInitializeOnLoadMethodAttributes (140ms)
			AfterProcessingInitializeOnLoad (11ms)
			EditorAssembliesLoaded (1ms)
		ExecutionOrderSort2 (0ms)
		AwakeInstancesAfterBackupRestoration (23ms)
Refreshing native plugins compatible for Editor in 1.57 ms, found 3 plugins.
Preloading 0 native plugins for Editor in 0.00 ms.
Unloading 106 Unused Serialized files (Serialized files now loaded: 0)
Unloading 6874 unused Assets / (13.9 MB). Loaded Objects now: 7451.
Memory consumption went from 249.2 MB to 235.3 MB.
Total: 14.151000 ms (FindLiveObjects: 1.001600 ms CreateObjectMapping: 0.371500 ms MarkObjects: 6.491200 ms  DeleteObjects: 6.285000 ms)

Prepare: number of updated asset objects reloaded= 0
========================================================================
Received Prepare
Begin MonoManager ReloadAssembly
Symbol file LoadedFromMemory is not a mono symbol file
- Loaded All Assemblies, in  0.857 seconds
Refreshing native plugins compatible for Editor in 1.44 ms, found 3 plugins.
Native extension for iOS target not found
Native extension for Android target not found
Native extension for WindowsStandalone target not found
Mono: successfully reloaded assembly
- Finished resetting the current domain, in  0.792 seconds
Domain Reload Profiling: 1650ms
	BeginReloadAssembly (201ms)
		ExecutionOrderSort (0ms)
		DisableScriptedObjects (6ms)
		BackupInstance (0ms)
		ReleaseScriptingObjects (0ms)
		CreateAndSetChildDomain (52ms)
	RebuildCommonClasses (44ms)
	RebuildNativeTypeToScriptingClass (16ms)
	initialDomainReloadingComplete (34ms)
	LoadAllAssembliesAndSetupDomain (563ms)
		LoadAssemblies (399ms)
		RebuildTransferFunctionScriptingTraits (0ms)
		AnalyzeDomain (263ms)
			TypeCache.Refresh (8ms)
				TypeCache.ScanAssembly (0ms)
			BuildScriptInfoCaches (234ms)
			ResolveRequiredComponents (14ms)
	FinalizeReload (792ms)
		ReleaseScriptCaches (0ms)
		RebuildScriptCaches (0ms)
		SetupLoadedEditorAssemblies (651ms)
			LogAssemblyErrors (0ms)
			InitializePlatformSupportModulesInManaged (18ms)
			SetLoadedEditorAssemblies (4ms)
			BeforeProcessingInitializeOnLoad (126ms)
			ProcessInitializeOnLoadAttributes (413ms)
			ProcessInitializeOnLoadMethodAttributes (84ms)
			AfterProcessingInitializeOnLoad (7ms)
			EditorAssembliesLoaded (0ms)
		ExecutionOrderSort2 (0ms)
		AwakeInstancesAfterBackupRestoration (12ms)
Refreshing native plugins compatible for Editor in 1.75 ms, found 3 plugins.
Preloading 0 native plugins for Editor in 0.00 ms.
Unloading 106 Unused Serialized files (Serialized files now loaded: 0)
Unloading 6874 unused Assets / (13.3 MB). Loaded Objects now: 7453.
Memory consumption went from 249.2 MB to 235.9 MB.
Total: 17.054700 ms (FindLiveObjects: 0.699200 ms CreateObjectMapping: 0.451600 ms MarkObjects: 8.339100 ms  DeleteObjects: 7.562700 ms)

Prepare: number of updated asset objects reloaded= 0
========================================================================
Received Import Request.
  Time since last request: 791.707806 seconds.
  path: Assets/Prefab/Creep.prefab
  artifactKey: Guid(d77c1b33981586945b088641681edcc7) Importer(815301076,1909f56bfc062723c751e8b465ee728b)
Start importing Assets/Prefab/Creep.prefab using Guid(d77c1b33981586945b088641681edcc7) Importer(815301076,1909f56bfc062723c751e8b465ee728b) (PreviewImporter) -> (artifact id: '7fdd35d6c8533727efb757d38debcf14') in 0.2763901 seconds
Number of updated asset objects reloaded before import = 0Number of asset objects unloaded after import = 583

========================================================================
Received Import Request.
  Time since last request: 3.360391 seconds.
  path: Assets/Prefab/Mons.prefab
  artifactKey: Guid(cb5b616248c427044b2ea921b60ae807) Importer(815301076,1909f56bfc062723c751e8b465ee728b)
Start importing Assets/Prefab/Mons.prefab using Guid(cb5b616248c427044b2ea921b60ae807) Importer(815301076,1909f56bfc062723c751e8b465ee728b) (PreviewImporter) -> (artifact id: '02b1c20bece968fd809a672ccc44b258') in 0.2234554 seconds
Number of updated asset objects reloaded before import = 0Number of asset objects unloaded after import = 176

========================================================================
Received Prepare
Begin MonoManager ReloadAssembly
Symbol file LoadedFromMemory is not a mono symbol file
- Loaded All Assemblies, in  0.762 seconds
Refreshing native plugins compatible for Editor in 1.20 ms, found 3 plugins.
Native extension for iOS target not found
Native extension for Android target not found
Native extension for WindowsStandalone target not found
Mono: successfully reloaded assembly
- Finished resetting the current domain, in  0.740 seconds
Domain Reload Profiling: 1504ms
	BeginReloadAssembly (214ms)
		ExecutionOrderSort (0ms)
		DisableScriptedObjects (5ms)
		BackupInstance (0ms)
		ReleaseScriptingObjects (0ms)
		CreateAndSetChildDomain (53ms)
	RebuildCommonClasses (39ms)
	RebuildNativeTypeToScriptingClass (12ms)
	initialDomainReloadingComplete (27ms)
	LoadAllAssembliesAndSetupDomain (471ms)
		LoadAssemblies (345ms)
		RebuildTransferFunctionScriptingTraits (0ms)
		AnalyzeDomain (240ms)
			TypeCache.Refresh (6ms)
				TypeCache.ScanAssembly (0ms)
			BuildScriptInfoCaches (220ms)
			ResolveRequiredComponents (9ms)
	FinalizeReload (741ms)
		ReleaseScriptCaches (0ms)
		RebuildScriptCaches (0ms)
		SetupLoadedEditorAssemblies (611ms)
			LogAssemblyErrors (0ms)
			InitializePlatformSupportModulesInManaged (15ms)
			SetLoadedEditorAssemblies (4ms)
			BeforeProcessingInitializeOnLoad (98ms)
			ProcessInitializeOnLoadAttributes (419ms)
			ProcessInitializeOnLoadMethodAttributes (70ms)
			AfterProcessingInitializeOnLoad (5ms)
			EditorAssembliesLoaded (0ms)
		ExecutionOrderSort2 (0ms)
		AwakeInstancesAfterBackupRestoration (9ms)
Refreshing native plugins compatible for Editor in 1.52 ms, found 3 plugins.
Preloading 0 native plugins for Editor in 0.00 ms.
Unloading 106 Unused Serialized files (Serialized files now loaded: 0)
Unloading 6879 unused Assets / (13.8 MB). Loaded Objects now: 7455.
Memory consumption went from 249.3 MB to 235.5 MB.
Total: 11.864200 ms (FindLiveObjects: 0.640700 ms CreateObjectMapping: 0.436400 ms MarkObjects: 4.200000 ms  DeleteObjects: 6.585900 ms)

Prepare: number of updated asset objects reloaded= 0
========================================================================
Received Prepare
Begin MonoManager ReloadAssembly
Symbol file LoadedFromMemory is not a mono symbol file
- Loaded All Assemblies, in  0.681 seconds
Refreshing native plugins compatible for Editor in 1.43 ms, found 3 plugins.
Native extension for iOS target not found
Native extension for Android target not found
Native extension for WindowsStandalone target not found
Mono: successfully reloaded assembly
- Finished resetting the current domain, in  0.715 seconds
Domain Reload Profiling: 1397ms
	BeginReloadAssembly (174ms)
		ExecutionOrderSort (0ms)
		DisableScriptedObjects (6ms)
		BackupInstance (0ms)
		ReleaseScriptingObjects (0ms)
		CreateAndSetChildDomain (44ms)
	RebuildCommonClasses (33ms)
	RebuildNativeTypeToScriptingClass (11ms)
	initialDomainReloadingComplete (28ms)
	LoadAllAssembliesAndSetupDomain (435ms)
		LoadAssemblies (333ms)
		RebuildTransferFunctionScriptingTraits (0ms)
		AnalyzeDomain (188ms)
			TypeCache.Refresh (7ms)
				TypeCache.ScanAssembly (0ms)
			BuildScriptInfoCaches (166ms)
			ResolveRequiredComponents (10ms)
	FinalizeReload (716ms)
		ReleaseScriptCaches (0ms)
		RebuildScriptCaches (0ms)
		SetupLoadedEditorAssemblies (590ms)
			LogAssemblyErrors (0ms)
			InitializePlatformSupportModulesInManaged (15ms)
			SetLoadedEditorAssemblies (3ms)
			BeforeProcessingInitializeOnLoad (99ms)
			ProcessInitializeOnLoadAttributes (390ms)
			ProcessInitializeOnLoadMethodAttributes (77ms)
			AfterProcessingInitializeOnLoad (7ms)
			EditorAssembliesLoaded (0ms)
		ExecutionOrderSort2 (0ms)
		AwakeInstancesAfterBackupRestoration (9ms)
Refreshing native plugins compatible for Editor in 1.61 ms, found 3 plugins.
Preloading 0 native plugins for Editor in 0.00 ms.
Unloading 106 Unused Serialized files (Serialized files now loaded: 0)
Unloading 6874 unused Assets / (12.9 MB). Loaded Objects now: 7457.
Memory consumption went from 249.2 MB to 236.3 MB.
Total: 13.965600 ms (FindLiveObjects: 0.601400 ms CreateObjectMapping: 0.368400 ms MarkObjects: 5.502100 ms  DeleteObjects: 7.491500 ms)

Prepare: number of updated asset objects reloaded= 0
========================================================================
Received Import Request.
  Time since last request: 649.058626 seconds.
  path: Assets/Prefab/Mutated.prefab
  artifactKey: Guid(2fd1133a71b7082489322d9e5f8efc0e) Importer(815301076,1909f56bfc062723c751e8b465ee728b)
Start importing Assets/Prefab/Mutated.prefab using Guid(2fd1133a71b7082489322d9e5f8efc0e) Importer(815301076,1909f56bfc062723c751e8b465ee728b) (PreviewImporter) -> (artifact id: '67ce39b9c75da3368ed3e64739d8f94b') in 0.2004927 seconds
Number of updated asset objects reloaded before import = 0Number of asset objects unloaded after import = 332

========================================================================
Received Import Request.
  Time since last request: 29.225810 seconds.
  path: Assets/Tensori
  artifactKey: Guid(705e14423b97f8447b2fca830f627dd3) Importer(815301076,1909f56bfc062723c751e8b465ee728b)
Start importing Assets/Tensori using Guid(705e14423b97f8447b2fca830f627dd3) Importer(815301076,1909f56bfc062723c751e8b465ee728b) (PreviewImporter) -> (artifact id: 'bbd2fc7ee826451103fb37637e05d9cb') in 0.0027786 seconds
Number of updated asset objects reloaded before import = 0Number of asset objects unloaded after import = 0

========================================================================
Received Import Request.
  Time since last request: 1.292857 seconds.
  path: Assets/Tensori/SkinlessZombie
  artifactKey: Guid(4be99ed446e7ef743b390d5b04e32c07) Importer(815301076,1909f56bfc062723c751e8b465ee728b)
Start importing Assets/Tensori/SkinlessZombie using Guid(4be99ed446e7ef743b390d5b04e32c07) Importer(815301076,1909f56bfc062723c751e8b465ee728b) (PreviewImporter) -> (artifact id: 'c42ee21780980cf93f0f7ae350cc7bc1') in 0.0024359 seconds
Number of updated asset objects reloaded before import = 0Number of asset objects unloaded after import = 0

========================================================================
Received Import Request.
  Time since last request: 2.562157 seconds.
  path: Assets/Tensori/SkinlessZombie/Prefabs
  artifactKey: Guid(59208e86dfd631f49bd9a4d1b5163a89) Importer(815301076,1909f56bfc062723c751e8b465ee728b)
Start importing Assets/Tensori/SkinlessZombie/Prefabs using Guid(59208e86dfd631f49bd9a4d1b5163a89) Importer(815301076,1909f56bfc062723c751e8b465ee728b) (PreviewImporter) -> (artifact id: '2879435826ce336ae945dec2127f582c') in 0.002468 seconds
Number of updated asset objects reloaded before import = 0Number of asset objects unloaded after import = 0

========================================================================
Received Import Request.
  Time since last request: 0.057587 seconds.
  path: Assets/Tensori/SkinlessZombie/Prefabs/fireaxe.prefab
  artifactKey: Guid(4286784eafadf9f4ebfb6f725ab2da99) Importer(815301076,1909f56bfc062723c751e8b465ee728b)
Start importing Assets/Tensori/SkinlessZombie/Prefabs/fireaxe.prefab using Guid(4286784eafadf9f4ebfb6f725ab2da99) Importer(815301076,1909f56bfc062723c751e8b465ee728b) (PreviewImporter) -> (artifact id: '169cc9cd32845a4b2741985300046aa8') in 0.0860813 seconds
Number of updated asset objects reloaded before import = 0Number of asset objects unloaded after import = 28

========================================================================
Received Import Request.
  Time since last request: 40.563019 seconds.
  path: Assets/Tensori/SkinlessZombie/Resources
  artifactKey: Guid(4d1797fe2fca9b149a53aa02ca57b7e8) Importer(815301076,1909f56bfc062723c751e8b465ee728b)
Start importing Assets/Tensori/SkinlessZombie/Resources using Guid(4d1797fe2fca9b149a53aa02ca57b7e8) Importer(815301076,1909f56bfc062723c751e8b465ee728b) (PreviewImporter) -> (artifact id: '59a8341cc19bca97d743c4b75e775863') in 0.007496 seconds
Number of updated asset objects reloaded before import = 0Number of asset objects unloaded after import = 0

========================================================================
Received Import Request.
  Time since last request: 0.909205 seconds.
  path: Assets/Tensori/SkinlessZombie/Resources/ScriptableObjects
  artifactKey: Guid(43b4f82b44b69984c922887f9c5756de) Importer(815301076,1909f56bfc062723c751e8b465ee728b)
Start importing Assets/Tensori/SkinlessZombie/Resources/ScriptableObjects using Guid(43b4f82b44b69984c922887f9c5756de) Importer(815301076,1909f56bfc062723c751e8b465ee728b) (PreviewImporter) -> (artifact id: '938a588311241a9c1bfa49a19ab850a1') in 0.0009387 seconds
Number of updated asset objects reloaded before import = 0Number of asset objects unloaded after import = 0

========================================================================
Received Import Request.
  Time since last request: 0.761496 seconds.
  path: Assets/Tensori/SkinlessZombie/Resources/ScriptableObjects/Animations
  artifactKey: Guid(777e37bf8c1519d4195084c2f855e0ea) Importer(815301076,1909f56bfc062723c751e8b465ee728b)
Start importing Assets/Tensori/SkinlessZombie/Resources/ScriptableObjects/Animations using Guid(777e37bf8c1519d4195084c2f855e0ea) Importer(815301076,1909f56bfc062723c751e8b465ee728b) (PreviewImporter) -> (artifact id: 'ec88644936ebdeeee7a1da92fd943e5e') in 0.0007568 seconds
Number of updated asset objects reloaded before import = 0Number of asset objects unloaded after import = 0

========================================================================
Received Import Request.
  Time since last request: 0.089231 seconds.
  path: Assets/Tensori/SkinlessZombie/Resources/ScriptableObjects/Animations/Angry.asset
  artifactKey: Guid(8661ff053c59d2146a9ca5f58c4dd0e2) Importer(815301076,1909f56bfc062723c751e8b465ee728b)
Start importing Assets/Tensori/SkinlessZombie/Resources/ScriptableObjects/Animations/Angry.asset using Guid(8661ff053c59d2146a9ca5f58c4dd0e2) Importer(815301076,1909f56bfc062723c751e8b465ee728b) (PreviewImporter) -> (artifact id: 'f26e2b452a16ea327d9a8aa118d3c601') in 0.0027741 seconds
Number of updated asset objects reloaded before import = 0Number of asset objects unloaded after import = 2

========================================================================
Received Import Request.
  Time since last request: 0.000033 seconds.
  path: Assets/Tensori/SkinlessZombie/Resources/ScriptableObjects/Animations/Idle02.asset
  artifactKey: Guid(1e7665f0f43c3dc4f9b9e8ca469c70cf) Importer(815301076,1909f56bfc062723c751e8b465ee728b)
Start importing Assets/Tensori/SkinlessZombie/Resources/ScriptableObjects/Animations/Idle02.asset using Guid(1e7665f0f43c3dc4f9b9e8ca469c70cf) Importer(815301076,1909f56bfc062723c751e8b465ee728b) (PreviewImporter) -> (artifact id: '8116df7d91db846bbf0593fd0d29119a') in 0.0025442 seconds
Number of updated asset objects reloaded before import = 0Number of asset objects unloaded after import = 2

========================================================================
Received Import Request.
  Time since last request: 94.447949 seconds.
  path: Assets/Tensori/SkinlessZombie/Demo
  artifactKey: Guid(1c058a9e9601b4d4abc85181a59f69b9) Importer(815301076,1909f56bfc062723c751e8b465ee728b)
Start importing Assets/Tensori/SkinlessZombie/Demo using Guid(1c058a9e9601b4d4abc85181a59f69b9) Importer(815301076,1909f56bfc062723c751e8b465ee728b) (PreviewImporter) -> (artifact id: 'dbfdd99c41280ff429594d8bd0ddf27e') in 0.0025449 seconds
Number of updated asset objects reloaded before import = 0Number of asset objects unloaded after import = 0

========================================================================
Received Import Request.
  Time since last request: 2.298448 seconds.
  path: Assets/Tensori/SkinlessZombie/Demo/Night.unity
  artifactKey: Guid(3a49ae63850038c4fa921b17e486989f) Importer(815301076,1909f56bfc062723c751e8b465ee728b)
Start importing Assets/Tensori/SkinlessZombie/Demo/Night.unity using Guid(3a49ae63850038c4fa921b17e486989f) Importer(815301076,1909f56bfc062723c751e8b465ee728b) (PreviewImporter) -> (artifact id: '8822f96bb86eca8e764f18e02300eb96') in 0.0007124 seconds
Number of updated asset objects reloaded before import = 0Number of asset objects unloaded after import = 0

========================================================================
Received Import Request.
  Time since last request: 14.658805 seconds.
  path: Assets/Tensori/SkinlessZombie/Demo/Night
  artifactKey: Guid(747b677e42bdacf46b990f1c9b68be86) Importer(815301076,1909f56bfc062723c751e8b465ee728b)
Start importing Assets/Tensori/SkinlessZombie/Demo/Night using Guid(747b677e42bdacf46b990f1c9b68be86) Importer(815301076,1909f56bfc062723c751e8b465ee728b) (PreviewImporter) -> (artifact id: '190f199c1585901c09187a83eb96c87f') in 0.000821 seconds
Number of updated asset objects reloaded before import = 0Number of asset objects unloaded after import = 0

========================================================================
Received Import Request.
  Time since last request: 0.081020 seconds.
  path: Assets/Tensori/SkinlessZombie/Demo/Night/LightingData.asset
  artifactKey: Guid(4437e52497d6d144fadc2f55fbd16e39) Importer(815301076,1909f56bfc062723c751e8b465ee728b)
Start importing Assets/Tensori/SkinlessZombie/Demo/Night/LightingData.asset using Guid(4437e52497d6d144fadc2f55fbd16e39) Importer(815301076,1909f56bfc062723c751e8b465ee728b) (PreviewImporter) -> (artifact id: '69fce24792219f80f9404ef55a86d11c') in 0.0055766 seconds
Number of updated asset objects reloaded before import = 0Number of asset objects unloaded after import = 2

========================================================================
Received Import Request.
  Time since last request: 0.011837 seconds.
  path: Assets/Tensori/SkinlessZombie/Demo/Night/Night Volume.asset
  artifactKey: Guid(7a0c53dd615de1e43812da562ae1c85d) Importer(815301076,1909f56bfc062723c751e8b465ee728b)
Start importing Assets/Tensori/SkinlessZombie/Demo/Night/Night Volume.asset using Guid(7a0c53dd615de1e43812da562ae1c85d) Importer(815301076,1909f56bfc062723c751e8b465ee728b) (PreviewImporter) -> (artifact id: '58d02e08bcefd92d12c0b13a9178d480') in 0.0040235 seconds
Number of updated asset objects reloaded before import = 0Number of asset objects unloaded after import = 7

========================================================================
Received Import Request.
  Time since last request: 0.000465 seconds.
  path: Assets/Tensori/SkinlessZombie/Demo/Night/Nightsky and Fog Settings Profile.asset
  artifactKey: Guid(8c2059d73c4a84d4f847adc444d45671) Importer(815301076,1909f56bfc062723c751e8b465ee728b)
Start importing Assets/Tensori/SkinlessZombie/Demo/Night/Nightsky and Fog Settings Profile.asset using Guid(8c2059d73c4a84d4f847adc444d45671) Importer(815301076,1909f56bfc062723c751e8b465ee728b) (PreviewImporter) -> (artifact id: 'd6156663d3ea2bd0b28912eef63f612b') in 0.0021202 seconds
Number of updated asset objects reloaded before import = 0Number of asset objects unloaded after import = 4

========================================================================
Received Import Request.
  Time since last request: 5.432546 seconds.
  path: Assets/Tensori/SkinlessZombie/Prefabs/skinless zombie.prefab
  artifactKey: Guid(6a57508ea9f1a2e4ba69675cdd7361e3) Importer(815301076,1909f56bfc062723c751e8b465ee728b)
Start importing Assets/Tensori/SkinlessZombie/Prefabs/skinless zombie.prefab using Guid(6a57508ea9f1a2e4ba69675cdd7361e3) Importer(815301076,1909f56bfc062723c751e8b465ee728b) (PreviewImporter) -> (artifact id: 'edf3f5d6207ba5478427075005020021') in 0.0598911 seconds
Number of updated asset objects reloaded before import = 0Number of asset objects unloaded after import = 184

========================================================================
Received Prepare
Begin MonoManager ReloadAssembly
Symbol file LoadedFromMemory is not a mono symbol file
- Loaded All Assemblies, in  0.699 seconds
Refreshing native plugins compatible for Editor in 1.68 ms, found 3 plugins.
Native extension for iOS target not found
Native extension for Android target not found
Native extension for WindowsStandalone target not found
Mono: successfully reloaded assembly
- Finished resetting the current domain, in  0.797 seconds
Domain Reload Profiling: 1497ms
	BeginReloadAssembly (184ms)
		ExecutionOrderSort (0ms)
		DisableScriptedObjects (6ms)
		BackupInstance (0ms)
		ReleaseScriptingObjects (0ms)
		CreateAndSetChildDomain (49ms)
	RebuildCommonClasses (34ms)
	RebuildNativeTypeToScriptingClass (13ms)
	initialDomainReloadingComplete (28ms)
	LoadAllAssembliesAndSetupDomain (440ms)
		LoadAssemblies (330ms)
		RebuildTransferFunctionScriptingTraits (0ms)
		AnalyzeDomain (202ms)
			TypeCache.Refresh (8ms)
				TypeCache.ScanAssembly (0ms)
			BuildScriptInfoCaches (180ms)
			ResolveRequiredComponents (9ms)
	FinalizeReload (798ms)
		ReleaseScriptCaches (0ms)
		RebuildScriptCaches (0ms)
		SetupLoadedEditorAssemblies (656ms)
			LogAssemblyErrors (0ms)
			InitializePlatformSupportModulesInManaged (17ms)
			SetLoadedEditorAssemblies (3ms)
			BeforeProcessingInitializeOnLoad (113ms)
			ProcessInitializeOnLoadAttributes (411ms)
			ProcessInitializeOnLoadMethodAttributes (100ms)
			AfterProcessingInitializeOnLoad (12ms)
			EditorAssembliesLoaded (1ms)
		ExecutionOrderSort2 (0ms)
		AwakeInstancesAfterBackupRestoration (13ms)
Refreshing native plugins compatible for Editor in 4.49 ms, found 3 plugins.
Preloading 0 native plugins for Editor in 0.00 ms.
Unloading 106 Unused Serialized files (Serialized files now loaded: 0)
Unloading 6878 unused Assets / (14.1 MB). Loaded Objects now: 7459.
Memory consumption went from 249.2 MB to 235.2 MB.
Total: 32.207300 ms (FindLiveObjects: 3.035700 ms CreateObjectMapping: 1.279200 ms MarkObjects: 13.088800 ms  DeleteObjects: 14.801200 ms)

Prepare: number of updated asset objects reloaded= 0
========================================================================
Received Import Request.
  Time since last request: 269.002742 seconds.
  path: Assets/Tensori/SkinlessZombie/Demo Scripts
  artifactKey: Guid(34d7b7d26153418409bd5cb9cd2a3d67) Importer(815301076,1909f56bfc062723c751e8b465ee728b)
Start importing Assets/Tensori/SkinlessZombie/Demo Scripts using Guid(34d7b7d26153418409bd5cb9cd2a3d67) Importer(815301076,1909f56bfc062723c751e8b465ee728b) (PreviewImporter) -> (artifact id: 'accb08205565359dbddc9d3fb5ab6dde') in 0.0058724 seconds
Number of updated asset objects reloaded before import = 0Number of asset objects unloaded after import = 0

========================================================================
Received Import Request.
  Time since last request: 9.039498 seconds.
  path: Assets/Tensori/SkinlessZombie/Art
  artifactKey: Guid(ecbbe9e63d0480446b9b5fc45756e6f2) Importer(815301076,1909f56bfc062723c751e8b465ee728b)
Start importing Assets/Tensori/SkinlessZombie/Art using Guid(ecbbe9e63d0480446b9b5fc45756e6f2) Importer(815301076,1909f56bfc062723c751e8b465ee728b) (PreviewImporter) -> (artifact id: '1e99560b2508a56e85f6b10d97ea5081') in 0.0008937 seconds
Number of updated asset objects reloaded before import = 0Number of asset objects unloaded after import = 0

========================================================================
Received Import Request.
  Time since last request: 1.616883 seconds.
  path: Assets/Tensori/SkinlessZombie/Art/Materials
  artifactKey: Guid(bab526459575a45409724722c62f7f8a) Importer(815301076,1909f56bfc062723c751e8b465ee728b)
Start importing Assets/Tensori/SkinlessZombie/Art/Materials using Guid(bab526459575a45409724722c62f7f8a) Importer(815301076,1909f56bfc062723c751e8b465ee728b) (PreviewImporter) -> (artifact id: '1539bef776fbe4c9f8c35ffa6f45a977') in 0.0075538 seconds
Number of updated asset objects reloaded before import = 0Number of asset objects unloaded after import = 0

========================================================================
Received Import Request.
  Time since last request: 0.120929 seconds.
  path: Assets/Tensori/SkinlessZombie/Art/Materials/Axe.mat
  artifactKey: Guid(393f33cc0361af64c9cc956e47ae18ba) Importer(815301076,1909f56bfc062723c751e8b465ee728b)
Start importing Assets/Tensori/SkinlessZombie/Art/Materials/Axe.mat using Guid(393f33cc0361af64c9cc956e47ae18ba) Importer(815301076,1909f56bfc062723c751e8b465ee728b) (PreviewImporter) -> (artifact id: 'ff556207ae8701da102da4e1ba06546b') in 0.1489149 seconds
Number of updated asset objects reloaded before import = 0Number of asset objects unloaded after import = 4

========================================================================
Received Prepare
Begin MonoManager ReloadAssembly
Symbol file LoadedFromMemory is not a mono symbol file
- Loaded All Assemblies, in  0.789 seconds
Refreshing native plugins compatible for Editor in 1.45 ms, found 3 plugins.
Native extension for iOS target not found
Native extension for Android target not found
Native extension for WindowsStandalone target not found
Mono: successfully reloaded assembly
- Finished resetting the current domain, in  0.743 seconds
Domain Reload Profiling: 1532ms
	BeginReloadAssembly (202ms)
		ExecutionOrderSort (0ms)
		DisableScriptedObjects (5ms)
		BackupInstance (0ms)
		ReleaseScriptingObjects (0ms)
		CreateAndSetChildDomain (57ms)
	RebuildCommonClasses (36ms)
	RebuildNativeTypeToScriptingClass (13ms)
	initialDomainReloadingComplete (30ms)
	LoadAllAssembliesAndSetupDomain (508ms)
		LoadAssemblies (368ms)
		RebuildTransferFunctionScriptingTraits (0ms)
		AnalyzeDomain (239ms)
			TypeCache.Refresh (6ms)
				TypeCache.ScanAssembly (0ms)
			BuildScriptInfoCaches (218ms)
			ResolveRequiredComponents (10ms)
	FinalizeReload (743ms)
		ReleaseScriptCaches (0ms)
		RebuildScriptCaches (0ms)
		SetupLoadedEditorAssemblies (613ms)
			LogAssemblyErrors (0ms)
			InitializePlatformSupportModulesInManaged (16ms)
			SetLoadedEditorAssemblies (3ms)
			BeforeProcessingInitializeOnLoad (117ms)
			ProcessInitializeOnLoadAttributes (396ms)
			ProcessInitializeOnLoadMethodAttributes (76ms)
			AfterProcessingInitializeOnLoad (5ms)
			EditorAssembliesLoaded (1ms)
		ExecutionOrderSort2 (0ms)
		AwakeInstancesAfterBackupRestoration (12ms)
Refreshing native plugins compatible for Editor in 3.31 ms, found 3 plugins.
Preloading 0 native plugins for Editor in 0.00 ms.
Unloading 106 Unused Serialized files (Serialized files now loaded: 0)
Unloading 6874 unused Assets / (14.1 MB). Loaded Objects now: 7494.
Memory consumption went from 249.5 MB to 235.4 MB.
Total: 15.472100 ms (FindLiveObjects: 0.817600 ms CreateObjectMapping: 0.410600 ms MarkObjects: 6.279600 ms  DeleteObjects: 7.962900 ms)

Prepare: number of updated asset objects reloaded= 0
========================================================================
Received Import Request.
  Time since last request: 91.190987 seconds.
  path: Assets/Tensori/SkinlessZombie/Art/Textures
  artifactKey: Guid(6b60ca070e3065a4d8e5a51e0deaa0a9) Importer(815301076,1909f56bfc062723c751e8b465ee728b)
Start importing Assets/Tensori/SkinlessZombie/Art/Textures using Guid(6b60ca070e3065a4d8e5a51e0deaa0a9) Importer(815301076,1909f56bfc062723c751e8b465ee728b) (PreviewImporter) -> (artifact id: '11fe84af3d75aee27322ea6cfd161238') in 0.011209 seconds
Number of updated asset objects reloaded before import = 0Number of asset objects unloaded after import = 0

========================================================================
Received Import Request.
  Time since last request: 0.053673 seconds.
  path: Assets/Tensori/SkinlessZombie/Art/Textures/axe_fireaxe_BaseMap.png
  artifactKey: Guid(56e23d3858906aa448bfdf0b5e41f1b2) Importer(815301076,1909f56bfc062723c751e8b465ee728b)
Start importing Assets/Tensori/SkinlessZombie/Art/Textures/axe_fireaxe_BaseMap.png using Guid(56e23d3858906aa448bfdf0b5e41f1b2) Importer(815301076,1909f56bfc062723c751e8b465ee728b) (PreviewImporter) -> (artifact id: 'cd8d283cb1ff4f6f204ec21c64d41d46') in 0.2014134 seconds
Number of updated asset objects reloaded before import = 0Number of asset objects unloaded after import = 2

========================================================================
Received Import Request.
  Time since last request: 0.000085 seconds.
  path: Assets/Tensori/SkinlessZombie/Art/Textures/axe_fireaxe_Normal.png
  artifactKey: Guid(ba6d6e2918e59174b92125d498ad9f24) Importer(815301076,1909f56bfc062723c751e8b465ee728b)
Start importing Assets/Tensori/SkinlessZombie/Art/Textures/axe_fireaxe_Normal.png using Guid(ba6d6e2918e59174b92125d498ad9f24) Importer(815301076,1909f56bfc062723c751e8b465ee728b) (PreviewImporter) -> (artifact id: '9c6f259c24e8c127b67709414befba7a') in 0.0598883 seconds
Number of updated asset objects reloaded before import = 0Number of asset objects unloaded after import = 2

========================================================================
Received Import Request.
  Time since last request: 0.000046 seconds.
  path: Assets/Tensori/SkinlessZombie/Art/Textures/zombie pants low_zombie pants_Normal.png
  artifactKey: Guid(ac9899a0b63e5b74c97e366542c1008d) Importer(815301076,1909f56bfc062723c751e8b465ee728b)
Start importing Assets/Tensori/SkinlessZombie/Art/Textures/zombie pants low_zombie pants_Normal.png using Guid(ac9899a0b63e5b74c97e366542c1008d) Importer(815301076,1909f56bfc062723c751e8b465ee728b) (PreviewImporter) -> (artifact id: 'bc8daab4de2114acb638f5ecc721ab13') in 0.0373199 seconds
Number of updated asset objects reloaded before import = 0Number of asset objects unloaded after import = 2

========================================================================
Received Import Request.
  Time since last request: 0.000025 seconds.
  path: Assets/Tensori/SkinlessZombie/Art/Textures/zombie low_zombie 2048x2048_BaseMap.png
  artifactKey: Guid(9ed9fe31d935737468cd4ab92b082319) Importer(815301076,1909f56bfc062723c751e8b465ee728b)
Start importing Assets/Tensori/SkinlessZombie/Art/Textures/zombie low_zombie 2048x2048_BaseMap.png using Guid(9ed9fe31d935737468cd4ab92b082319) Importer(815301076,1909f56bfc062723c751e8b465ee728b) (PreviewImporter) -> (artifact id: '847fea66089d16b42d2f253bedbecd25') in 0.0290781 seconds
Number of updated asset objects reloaded before import = 0Number of asset objects unloaded after import = 2

========================================================================
Received Import Request.
  Time since last request: 3.672603 seconds.
  path: Assets/Tensori/SkinlessZombie/Art/Mesh
  artifactKey: Guid(6270bf297ae431941aa874e7f40bbfaf) Importer(815301076,1909f56bfc062723c751e8b465ee728b)
Start importing Assets/Tensori/SkinlessZombie/Art/Mesh using Guid(6270bf297ae431941aa874e7f40bbfaf) Importer(815301076,1909f56bfc062723c751e8b465ee728b) (PreviewImporter) -> (artifact id: 'b628c11de3c900418404d92d346d0fc5') in 0.0079153 seconds
Number of updated asset objects reloaded before import = 0Number of asset objects unloaded after import = 0

========================================================================
Received Import Request.
  Time since last request: 0.110742 seconds.
  path: Assets/Tensori/SkinlessZombie/Art/Mesh/fireaxe.fbx
  artifactKey: Guid(18ba84fae8aeeee47af407034cda9b8d) Importer(815301076,1909f56bfc062723c751e8b465ee728b)
Start importing Assets/Tensori/SkinlessZombie/Art/Mesh/fireaxe.fbx using Guid(18ba84fae8aeeee47af407034cda9b8d) Importer(815301076,1909f56bfc062723c751e8b465ee728b) (PreviewImporter) -> (artifact id: '815c3516609c4238f64964c7b3f48476') in 0.3409787 seconds
Number of updated asset objects reloaded before import = 0Number of asset objects unloaded after import = 27

========================================================================
Received Import Request.
  Time since last request: 4.531607 seconds.
  path: Assets/Tensori/SkinlessZombie/Art/Textures/URP
  artifactKey: Guid(cc3300a2da796a649b121b536a0ad830) Importer(815301076,1909f56bfc062723c751e8b465ee728b)
Start importing Assets/Tensori/SkinlessZombie/Art/Textures/URP using Guid(cc3300a2da796a649b121b536a0ad830) Importer(815301076,1909f56bfc062723c751e8b465ee728b) (PreviewImporter) -> (artifact id: '93201925415b788f2cb546c1af7c3eef') in 0.0036332 seconds
Number of updated asset objects reloaded before import = 0Number of asset objects unloaded after import = 0

========================================================================
Received Import Request.
  Time since last request: 3.375039 seconds.
  path: Assets/Tensori/SkinlessZombie/Art/Textures/Built-In
  artifactKey: Guid(b79c122e47146fc47b2d20656a7b434f) Importer(815301076,1909f56bfc062723c751e8b465ee728b)
Start importing Assets/Tensori/SkinlessZombie/Art/Textures/Built-In using Guid(b79c122e47146fc47b2d20656a7b434f) Importer(815301076,1909f56bfc062723c751e8b465ee728b) (PreviewImporter) -> (artifact id: '4672f00965597243a01e9a9741daaaab') in 0.0009081 seconds
Number of updated asset objects reloaded before import = 0Number of asset objects unloaded after import = 0

========================================================================
Received Import Request.
  Time since last request: 3.749277 seconds.
  path: Assets/Tensori/SkinlessZombie/Art/Animations
  artifactKey: Guid(33f351f06d11c5741b704a0480e8b8a4) Importer(815301076,1909f56bfc062723c751e8b465ee728b)
Start importing Assets/Tensori/SkinlessZombie/Art/Animations using Guid(33f351f06d11c5741b704a0480e8b8a4) Importer(815301076,1909f56bfc062723c751e8b465ee728b) (PreviewImporter) -> (artifact id: 'ea3e404e77addde95246dfd931cd4384') in 0.0008268 seconds
Number of updated asset objects reloaded before import = 0Number of asset objects unloaded after import = 0

========================================================================
Received Import Request.
  Time since last request: 0.064283 seconds.
  path: Assets/Tensori/SkinlessZombie/Art/Animations/angry01.fbx
  artifactKey: Guid(0dd1a06bb21981446a1861c7c1767e75) Importer(815301076,1909f56bfc062723c751e8b465ee728b)
Start importing Assets/Tensori/SkinlessZombie/Art/Animations/angry01.fbx using Guid(0dd1a06bb21981446a1861c7c1767e75) Importer(815301076,1909f56bfc062723c751e8b465ee728b) (PreviewImporter) -> (artifact id: '15150681be36f76ee4b3547d9051fce2') in 0.0094325 seconds
Number of updated asset objects reloaded before import = 0Number of asset objects unloaded after import = 141

========================================================================
Received Prepare
Begin MonoManager ReloadAssembly
Symbol file LoadedFromMemory is not a mono symbol file
- Loaded All Assemblies, in  1.071 seconds
Refreshing native plugins compatible for Editor in 1.47 ms, found 3 plugins.
Native extension for iOS target not found
Native extension for Android target not found
Native extension for WindowsStandalone target not found
Mono: successfully reloaded assembly
- Finished resetting the current domain, in  1.227 seconds
Domain Reload Profiling: 2298ms
	BeginReloadAssembly (269ms)
		ExecutionOrderSort (0ms)
		DisableScriptedObjects (10ms)
		BackupInstance (0ms)
		ReleaseScriptingObjects (0ms)
		CreateAndSetChildDomain (70ms)
	RebuildCommonClasses (59ms)
	RebuildNativeTypeToScriptingClass (21ms)
	initialDomainReloadingComplete (43ms)
	LoadAllAssembliesAndSetupDomain (678ms)
		LoadAssemblies (463ms)
		RebuildTransferFunctionScriptingTraits (0ms)
		AnalyzeDomain (350ms)
			TypeCache.Refresh (9ms)
				TypeCache.ScanAssembly (0ms)
			BuildScriptInfoCaches (322ms)
			ResolveRequiredComponents (13ms)
	FinalizeReload (1228ms)
		ReleaseScriptCaches (0ms)
		RebuildScriptCaches (0ms)
		SetupLoadedEditorAssemblies (944ms)
			LogAssemblyErrors (0ms)
			InitializePlatformSupportModulesInManaged (32ms)
			SetLoadedEditorAssemblies (4ms)
			BeforeProcessingInitializeOnLoad (190ms)
			ProcessInitializeOnLoadAttributes (603ms)
			ProcessInitializeOnLoadMethodAttributes (110ms)
			AfterProcessingInitializeOnLoad (5ms)
			EditorAssembliesLoaded (1ms)
		ExecutionOrderSort2 (0ms)
		AwakeInstancesAfterBackupRestoration (29ms)
Refreshing native plugins compatible for Editor in 3.50 ms, found 3 plugins.
Preloading 0 native plugins for Editor in 0.00 ms.
Unloading 106 Unused Serialized files (Serialized files now loaded: 0)
Unloading 6874 unused Assets / (15.1 MB). Loaded Objects now: 7502.
Memory consumption went from 249.7 MB to 234.6 MB.
Total: 27.279600 ms (FindLiveObjects: 1.289300 ms CreateObjectMapping: 0.991700 ms MarkObjects: 7.317100 ms  DeleteObjects: 17.679300 ms)

Prepare: number of updated asset objects reloaded= 0
========================================================================
Received Import Request.
  Time since last request: 56.925459 seconds.
  path: Assets/TextMesh Pro/Examples & Extras/Materials/Ground - URP.mat
  artifactKey: Guid(71529b88994c1a341b22bc57c038674a) Importer(815301076,1909f56bfc062723c751e8b465ee728b)
Start importing Assets/TextMesh Pro/Examples & Extras/Materials/Ground - URP.mat using Guid(71529b88994c1a341b22bc57c038674a) Importer(815301076,1909f56bfc062723c751e8b465ee728b) (PreviewImporter) -> (artifact id: '24a4664cdcf74cfbc3952dd3d087c831') in 0.1591151 seconds
Number of updated asset objects reloaded before import = 0Number of asset objects unloaded after import = 3

========================================================================
Received Prepare
Begin MonoManager ReloadAssembly
Symbol file LoadedFromMemory is not a mono symbol file
- Loaded All Assemblies, in  0.724 seconds
Refreshing native plugins compatible for Editor in 1.17 ms, found 3 plugins.
Native extension for iOS target not found
Native extension for Android target not found
Native extension for WindowsStandalone target not found
Mono: successfully reloaded assembly
- Finished resetting the current domain, in  0.745 seconds
Domain Reload Profiling: 1512ms
	BeginReloadAssembly (196ms)
		ExecutionOrderSort (0ms)
		DisableScriptedObjects (5ms)
		BackupInstance (0ms)
		ReleaseScriptingObjects (0ms)
		CreateAndSetChildDomain (52ms)
	RebuildCommonClasses (40ms)
	RebuildNativeTypeToScriptingClass (13ms)
	initialDomainReloadingComplete (26ms)
	LoadAllAssembliesAndSetupDomain (492ms)
		LoadAssemblies (334ms)
		RebuildTransferFunctionScriptingTraits (0ms)
		AnalyzeDomain (208ms)
			TypeCache.Refresh (11ms)
				TypeCache.ScanAssembly (0ms)
			BuildScriptInfoCaches (178ms)
			ResolveRequiredComponents (10ms)
	FinalizeReload (745ms)
		ReleaseScriptCaches (0ms)
		RebuildScriptCaches (0ms)
		SetupLoadedEditorAssemblies (605ms)
			LogAssemblyErrors (0ms)
			InitializePlatformSupportModulesInManaged (14ms)
			SetLoadedEditorAssemblies (4ms)
			BeforeProcessingInitializeOnLoad (107ms)
			ProcessInitializeOnLoadAttributes (398ms)
			ProcessInitializeOnLoadMethodAttributes (77ms)
			AfterProcessingInitializeOnLoad (4ms)
			EditorAssembliesLoaded (0ms)
		ExecutionOrderSort2 (0ms)
		AwakeInstancesAfterBackupRestoration (18ms)
Refreshing native plugins compatible for Editor in 1.38 ms, found 3 plugins.
Preloading 0 native plugins for Editor in 0.00 ms.
Unloading 106 Unused Serialized files (Serialized files now loaded: 0)
Unloading 6874 unused Assets / (13.1 MB). Loaded Objects now: 7504.
Memory consumption went from 249.7 MB to 236.7 MB.
Total: 12.378800 ms (FindLiveObjects: 0.590200 ms CreateObjectMapping: 0.409900 ms MarkObjects: 5.131200 ms  DeleteObjects: 6.246100 ms)

Prepare: number of updated asset objects reloaded= 0
========================================================================
Received Prepare
Begin MonoManager ReloadAssembly
Symbol file LoadedFromMemory is not a mono symbol file
- Loaded All Assemblies, in  0.717 seconds
Refreshing native plugins compatible for Editor in 1.62 ms, found 3 plugins.
Native extension for iOS target not found
Native extension for Android target not found
Native extension for WindowsStandalone target not found
Mono: successfully reloaded assembly
- Finished resetting the current domain, in  0.764 seconds
Domain Reload Profiling: 1481ms
	BeginReloadAssembly (190ms)
		ExecutionOrderSort (0ms)
		DisableScriptedObjects (6ms)
		BackupInstance (0ms)
		ReleaseScriptingObjects (0ms)
		CreateAndSetChildDomain (49ms)
	RebuildCommonClasses (38ms)
	RebuildNativeTypeToScriptingClass (14ms)
	initialDomainReloadingComplete (26ms)
	LoadAllAssembliesAndSetupDomain (449ms)
		LoadAssemblies (350ms)
		RebuildTransferFunctionScriptingTraits (0ms)
		AnalyzeDomain (195ms)
			TypeCache.Refresh (8ms)
				TypeCache.ScanAssembly (0ms)
			BuildScriptInfoCaches (171ms)
			ResolveRequiredComponents (11ms)
	FinalizeReload (764ms)
		ReleaseScriptCaches (0ms)
		RebuildScriptCaches (0ms)
		SetupLoadedEditorAssemblies (619ms)
			LogAssemblyErrors (0ms)
			InitializePlatformSupportModulesInManaged (16ms)
			SetLoadedEditorAssemblies (3ms)
			BeforeProcessingInitializeOnLoad (103ms)
			ProcessInitializeOnLoadAttributes (413ms)
			ProcessInitializeOnLoadMethodAttributes (79ms)
			AfterProcessingInitializeOnLoad (4ms)
			EditorAssembliesLoaded (0ms)
		ExecutionOrderSort2 (0ms)
		AwakeInstancesAfterBackupRestoration (11ms)
Refreshing native plugins compatible for Editor in 1.60 ms, found 3 plugins.
Preloading 0 native plugins for Editor in 0.00 ms.
Unloading 106 Unused Serialized files (Serialized files now loaded: 0)
Unloading 6874 unused Assets / (11.8 MB). Loaded Objects now: 7506.
Memory consumption went from 249.7 MB to 237.8 MB.
Total: 13.241400 ms (FindLiveObjects: 0.619800 ms CreateObjectMapping: 0.424000 ms MarkObjects: 4.927800 ms  DeleteObjects: 7.268100 ms)

Prepare: number of updated asset objects reloaded= 0
========================================================================
Received Import Request.
  Time since last request: 158.312737 seconds.
  path: Assets/Tensori/SkinlessZombie/Art/Textures/URP/URP.unitypackage
  artifactKey: Guid(21c05786b87ca6746b584f2488d0a28e) Importer(815301076,1909f56bfc062723c751e8b465ee728b)
Start importing Assets/Tensori/SkinlessZombie/Art/Textures/URP/URP.unitypackage using Guid(21c05786b87ca6746b584f2488d0a28e) Importer(815301076,1909f56bfc062723c751e8b465ee728b) (PreviewImporter) -> (artifact id: '1e99dc94ae4f09a687f6a7cd14e5a013') in 0.0222682 seconds
Number of updated asset objects reloaded before import = 0Number of asset objects unloaded after import = 1

========================================================================
Received Import Request.
  Time since last request: 8.922213 seconds.
  path: Assets/Tensori/SkinlessZombie/Art/Textures/Built-In/builtIn.unitypackage
  artifactKey: Guid(90f4db7cb3c8d6440904571cd7817720) Importer(815301076,1909f56bfc062723c751e8b465ee728b)
Start importing Assets/Tensori/SkinlessZombie/Art/Textures/Built-In/builtIn.unitypackage using Guid(90f4db7cb3c8d6440904571cd7817720) Importer(815301076,1909f56bfc062723c751e8b465ee728b) (PreviewImporter) -> (artifact id: 'aefe9abf19e17f70ff6f70884b1ef42c') in 0.0031701 seconds
Number of updated asset objects reloaded before import = 0Number of asset objects unloaded after import = 1

========================================================================
Received Import Request.
  Time since last request: 33.549755 seconds.
  path: Assets/Tensori/SkinlessZombie/Art/Textures/axe_fireaxe_AlbedoTransparency.png
  artifactKey: Guid(45f986d48e79ba544bce92ecfd73f83e) Importer(815301076,1909f56bfc062723c751e8b465ee728b)
Start importing Assets/Tensori/SkinlessZombie/Art/Textures/axe_fireaxe_AlbedoTransparency.png using Guid(45f986d48e79ba544bce92ecfd73f83e) Importer(815301076,1909f56bfc062723c751e8b465ee728b) (PreviewImporter) -> (artifact id: '388098fced61f90946041e854b1b690a') in 0.060479 seconds
Number of updated asset objects reloaded before import = 0Number of asset objects unloaded after import = 2

========================================================================
Received Import Request.
  Time since last request: 0.000036 seconds.
  path: Assets/Tensori/SkinlessZombie/Art/Textures/axe_fireaxe_Normal.png
  artifactKey: Guid(2ce8a3158c778cc4b8859ec7aad26103) Importer(815301076,1909f56bfc062723c751e8b465ee728b)
Start importing Assets/Tensori/SkinlessZombie/Art/Textures/axe_fireaxe_Normal.png using Guid(2ce8a3158c778cc4b8859ec7aad26103) Importer(815301076,1909f56bfc062723c751e8b465ee728b) (PreviewImporter) -> (artifact id: '9cd5e543b07da51bdc6305d65fc64a10') in 0.0378087 seconds
Number of updated asset objects reloaded before import = 0Number of asset objects unloaded after import = 2

========================================================================
Received Import Request.
  Time since last request: 0.000055 seconds.
  path: Assets/Tensori/SkinlessZombie/Art/Textures/zombie low_zombie 2048x2048_Normal.png
  artifactKey: Guid(ef73590227cd7a04a91a9945012263fe) Importer(815301076,1909f56bfc062723c751e8b465ee728b)
Start importing Assets/Tensori/SkinlessZombie/Art/Textures/zombie low_zombie 2048x2048_Normal.png using Guid(ef73590227cd7a04a91a9945012263fe) Importer(815301076,1909f56bfc062723c751e8b465ee728b) (PreviewImporter) -> (artifact id: 'dd4494d448998471ebe0409243f42a11') in 0.0652363 seconds
Number of updated asset objects reloaded before import = 0Number of asset objects unloaded after import = 2

========================================================================
Received Import Request.
  Time since last request: 0.000041 seconds.
  path: Assets/Tensori/SkinlessZombie/Art/Textures/zombie low_zombie 2048x2048_MetallicSmoothness.png
  artifactKey: Guid(00f71ce2f0031fb4aa525e70df2779f0) Importer(815301076,1909f56bfc062723c751e8b465ee728b)
Start importing Assets/Tensori/SkinlessZombie/Art/Textures/zombie low_zombie 2048x2048_MetallicSmoothness.png using Guid(00f71ce2f0031fb4aa525e70df2779f0) Importer(815301076,1909f56bfc062723c751e8b465ee728b) (PreviewImporter) -> (artifact id: '40b72620b5110ff6702d26af2cd42817') in 0.0404054 seconds
Number of updated asset objects reloaded before import = 0Number of asset objects unloaded after import = 2

========================================================================
Received Import Request.
  Time since last request: 0.000079 seconds.
  path: Assets/Tensori/SkinlessZombie/Art/Textures/zombie pants low_zombie pants_Normal.png
  artifactKey: Guid(cbf186a829cb38b46adbac114b80c3ef) Importer(815301076,1909f56bfc062723c751e8b465ee728b)
Start importing Assets/Tensori/SkinlessZombie/Art/Textures/zombie pants low_zombie pants_Normal.png using Guid(cbf186a829cb38b46adbac114b80c3ef) Importer(815301076,1909f56bfc062723c751e8b465ee728b) (PreviewImporter) -> (artifact id: 'd40ad98896643e0d7f8069db64d9321d') in 0.0359584 seconds
Number of updated asset objects reloaded before import = 0Number of asset objects unloaded after import = 2

========================================================================
Received Import Request.
  Time since last request: 10.798837 seconds.
  path: Assets/Tensori/SkinlessZombie/Prefabs/fireaxe.prefab
  artifactKey: Guid(4286784eafadf9f4ebfb6f725ab2da99) Importer(815301076,1909f56bfc062723c751e8b465ee728b)
Start importing Assets/Tensori/SkinlessZombie/Prefabs/fireaxe.prefab using Guid(4286784eafadf9f4ebfb6f725ab2da99) Importer(815301076,1909f56bfc062723c751e8b465ee728b) (PreviewImporter) -> (artifact id: '5ab9509d7b085eac2da088ef48279b56') in 0.1114139 seconds
Number of updated asset objects reloaded before import = 0Number of asset objects unloaded after import = 27

========================================================================
Received Import Request.
  Time since last request: 4.862686 seconds.
  path: Assets/Tensori/SkinlessZombie/Art/Mesh/fireaxe.fbx
  artifactKey: Guid(18ba84fae8aeeee47af407034cda9b8d) Importer(815301076,1909f56bfc062723c751e8b465ee728b)
Start importing Assets/Tensori/SkinlessZombie/Art/Mesh/fireaxe.fbx using Guid(18ba84fae8aeeee47af407034cda9b8d) Importer(815301076,1909f56bfc062723c751e8b465ee728b) (PreviewImporter) -> (artifact id: '5c64db729b077bc6d54b4bb18f0cc2ed') in 0.1031216 seconds
Number of updated asset objects reloaded before import = 0Number of asset objects unloaded after import = 26

========================================================================
Received Import Request.
  Time since last request: 3.965650 seconds.
  path: Assets/Tensori/SkinlessZombie/Art/Materials/Axe.mat
  artifactKey: Guid(393f33cc0361af64c9cc956e47ae18ba) Importer(815301076,1909f56bfc062723c751e8b465ee728b)
Start importing Assets/Tensori/SkinlessZombie/Art/Materials/Axe.mat using Guid(393f33cc0361af64c9cc956e47ae18ba) Importer(815301076,1909f56bfc062723c751e8b465ee728b) (PreviewImporter) -> (artifact id: '5b868711eaf0ff0d5e14a05ec01275df') in 0.0878871 seconds
Number of updated asset objects reloaded before import = 0Number of asset objects unloaded after import = 3

========================================================================
Received Prepare
Refreshing native plugins compatible for Editor in 1.82 ms, found 3 plugins.
Preloading 0 native plugins for Editor in 0.00 ms.
Unloading 106 Unused Serialized files (Serialized files now loaded: 0)
Unloading 6857 unused Assets / (11.5 MB). Loaded Objects now: 7503.
Memory consumption went from 250.1 MB to 238.6 MB.
Total: 37.326800 ms (FindLiveObjects: 0.715600 ms CreateObjectMapping: 0.427300 ms MarkObjects: 20.369300 ms  DeleteObjects: 15.812100 ms)

Prepare: number of updated asset objects reloaded= 0
========================================================================
Received Prepare
Begin MonoManager ReloadAssembly
Symbol file LoadedFromMemory is not a mono symbol file
- Loaded All Assemblies, in  1.485 seconds
Refreshing native plugins compatible for Editor in 1.39 ms, found 3 plugins.
Native extension for iOS target not found
Native extension for Android target not found
Native extension for WindowsStandalone target not found
Mono: successfully reloaded assembly
- Finished resetting the current domain, in  2.454 seconds
Domain Reload Profiling: 3933ms
	BeginReloadAssembly (478ms)
		ExecutionOrderSort (0ms)
		DisableScriptedObjects (14ms)
		BackupInstance (0ms)
		ReleaseScriptingObjects (0ms)
		CreateAndSetChildDomain (150ms)
	RebuildCommonClasses (81ms)
	RebuildNativeTypeToScriptingClass (26ms)
	initialDomainReloadingComplete (80ms)
	LoadAllAssembliesAndSetupDomain (813ms)
		LoadAssemblies (783ms)
		RebuildTransferFunctionScriptingTraits (0ms)
		AnalyzeDomain (271ms)
			TypeCache.Refresh (19ms)
				TypeCache.ScanAssembly (2ms)
			BuildScriptInfoCaches (231ms)
			ResolveRequiredComponents (15ms)
	FinalizeReload (2455ms)
		ReleaseScriptCaches (0ms)
		RebuildScriptCaches (0ms)
		SetupLoadedEditorAssemblies (2133ms)
			LogAssemblyErrors (0ms)
			InitializePlatformSupportModulesInManaged (18ms)
			SetLoadedEditorAssemblies (4ms)
			BeforeProcessingInitializeOnLoad (277ms)
			ProcessInitializeOnLoadAttributes (1503ms)
			ProcessInitializeOnLoadMethodAttributes (318ms)
			AfterProcessingInitializeOnLoad (13ms)
			EditorAssembliesLoaded (1ms)
		ExecutionOrderSort2 (0ms)
		AwakeInstancesAfterBackupRestoration (57ms)
Refreshing native plugins compatible for Editor in 1.66 ms, found 3 plugins.
Preloading 0 native plugins for Editor in 0.00 ms.
Unloading 106 Unused Serialized files (Serialized files now loaded: 0)
Unloading 6870 unused Assets / (11.6 MB). Loaded Objects now: 7504.
Memory consumption went from 249.7 MB to 238.0 MB.
Total: 374.862700 ms (FindLiveObjects: 1.719100 ms CreateObjectMapping: 88.476700 ms MarkObjects: 8.213400 ms  DeleteObjects: 276.451500 ms)

Prepare: number of updated asset objects reloaded= 0
========================================================================
Received Import Request.
  Time since last request: 384.953118 seconds.
  path: Assets/Cursed Priest
  artifactKey: Guid(6163f8f4fedd8ce47bf39b3b36557793) Importer(815301076,1909f56bfc062723c751e8b465ee728b)
Start importing Assets/Cursed Priest using Guid(6163f8f4fedd8ce47bf39b3b36557793) Importer(815301076,1909f56bfc062723c751e8b465ee728b) (PreviewImporter) -> (artifact id: 'f50270c1345bb8a6825a951fbd588702') in 0.0052897 seconds
Number of updated asset objects reloaded before import = 0Number of asset objects unloaded after import = 0

========================================================================
Received Import Request.
  Time since last request: 2.286121 seconds.
  path: Assets/Cursed Priest/Prefab
  artifactKey: Guid(c13a166d26551ca4084ac49374b138b3) Importer(815301076,1909f56bfc062723c751e8b465ee728b)
Start importing Assets/Cursed Priest/Prefab using Guid(c13a166d26551ca4084ac49374b138b3) Importer(815301076,1909f56bfc062723c751e8b465ee728b) (PreviewImporter) -> (artifact id: '45a8e18feaef0d6bfc5394b90fd55b31') in 0.0010797 seconds
Number of updated asset objects reloaded before import = 0Number of asset objects unloaded after import = 0

========================================================================
Received Import Request.
  Time since last request: 0.047325 seconds.
  path: Assets/Cursed Priest/Prefab/Priest.prefab
  artifactKey: Guid(6924745a509f7b746bc74f3d4548b1aa) Importer(815301076,1909f56bfc062723c751e8b465ee728b)
Start importing Assets/Cursed Priest/Prefab/Priest.prefab using Guid(6924745a509f7b746bc74f3d4548b1aa) Importer(815301076,1909f56bfc062723c751e8b465ee728b) (PreviewImporter) -> (artifact id: 'a0dfdd134ad465e1f2adba8401e89be7') in 0.2706572 seconds
Number of updated asset objects reloaded before import = 0Number of asset objects unloaded after import = 172

========================================================================
Received Prepare
Begin MonoManager ReloadAssembly
Symbol file LoadedFromMemory is not a mono symbol file
- Loaded All Assemblies, in  0.921 seconds
Refreshing native plugins compatible for Editor in 2.22 ms, found 3 plugins.
Native extension for iOS target not found
Native extension for Android target not found
Native extension for WindowsStandalone target not found
Mono: successfully reloaded assembly
- Finished resetting the current domain, in  1.070 seconds
Domain Reload Profiling: 1992ms
	BeginReloadAssembly (232ms)
		ExecutionOrderSort (0ms)
		DisableScriptedObjects (5ms)
		BackupInstance (0ms)
		ReleaseScriptingObjects (0ms)
		CreateAndSetChildDomain (89ms)
	RebuildCommonClasses (34ms)
	RebuildNativeTypeToScriptingClass (12ms)
	initialDomainReloadingComplete (27ms)
	LoadAllAssembliesAndSetupDomain (616ms)
		LoadAssemblies (438ms)
		RebuildTransferFunctionScriptingTraits (0ms)
		AnalyzeDomain (271ms)
			TypeCache.Refresh (8ms)
				TypeCache.ScanAssembly (0ms)
			BuildScriptInfoCaches (247ms)
			ResolveRequiredComponents (12ms)
	FinalizeReload (1071ms)
		ReleaseScriptCaches (0ms)
		RebuildScriptCaches (0ms)
		SetupLoadedEditorAssemblies (860ms)
			LogAssemblyErrors (0ms)
			InitializePlatformSupportModulesInManaged (17ms)
			SetLoadedEditorAssemblies (5ms)
			BeforeProcessingInitializeOnLoad (136ms)
			ProcessInitializeOnLoadAttributes (610ms)
			ProcessInitializeOnLoadMethodAttributes (84ms)
			AfterProcessingInitializeOnLoad (7ms)
			EditorAssembliesLoaded (0ms)
		ExecutionOrderSort2 (0ms)
		AwakeInstancesAfterBackupRestoration (31ms)
Refreshing native plugins compatible for Editor in 2.62 ms, found 3 plugins.
Preloading 0 native plugins for Editor in 0.00 ms.
Unloading 106 Unused Serialized files (Serialized files now loaded: 0)
Unloading 6870 unused Assets / (13.5 MB). Loaded Objects now: 7506.
Memory consumption went from 249.8 MB to 236.2 MB.
Total: 19.875200 ms (FindLiveObjects: 2.501000 ms CreateObjectMapping: 0.788700 ms MarkObjects: 8.520600 ms  DeleteObjects: 8.061800 ms)

Prepare: number of updated asset objects reloaded= 0
========================================================================
Received Prepare
Begin MonoManager ReloadAssembly
Symbol file LoadedFromMemory is not a mono symbol file
- Loaded All Assemblies, in  0.841 seconds
Refreshing native plugins compatible for Editor in 1.34 ms, found 3 plugins.
Native extension for iOS target not found
Native extension for Android target not found
Native extension for WindowsStandalone target not found
Mono: successfully reloaded assembly
- Finished resetting the current domain, in  0.827 seconds
Domain Reload Profiling: 1669ms
	BeginReloadAssembly (231ms)
		ExecutionOrderSort (0ms)
		DisableScriptedObjects (6ms)
		BackupInstance (0ms)
		ReleaseScriptingObjects (0ms)
		CreateAndSetChildDomain (86ms)
	RebuildCommonClasses (36ms)
	RebuildNativeTypeToScriptingClass (13ms)
	initialDomainReloadingComplete (32ms)
	LoadAllAssembliesAndSetupDomain (528ms)
		LoadAssemblies (366ms)
		RebuildTransferFunctionScriptingTraits (0ms)
		AnalyzeDomain (256ms)
			TypeCache.Refresh (7ms)
				TypeCache.ScanAssembly (0ms)
			BuildScriptInfoCaches (185ms)
			ResolveRequiredComponents (58ms)
	FinalizeReload (828ms)
		ReleaseScriptCaches (0ms)
		RebuildScriptCaches (0ms)
		SetupLoadedEditorAssemblies (684ms)
			LogAssemblyErrors (0ms)
			InitializePlatformSupportModulesInManaged (16ms)
			SetLoadedEditorAssemblies (4ms)
			BeforeProcessingInitializeOnLoad (131ms)
			ProcessInitializeOnLoadAttributes (446ms)
			ProcessInitializeOnLoadMethodAttributes (81ms)
			AfterProcessingInitializeOnLoad (5ms)
			EditorAssembliesLoaded (0ms)
		ExecutionOrderSort2 (0ms)
		AwakeInstancesAfterBackupRestoration (10ms)
Refreshing native plugins compatible for Editor in 2.05 ms, found 3 plugins.
Preloading 0 native plugins for Editor in 0.00 ms.
Unloading 106 Unused Serialized files (Serialized files now loaded: 0)
Unloading 6870 unused Assets / (15.0 MB). Loaded Objects now: 7508.
Memory consumption went from 249.7 MB to 234.7 MB.
Total: 20.264700 ms (FindLiveObjects: 1.027400 ms CreateObjectMapping: 0.523400 ms MarkObjects: 5.905200 ms  DeleteObjects: 12.806800 ms)

Prepare: number of updated asset objects reloaded= 0
========================================================================
Received Prepare
Begin MonoManager ReloadAssembly
Symbol file LoadedFromMemory is not a mono symbol file
- Loaded All Assemblies, in  0.776 seconds
Refreshing native plugins compatible for Editor in 1.58 ms, found 3 plugins.
Native extension for iOS target not found
Native extension for Android target not found
Native extension for WindowsStandalone target not found
Mono: successfully reloaded assembly
- Finished resetting the current domain, in  0.952 seconds
Domain Reload Profiling: 1730ms
	BeginReloadAssembly (183ms)
		ExecutionOrderSort (0ms)
		DisableScriptedObjects (5ms)
		BackupInstance (0ms)
		ReleaseScriptingObjects (0ms)
		CreateAndSetChildDomain (43ms)
	RebuildCommonClasses (37ms)
	RebuildNativeTypeToScriptingClass (13ms)
	initialDomainReloadingComplete (32ms)
	LoadAllAssembliesAndSetupDomain (511ms)
		LoadAssemblies (351ms)
		RebuildTransferFunctionScriptingTraits (0ms)
		AnalyzeDomain (256ms)
			TypeCache.Refresh (8ms)
				TypeCache.ScanAssembly (0ms)
			BuildScriptInfoCaches (231ms)
			ResolveRequiredComponents (12ms)
	FinalizeReload (953ms)
		ReleaseScriptCaches (0ms)
		RebuildScriptCaches (0ms)
		SetupLoadedEditorAssemblies (780ms)
			LogAssemblyErrors (0ms)
			InitializePlatformSupportModulesInManaged (24ms)
			SetLoadedEditorAssemblies (5ms)
			BeforeProcessingInitializeOnLoad (165ms)
			ProcessInitializeOnLoadAttributes (501ms)
			ProcessInitializeOnLoadMethodAttributes (80ms)
			AfterProcessingInitializeOnLoad (6ms)
			EditorAssembliesLoaded (0ms)
		ExecutionOrderSort2 (0ms)
		AwakeInstancesAfterBackupRestoration (11ms)
Refreshing native plugins compatible for Editor in 1.64 ms, found 3 plugins.
Preloading 0 native plugins for Editor in 0.00 ms.
Unloading 106 Unused Serialized files (Serialized files now loaded: 0)
Unloading 6870 unused Assets / (15.8 MB). Loaded Objects now: 7510.
Memory consumption went from 249.8 MB to 234.0 MB.
Total: 15.636500 ms (FindLiveObjects: 0.583900 ms CreateObjectMapping: 0.437400 ms MarkObjects: 6.700600 ms  DeleteObjects: 7.912700 ms)

Prepare: number of updated asset objects reloaded= 0
========================================================================
Received Prepare
Begin MonoManager ReloadAssembly
Symbol file LoadedFromMemory is not a mono symbol file
- Loaded All Assemblies, in  0.964 seconds
Refreshing native plugins compatible for Editor in 1.16 ms, found 3 plugins.
Native extension for iOS target not found
Native extension for Android target not found
Native extension for WindowsStandalone target not found
Mono: successfully reloaded assembly
- Finished resetting the current domain, in  0.842 seconds
Domain Reload Profiling: 1809ms
	BeginReloadAssembly (221ms)
		ExecutionOrderSort (0ms)
		DisableScriptedObjects (7ms)
		BackupInstance (0ms)
		ReleaseScriptingObjects (0ms)
		CreateAndSetChildDomain (60ms)
	RebuildCommonClasses (40ms)
	RebuildNativeTypeToScriptingClass (16ms)
	initialDomainReloadingComplete (35ms)
	LoadAllAssembliesAndSetupDomain (655ms)
		LoadAssemblies (462ms)
		RebuildTransferFunctionScriptingTraits (0ms)
		AnalyzeDomain (301ms)
			TypeCache.Refresh (18ms)
				TypeCache.ScanAssembly (3ms)
			BuildScriptInfoCaches (261ms)
			ResolveRequiredComponents (15ms)
	FinalizeReload (843ms)
		ReleaseScriptCaches (0ms)
		RebuildScriptCaches (0ms)
		SetupLoadedEditorAssemblies (660ms)
			LogAssemblyErrors (0ms)
			InitializePlatformSupportModulesInManaged (17ms)
			SetLoadedEditorAssemblies (3ms)
			BeforeProcessingInitializeOnLoad (125ms)
			ProcessInitializeOnLoadAttributes (409ms)
			ProcessInitializeOnLoadMethodAttributes (97ms)
			AfterProcessingInitializeOnLoad (9ms)
			EditorAssembliesLoaded (1ms)
		ExecutionOrderSort2 (0ms)
		AwakeInstancesAfterBackupRestoration (26ms)
Refreshing native plugins compatible for Editor in 1.21 ms, found 3 plugins.
Preloading 0 native plugins for Editor in 0.00 ms.
Unloading 106 Unused Serialized files (Serialized files now loaded: 0)
Unloading 6870 unused Assets / (14.6 MB). Loaded Objects now: 7512.
Memory consumption went from 249.8 MB to 235.2 MB.
Total: 13.068800 ms (FindLiveObjects: 1.131100 ms CreateObjectMapping: 0.736900 ms MarkObjects: 3.903900 ms  DeleteObjects: 7.294600 ms)

Prepare: number of updated asset objects reloaded= 0
========================================================================
Received Import Request.
  Time since last request: 878.104005 seconds.
  path: Assets/Prefab/Creep.prefab
  artifactKey: Guid(d77c1b33981586945b088641681edcc7) Importer(815301076,1909f56bfc062723c751e8b465ee728b)
Start importing Assets/Prefab/Creep.prefab using Guid(d77c1b33981586945b088641681edcc7) Importer(815301076,1909f56bfc062723c751e8b465ee728b) (PreviewImporter) -> (artifact id: '0fa5792b2296271cbe5b34ea61f19eef') in 0.472607 seconds
Number of updated asset objects reloaded before import = 0Number of asset objects unloaded after import = 583

========================================================================
Received Import Request.
  Time since last request: 0.000041 seconds.
  path: Assets/Prefab/Mutated.prefab
  artifactKey: Guid(2fd1133a71b7082489322d9e5f8efc0e) Importer(815301076,1909f56bfc062723c751e8b465ee728b)
Start importing Assets/Prefab/Mutated.prefab using Guid(2fd1133a71b7082489322d9e5f8efc0e) Importer(815301076,1909f56bfc062723c751e8b465ee728b) (PreviewImporter) -> (artifact id: 'ff6898228178ee2a18674fd55482d8a8') in 0.1454212 seconds
Number of updated asset objects reloaded before import = 0Number of asset objects unloaded after import = 332

========================================================================
Received Import Request.
  Time since last request: 10.384517 seconds.
  path: Assets/Prefab/Priest.prefab
  artifactKey: Guid(c6671ecdfbbd1594cb778c771bae795a) Importer(815301076,1909f56bfc062723c751e8b465ee728b)
Start importing Assets/Prefab/Priest.prefab using Guid(c6671ecdfbbd1594cb778c771bae795a) Importer(815301076,1909f56bfc062723c751e8b465ee728b) (PreviewImporter) -> (artifact id: '65a1d9a46da598ac16d0028a6c91292d') in 0.8510359 seconds
Number of updated asset objects reloaded before import = 0Number of asset objects unloaded after import = 228

========================================================================
Received Import Request.
  Time since last request: 10.301121 seconds.
  path: Assets/Prefab/Creep 1.prefab
  artifactKey: Guid(8ae2830e0e16b06428747eaaca5715ba) Importer(815301076,1909f56bfc062723c751e8b465ee728b)
Start importing Assets/Prefab/Creep 1.prefab using Guid(8ae2830e0e16b06428747eaaca5715ba) Importer(815301076,1909f56bfc062723c751e8b465ee728b) (PreviewImporter) -> (artifact id: '63252514bae077e70f3a4688b66a7b57') in 0.1200201 seconds
Number of updated asset objects reloaded before import = 0Number of asset objects unloaded after import = 583

========================================================================
Received Import Request.
  Time since last request: 70.324816 seconds.
  path: Assets/Prefab/Creep.prefab
  artifactKey: Guid(d77c1b33981586945b088641681edcc7) Importer(815301076,1909f56bfc062723c751e8b465ee728b)
Start importing Assets/Prefab/Creep.prefab using Guid(d77c1b33981586945b088641681edcc7) Importer(815301076,1909f56bfc062723c751e8b465ee728b) (PreviewImporter) -> (artifact id: 'ff8dc32aae235655214c5fbcc7aac8b6') in 0.1769304 seconds
Number of updated asset objects reloaded before import = 0Number of asset objects unloaded after import = 639

========================================================================
Received Import Request.
  Time since last request: 6.716231 seconds.
  path: Assets/Prefab/Creep.prefab
  artifactKey: Guid(d77c1b33981586945b088641681edcc7) Importer(815301076,1909f56bfc062723c751e8b465ee728b)
Start importing Assets/Prefab/Creep.prefab using Guid(d77c1b33981586945b088641681edcc7) Importer(815301076,1909f56bfc062723c751e8b465ee728b) (PreviewImporter) -> (artifact id: '3cb3fa8ec65f7088ed7ddbe22f7f505a') in 0.1716453 seconds
Number of updated asset objects reloaded before import = 0Number of asset objects unloaded after import = 726

========================================================================
Received Import Request.
  Time since last request: 2.037843 seconds.
  path: Assets/Prefab/Creep.prefab
  artifactKey: Guid(d77c1b33981586945b088641681edcc7) Importer(815301076,1909f56bfc062723c751e8b465ee728b)
Start importing Assets/Prefab/Creep.prefab using Guid(d77c1b33981586945b088641681edcc7) Importer(815301076,1909f56bfc062723c751e8b465ee728b) (PreviewImporter) -> (artifact id: '0544cc9561ee670d94851c22c763eb8b') in 0.1931007 seconds
Number of updated asset objects reloaded before import = 0Number of asset objects unloaded after import = 773

========================================================================
Received Import Request.
  Time since last request: 9.126651 seconds.
  path: Assets/Prefab/Mons.prefab
  artifactKey: Guid(cb5b616248c427044b2ea921b60ae807) Importer(815301076,1909f56bfc062723c751e8b465ee728b)
Start importing Assets/Prefab/Mons.prefab using Guid(cb5b616248c427044b2ea921b60ae807) Importer(815301076,1909f56bfc062723c751e8b465ee728b) (PreviewImporter) -> (artifact id: 'eb39ab4afcffc4da6b09ab421e9ec18d') in 0.1912545 seconds
Number of updated asset objects reloaded before import = 0Number of asset objects unloaded after import = 268

========================================================================
Received Import Request.
  Time since last request: 3.083252 seconds.
  path: Assets/Prefab/Mons.prefab
  artifactKey: Guid(cb5b616248c427044b2ea921b60ae807) Importer(815301076,1909f56bfc062723c751e8b465ee728b)
Start importing Assets/Prefab/Mons.prefab using Guid(cb5b616248c427044b2ea921b60ae807) Importer(815301076,1909f56bfc062723c751e8b465ee728b) (PreviewImporter) -> (artifact id: '60474da439ddbe55c79420ab521d1865') in 1.496361 seconds
Number of updated asset objects reloaded before import = 0Number of asset objects unloaded after import = 325

========================================================================
Received Import Request.
  Time since last request: 2.000596 seconds.
  path: Assets/Prefab/Mons.prefab
  artifactKey: Guid(cb5b616248c427044b2ea921b60ae807) Importer(815301076,1909f56bfc062723c751e8b465ee728b)
Start importing Assets/Prefab/Mons.prefab using Guid(cb5b616248c427044b2ea921b60ae807) Importer(815301076,1909f56bfc062723c751e8b465ee728b) (PreviewImporter) -> (artifact id: '61cc4b2b80ebe1f15ca9e64260890292') in 0.1434966 seconds
Number of updated asset objects reloaded before import = 0Number of asset objects unloaded after import = 366

========================================================================
Received Import Request.
  Time since last request: 7.890331 seconds.
  path: Assets/Prefab/Priest.prefab
  artifactKey: Guid(c6671ecdfbbd1594cb778c771bae795a) Importer(815301076,1909f56bfc062723c751e8b465ee728b)
Start importing Assets/Prefab/Priest.prefab using Guid(c6671ecdfbbd1594cb778c771bae795a) Importer(815301076,1909f56bfc062723c751e8b465ee728b) (PreviewImporter) -> (artifact id: '1da2bb7b5feb80227bb7520ba5c1ea9b') in 0.6377482 seconds
Number of updated asset objects reloaded before import = 0Number of asset objects unloaded after import = 320

========================================================================
Received Import Request.
  Time since last request: 1.004463 seconds.
  path: Assets/Prefab/Priest.prefab
  artifactKey: Guid(c6671ecdfbbd1594cb778c771bae795a) Importer(815301076,1909f56bfc062723c751e8b465ee728b)
Start importing Assets/Prefab/Priest.prefab using Guid(c6671ecdfbbd1594cb778c771bae795a) Importer(815301076,1909f56bfc062723c751e8b465ee728b) (PreviewImporter) -> (artifact id: 'ec616c3fe290f73ebd1775e44e7c0c29') in 0.466392 seconds
Number of updated asset objects reloaded before import = 0Number of asset objects unloaded after import = 377

========================================================================
Received Import Request.
  Time since last request: 2.800651 seconds.
  path: Assets/Prefab/Priest.prefab
  artifactKey: Guid(c6671ecdfbbd1594cb778c771bae795a) Importer(815301076,1909f56bfc062723c751e8b465ee728b)
Start importing Assets/Prefab/Priest.prefab using Guid(c6671ecdfbbd1594cb778c771bae795a) Importer(815301076,1909f56bfc062723c751e8b465ee728b) (PreviewImporter) -> (artifact id: '05095f206f67800d4d18d244ab25b0f2') in 0.215878 seconds
Number of updated asset objects reloaded before import = 0Number of asset objects unloaded after import = 418

========================================================================
Received Import Request.
  Time since last request: 27.107395 seconds.
  path: Assets/Prefab/Spider.prefab
  artifactKey: Guid(baaf818ba0d731b43b6ee1a4d0e7a195) Importer(815301076,1909f56bfc062723c751e8b465ee728b)
Start importing Assets/Prefab/Spider.prefab using Guid(baaf818ba0d731b43b6ee1a4d0e7a195) Importer(815301076,1909f56bfc062723c751e8b465ee728b) (PreviewImporter) -> (artifact id: '4a7ec3c79248f50a637764f19acb2cdc') in 0.195433 seconds
Number of updated asset objects reloaded before import = 0Number of asset objects unloaded after import = 241

========================================================================
Received Import Request.
  Time since last request: 2.391608 seconds.
  path: Assets/Prefab/Spider.prefab
  artifactKey: Guid(baaf818ba0d731b43b6ee1a4d0e7a195) Importer(815301076,1909f56bfc062723c751e8b465ee728b)
Start importing Assets/Prefab/Spider.prefab using Guid(baaf818ba0d731b43b6ee1a4d0e7a195) Importer(815301076,1909f56bfc062723c751e8b465ee728b) (PreviewImporter) -> (artifact id: '0db20e56e653993c972a1e97718df7b8') in 0.0519359 seconds
Number of updated asset objects reloaded before import = 0Number of asset objects unloaded after import = 298

========================================================================
Received Import Request.
  Time since last request: 11.084860 seconds.
  path: Assets/Prefab/Spider.prefab
  artifactKey: Guid(baaf818ba0d731b43b6ee1a4d0e7a195) Importer(815301076,1909f56bfc062723c751e8b465ee728b)
Start importing Assets/Prefab/Spider.prefab using Guid(baaf818ba0d731b43b6ee1a4d0e7a195) Importer(815301076,1909f56bfc062723c751e8b465ee728b) (PreviewImporter) -> (artifact id: '0ebf78bc7ab371c836bc536374bfee52') in 0.0649225 seconds
Number of updated asset objects reloaded before import = 0Number of asset objects unloaded after import = 339

========================================================================
Received Import Request.
  Time since last request: 10.394916 seconds.
  path: Assets/Prefab/Mutated.prefab
  artifactKey: Guid(2fd1133a71b7082489322d9e5f8efc0e) Importer(815301076,1909f56bfc062723c751e8b465ee728b)
Start importing Assets/Prefab/Mutated.prefab using Guid(2fd1133a71b7082489322d9e5f8efc0e) Importer(815301076,1909f56bfc062723c751e8b465ee728b) (PreviewImporter) -> (artifact id: '830265925a124b445751e7c5188826d2') in 0.0656024 seconds
Number of updated asset objects reloaded before import = 0Number of asset objects unloaded after import = 388

========================================================================
Received Import Request.
  Time since last request: 2.776441 seconds.
  path: Assets/Prefab/Mutated.prefab
  artifactKey: Guid(2fd1133a71b7082489322d9e5f8efc0e) Importer(815301076,1909f56bfc062723c751e8b465ee728b)
Start importing Assets/Prefab/Mutated.prefab using Guid(2fd1133a71b7082489322d9e5f8efc0e) Importer(815301076,1909f56bfc062723c751e8b465ee728b) (PreviewImporter) -> (artifact id: 'd5c53709793bc726f2739294f1a68b9d') in 0.056588 seconds
Number of updated asset objects reloaded before import = 0Number of asset objects unloaded after import = 435

========================================================================
Received Import Request.
  Time since last request: 0.484355 seconds.
  path: Assets/Prefab/Mutated.prefab
  artifactKey: Guid(2fd1133a71b7082489322d9e5f8efc0e) Importer(815301076,1909f56bfc062723c751e8b465ee728b)
Start importing Assets/Prefab/Mutated.prefab using Guid(2fd1133a71b7082489322d9e5f8efc0e) Importer(815301076,1909f56bfc062723c751e8b465ee728b) (PreviewImporter) -> (artifact id: 'bbe2c592a7d5cdceab525b88ceeaf2dc') in 0.0637156 seconds
Number of updated asset objects reloaded before import = 0Number of asset objects unloaded after import = 522

========================================================================
Received Prepare
Begin MonoManager ReloadAssembly
Symbol file LoadedFromMemory is not a mono symbol file
- Loaded All Assemblies, in  1.000 seconds
Refreshing native plugins compatible for Editor in 1.57 ms, found 3 plugins.
Native extension for iOS target not found
Native extension for Android target not found
Native extension for WindowsStandalone target not found
Mono: successfully reloaded assembly
- Finished resetting the current domain, in  0.996 seconds
Domain Reload Profiling: 1996ms
	BeginReloadAssembly (287ms)
		ExecutionOrderSort (0ms)
		DisableScriptedObjects (12ms)
		BackupInstance (0ms)
		ReleaseScriptingObjects (0ms)
		CreateAndSetChildDomain (104ms)
	RebuildCommonClasses (36ms)
	RebuildNativeTypeToScriptingClass (12ms)
	initialDomainReloadingComplete (28ms)
	LoadAllAssembliesAndSetupDomain (637ms)
		LoadAssemblies (479ms)
		RebuildTransferFunctionScriptingTraits (0ms)
		AnalyzeDomain (217ms)
			TypeCache.Refresh (8ms)
				TypeCache.ScanAssembly (0ms)
			BuildScriptInfoCaches (194ms)
			ResolveRequiredComponents (11ms)
	FinalizeReload (996ms)
		ReleaseScriptCaches (0ms)
		RebuildScriptCaches (0ms)
		SetupLoadedEditorAssemblies (863ms)
			LogAssemblyErrors (0ms)
			InitializePlatformSupportModulesInManaged (15ms)
			SetLoadedEditorAssemblies (4ms)
			BeforeProcessingInitializeOnLoad (161ms)
			ProcessInitializeOnLoadAttributes (549ms)
			ProcessInitializeOnLoadMethodAttributes (130ms)
			AfterProcessingInitializeOnLoad (4ms)
			EditorAssembliesLoaded (0ms)
		ExecutionOrderSort2 (0ms)
		AwakeInstancesAfterBackupRestoration (10ms)
Refreshing native plugins compatible for Editor in 2.29 ms, found 3 plugins.
Preloading 0 native plugins for Editor in 0.00 ms.
Unloading 106 Unused Serialized files (Serialized files now loaded: 0)
Unloading 6879 unused Assets / (13.8 MB). Loaded Objects now: 7515.
Memory consumption went from 250.0 MB to 236.2 MB.
Total: 20.180700 ms (FindLiveObjects: 0.795800 ms CreateObjectMapping: 0.534600 ms MarkObjects: 5.722000 ms  DeleteObjects: 13.125600 ms)

Prepare: number of updated asset objects reloaded= 0
========================================================================
Received Import Request.
  Time since last request: 120.069010 seconds.
  path: Assets/Prefab/Creep.prefab
  artifactKey: Guid(d77c1b33981586945b088641681edcc7) Importer(815301076,1909f56bfc062723c751e8b465ee728b)
Start importing Assets/Prefab/Creep.prefab using Guid(d77c1b33981586945b088641681edcc7) Importer(815301076,1909f56bfc062723c751e8b465ee728b) (PreviewImporter) -> (artifact id: '69dbabc5d6c1861e6b4ceb9ff0993006') in 0.6535101 seconds
Number of updated asset objects reloaded before import = 0Number of asset objects unloaded after import = 773

========================================================================
Received Prepare
Begin MonoManager ReloadAssembly
Symbol file LoadedFromMemory is not a mono symbol file
- Loaded All Assemblies, in  0.814 seconds
Refreshing native plugins compatible for Editor in 3.34 ms, found 3 plugins.
Native extension for iOS target not found
Native extension for Android target not found
Native extension for WindowsStandalone target not found
Mono: successfully reloaded assembly
- Finished resetting the current domain, in  0.826 seconds
Domain Reload Profiling: 1642ms
	BeginReloadAssembly (235ms)
		ExecutionOrderSort (0ms)
		DisableScriptedObjects (6ms)
		BackupInstance (0ms)
		ReleaseScriptingObjects (0ms)
		CreateAndSetChildDomain (84ms)
	RebuildCommonClasses (40ms)
	RebuildNativeTypeToScriptingClass (14ms)
	initialDomainReloadingComplete (34ms)
	LoadAllAssembliesAndSetupDomain (492ms)
		LoadAssemblies (350ms)
		RebuildTransferFunctionScriptingTraits (0ms)
		AnalyzeDomain (239ms)
			TypeCache.Refresh (6ms)
				TypeCache.ScanAssembly (0ms)
			BuildScriptInfoCaches (179ms)
			ResolveRequiredComponents (49ms)
	FinalizeReload (827ms)
		ReleaseScriptCaches (0ms)
		RebuildScriptCaches (0ms)
		SetupLoadedEditorAssemblies (677ms)
			LogAssemblyErrors (0ms)
			InitializePlatformSupportModulesInManaged (18ms)
			SetLoadedEditorAssemblies (4ms)
			BeforeProcessingInitializeOnLoad (110ms)
			ProcessInitializeOnLoadAttributes (453ms)
			ProcessInitializeOnLoadMethodAttributes (88ms)
			AfterProcessingInitializeOnLoad (4ms)
			EditorAssembliesLoaded (0ms)
		ExecutionOrderSort2 (0ms)
		AwakeInstancesAfterBackupRestoration (15ms)
Refreshing native plugins compatible for Editor in 2.73 ms, found 3 plugins.
Preloading 0 native plugins for Editor in 0.00 ms.
Unloading 106 Unused Serialized files (Serialized files now loaded: 0)
Unloading 6875 unused Assets / (11.0 MB). Loaded Objects now: 7517.
Memory consumption went from 250.0 MB to 239.0 MB.
Total: 18.952600 ms (FindLiveObjects: 0.706700 ms CreateObjectMapping: 0.731300 ms MarkObjects: 6.471000 ms  DeleteObjects: 11.041600 ms)

Prepare: number of updated asset objects reloaded= 0
========================================================================
Received Prepare
Begin MonoManager ReloadAssembly
Symbol file LoadedFromMemory is not a mono symbol file
- Loaded All Assemblies, in  0.847 seconds
Refreshing native plugins compatible for Editor in 1.39 ms, found 3 plugins.
Native extension for iOS target not found
Native extension for Android target not found
Native extension for WindowsStandalone target not found
Mono: successfully reloaded assembly
- Finished resetting the current domain, in  0.966 seconds
Domain Reload Profiling: 1816ms
	BeginReloadAssembly (223ms)
		ExecutionOrderSort (0ms)
		DisableScriptedObjects (7ms)
		BackupInstance (0ms)
		ReleaseScriptingObjects (0ms)
		CreateAndSetChildDomain (69ms)
	RebuildCommonClasses (41ms)
	RebuildNativeTypeToScriptingClass (12ms)
	initialDomainReloadingComplete (32ms)
	LoadAllAssembliesAndSetupDomain (541ms)
		LoadAssemblies (388ms)
		RebuildTransferFunctionScriptingTraits (0ms)
		AnalyzeDomain (251ms)
			TypeCache.Refresh (7ms)
				TypeCache.ScanAssembly (0ms)
			BuildScriptInfoCaches (185ms)
			ResolveRequiredComponents (53ms)
	FinalizeReload (967ms)
		ReleaseScriptCaches (0ms)
		RebuildScriptCaches (0ms)
		SetupLoadedEditorAssemblies (767ms)
			LogAssemblyErrors (0ms)
			InitializePlatformSupportModulesInManaged (15ms)
			SetLoadedEditorAssemblies (3ms)
			BeforeProcessingInitializeOnLoad (115ms)
			ProcessInitializeOnLoadAttributes (492ms)
			ProcessInitializeOnLoadMethodAttributes (133ms)
			AfterProcessingInitializeOnLoad (8ms)
			EditorAssembliesLoaded (1ms)
		ExecutionOrderSort2 (0ms)
		AwakeInstancesAfterBackupRestoration (20ms)
Refreshing native plugins compatible for Editor in 1.73 ms, found 3 plugins.
Preloading 0 native plugins for Editor in 0.00 ms.
Unloading 106 Unused Serialized files (Serialized files now loaded: 0)
Unloading 6870 unused Assets / (14.4 MB). Loaded Objects now: 7519.
Memory consumption went from 250.0 MB to 235.7 MB.
Total: 17.410400 ms (FindLiveObjects: 0.875000 ms CreateObjectMapping: 0.458900 ms MarkObjects: 6.862100 ms  DeleteObjects: 9.212000 ms)

Prepare: number of updated asset objects reloaded= 0
========================================================================
Received Import Request.
  Time since last request: 427.830235 seconds.
  path: Assets/FCCartoonGUI_UIAnimation/Prefabs
  artifactKey: Guid(1f3f1c58c6cdec9429764d494f312a62) Importer(815301076,1909f56bfc062723c751e8b465ee728b)
Start importing Assets/FCCartoonGUI_UIAnimation/Prefabs using Guid(1f3f1c58c6cdec9429764d494f312a62) Importer(815301076,1909f56bfc062723c751e8b465ee728b) (PreviewImporter) -> (artifact id: '33055c619d4907f1fb4fe0ac279b543c') in 0.0080872 seconds
Number of updated asset objects reloaded before import = 0Number of asset objects unloaded after import = 0

========================================================================
Received Import Request.
  Time since last request: 8.163422 seconds.
  path: Assets/FCCartoonGUI_UIAnimation/Prefabs/Shop
  artifactKey: Guid(dea785ba189aff444b251892cc19934c) Importer(815301076,1909f56bfc062723c751e8b465ee728b)
Start importing Assets/FCCartoonGUI_UIAnimation/Prefabs/Shop using Guid(dea785ba189aff444b251892cc19934c) Importer(815301076,1909f56bfc062723c751e8b465ee728b) (PreviewImporter) -> (artifact id: 'f6f003fbaf30ea3bd994b75bce0e4684') in 0.0034576 seconds
Number of updated asset objects reloaded before import = 0Number of asset objects unloaded after import = 0

========================================================================
Received Import Request.
  Time since last request: 0.154385 seconds.
  path: Assets/FCCartoonGUI_UIAnimation/Prefabs/Shop/ShopCanvas.prefab
  artifactKey: Guid(d4058b868d404d242bda29b986b0967c) Importer(815301076,1909f56bfc062723c751e8b465ee728b)
Start importing Assets/FCCartoonGUI_UIAnimation/Prefabs/Shop/ShopCanvas.prefab using Guid(d4058b868d404d242bda29b986b0967c) Importer(815301076,1909f56bfc062723c751e8b465ee728b) (PreviewImporter) -> (artifact id: 'e26480f845dcebbc47a92e8491232d62') in 0.2556476 seconds
Number of updated asset objects reloaded before import = 0Number of asset objects unloaded after import = 386

========================================================================
Received Import Request.
  Time since last request: 5.484729 seconds.
  path: Assets/FCCartoonGUI_UIAnimation/Prefabs/Success
  artifactKey: Guid(80c161eeae12ad446b2438786c059fa4) Importer(815301076,1909f56bfc062723c751e8b465ee728b)
Start importing Assets/FCCartoonGUI_UIAnimation/Prefabs/Success using Guid(80c161eeae12ad446b2438786c059fa4) Importer(815301076,1909f56bfc062723c751e8b465ee728b) (PreviewImporter) -> (artifact id: 'a11c8428c2e8e33860750ad29bf648a3') in 0.0009549 seconds
Number of updated asset objects reloaded before import = 0Number of asset objects unloaded after import = 0

========================================================================
Received Import Request.
  Time since last request: 0.045159 seconds.
  path: Assets/FCCartoonGUI_UIAnimation/Prefabs/Success/SuccessCanvas.prefab
  artifactKey: Guid(1cf13ca20157ee74f9f31f6fb6a9dbd8) Importer(815301076,1909f56bfc062723c751e8b465ee728b)
Start importing Assets/FCCartoonGUI_UIAnimation/Prefabs/Success/SuccessCanvas.prefab using Guid(1cf13ca20157ee74f9f31f6fb6a9dbd8) Importer(815301076,1909f56bfc062723c751e8b465ee728b) (PreviewImporter) -> (artifact id: '309dd47e7043642c66afff118981f523') in 0.0089822 seconds
Number of updated asset objects reloaded before import = 0Number of asset objects unloaded after import = 224

========================================================================
Received Import Request.
  Time since last request: 6.410331 seconds.
  path: Assets/FCCartoonGUI_UIAnimation/Prefabs/Quit
  artifactKey: Guid(29296397066fcda4d91f6b1db0dc347d) Importer(815301076,1909f56bfc062723c751e8b465ee728b)
Start importing Assets/FCCartoonGUI_UIAnimation/Prefabs/Quit using Guid(29296397066fcda4d91f6b1db0dc347d) Importer(815301076,1909f56bfc062723c751e8b465ee728b) (PreviewImporter) -> (artifact id: '8473637400d643144ba6b7b589f8df5b') in 0.0023476 seconds
Number of updated asset objects reloaded before import = 0Number of asset objects unloaded after import = 0

========================================================================
Received Import Request.
  Time since last request: 0.053578 seconds.
  path: Assets/FCCartoonGUI_UIAnimation/Prefabs/Quit/QuitCanvas.prefab
  artifactKey: Guid(0ae19328f44bdc44295b7a77c5150990) Importer(815301076,1909f56bfc062723c751e8b465ee728b)
Start importing Assets/FCCartoonGUI_UIAnimation/Prefabs/Quit/QuitCanvas.prefab using Guid(0ae19328f44bdc44295b7a77c5150990) Importer(815301076,1909f56bfc062723c751e8b465ee728b) (PreviewImporter) -> (artifact id: '3adcc6e4ff4b54589e2679990d069c7f') in 0.0043712 seconds
Number of updated asset objects reloaded before import = 0Number of asset objects unloaded after import = 114

========================================================================
Received Import Request.
  Time since last request: 2.957370 seconds.
  path: Assets/FCCartoonGUI_UIAnimation/Prefabs/Levels
  artifactKey: Guid(bd95b8bbec5056f4bbb79dba2d3f94e3) Importer(815301076,1909f56bfc062723c751e8b465ee728b)
Start importing Assets/FCCartoonGUI_UIAnimation/Prefabs/Levels using Guid(bd95b8bbec5056f4bbb79dba2d3f94e3) Importer(815301076,1909f56bfc062723c751e8b465ee728b) (PreviewImporter) -> (artifact id: 'ef530334fc8d377140e8c5a0c086cc09') in 0.0013531 seconds
Number of updated asset objects reloaded before import = 0Number of asset objects unloaded after import = 0

========================================================================
Received Import Request.
  Time since last request: 0.072200 seconds.
  path: Assets/FCCartoonGUI_UIAnimation/Prefabs/Levels/LevelsCanvas.prefab
  artifactKey: Guid(9260048beaa0a2240a7a6d2a1cfdfd06) Importer(815301076,1909f56bfc062723c751e8b465ee728b)
Start importing Assets/FCCartoonGUI_UIAnimation/Prefabs/Levels/LevelsCanvas.prefab using Guid(9260048beaa0a2240a7a6d2a1cfdfd06) Importer(815301076,1909f56bfc062723c751e8b465ee728b) (PreviewImporter) -> (artifact id: '526261d4eaf5dc99abd722ea7bc74647') in 0.00971 seconds
Number of updated asset objects reloaded before import = 0Number of asset objects unloaded after import = 445

========================================================================
Received Import Request.
  Time since last request: 3.925619 seconds.
  path: Assets/FCCartoonGUI_UIAnimation/Prefabs/LevelFailed
  artifactKey: Guid(7125bc2f5645a5046a6df0d9f09e4d93) Importer(815301076,1909f56bfc062723c751e8b465ee728b)
Start importing Assets/FCCartoonGUI_UIAnimation/Prefabs/LevelFailed using Guid(7125bc2f5645a5046a6df0d9f09e4d93) Importer(815301076,1909f56bfc062723c751e8b465ee728b) (PreviewImporter) -> (artifact id: 'ac67ae9d9aa401681b68ca6424c582fb') in 0.0074022 seconds
Number of updated asset objects reloaded before import = 0Number of asset objects unloaded after import = 0

========================================================================
Received Import Request.
  Time since last request: 0.235048 seconds.
  path: Assets/FCCartoonGUI_UIAnimation/Prefabs/LevelFailed/LevelFailedCanvas.prefab
  artifactKey: Guid(9d13e51a438a8d34fa0b0663fc61dece) Importer(815301076,1909f56bfc062723c751e8b465ee728b)
Start importing Assets/FCCartoonGUI_UIAnimation/Prefabs/LevelFailed/LevelFailedCanvas.prefab using Guid(9d13e51a438a8d34fa0b0663fc61dece) Importer(815301076,1909f56bfc062723c751e8b465ee728b) (PreviewImporter) -> (artifact id: '873ac6116bd904af3472f128bdb736ef') in 0.0078684 seconds
Number of updated asset objects reloaded before import = 0Number of asset objects unloaded after import = 170

========================================================================
Received Import Request.
  Time since last request: 2.523263 seconds.
  path: Assets/FCCartoonGUI_UIAnimation/Demo
  artifactKey: Guid(4e4c9f3fe4ea5f146bfd9eb90c468d58) Importer(815301076,1909f56bfc062723c751e8b465ee728b)
Start importing Assets/FCCartoonGUI_UIAnimation/Demo using Guid(4e4c9f3fe4ea5f146bfd9eb90c468d58) Importer(815301076,1909f56bfc062723c751e8b465ee728b) (PreviewImporter) -> (artifact id: 'af3eef3bfc7f12625d1728058dd09266') in 0.0021242 seconds
Number of updated asset objects reloaded before import = 0Number of asset objects unloaded after import = 0

========================================================================
Received Import Request.
  Time since last request: 5.684091 seconds.
  path: Assets/FCCartoonGUI_UIAnimation/Demo/Inventory.unity
  artifactKey: Guid(4907265c927f15e48979cbcf3b1d4c0c) Importer(815301076,1909f56bfc062723c751e8b465ee728b)
Start importing Assets/FCCartoonGUI_UIAnimation/Demo/Inventory.unity using Guid(4907265c927f15e48979cbcf3b1d4c0c) Importer(815301076,1909f56bfc062723c751e8b465ee728b) (PreviewImporter) -> (artifact id: '8e3446c50ad995406ef18151aa6d0ccc') in 0.0012589 seconds
Number of updated asset objects reloaded before import = 0Number of asset objects unloaded after import = 0

========================================================================
Received Import Request.
  Time since last request: 11.175456 seconds.
  path: Assets/FCCartoonGUI_UIAnimation/Data
  artifactKey: Guid(051cb3f2dfa5ce944b8de361902d8c07) Importer(815301076,1909f56bfc062723c751e8b465ee728b)
Start importing Assets/FCCartoonGUI_UIAnimation/Data using Guid(051cb3f2dfa5ce944b8de361902d8c07) Importer(815301076,1909f56bfc062723c751e8b465ee728b) (PreviewImporter) -> (artifact id: '4b54f3d01fec37a22abcb61fa6f0ee10') in 0.0076023 seconds
Number of updated asset objects reloaded before import = 0Number of asset objects unloaded after import = 0

========================================================================
Received Import Request.
  Time since last request: 1.733930 seconds.
  path: Assets/FCCartoonGUI_UIAnimation/Data/ButtonsList
  artifactKey: Guid(feddda22adcb01245b166671962fc805) Importer(815301076,1909f56bfc062723c751e8b465ee728b)
Start importing Assets/FCCartoonGUI_UIAnimation/Data/ButtonsList using Guid(feddda22adcb01245b166671962fc805) Importer(815301076,1909f56bfc062723c751e8b465ee728b) (PreviewImporter) -> (artifact id: '41a15b434f3cbacb11fb72557f580206') in 0.0024982 seconds
Number of updated asset objects reloaded before import = 0Number of asset objects unloaded after import = 0

========================================================================
Received Import Request.
  Time since last request: 0.832122 seconds.
  path: Assets/FCCartoonGUI_UIAnimation/Data/ButtonsList/Button_2
  artifactKey: Guid(4f26e5b0b456d624692d2cc30742f8b9) Importer(815301076,1909f56bfc062723c751e8b465ee728b)
Start importing Assets/FCCartoonGUI_UIAnimation/Data/ButtonsList/Button_2 using Guid(4f26e5b0b456d624692d2cc30742f8b9) Importer(815301076,1909f56bfc062723c751e8b465ee728b) (PreviewImporter) -> (artifact id: '8ab5ea23e198755dff543e52b8e95aa0') in 0.0025 seconds
Number of updated asset objects reloaded before import = 0Number of asset objects unloaded after import = 0

========================================================================
Received Import Request.
  Time since last request: 0.065565 seconds.
  path: Assets/FCCartoonGUI_UIAnimation/Data/ButtonsList/Button_2/Button2_Button_RotateClick.asset
  artifactKey: Guid(e1fe74af9c0350344852287c0c4a7b46) Importer(815301076,1909f56bfc062723c751e8b465ee728b)
Start importing Assets/FCCartoonGUI_UIAnimation/Data/ButtonsList/Button_2/Button2_Button_RotateClick.asset using Guid(e1fe74af9c0350344852287c0c4a7b46) Importer(815301076,1909f56bfc062723c751e8b465ee728b) (PreviewImporter) -> (artifact id: 'b9d52e6b07d48fe20572b52fe7af9558') in 0.001353 seconds
Number of updated asset objects reloaded before import = 0Number of asset objects unloaded after import = 1

========================================================================
Received Import Request.
  Time since last request: 0.000013 seconds.
  path: Assets/FCCartoonGUI_UIAnimation/Data/ButtonsList/Button_2/Button2_Icon_ColorClick.asset
  artifactKey: Guid(649891b9b0132c14b830f381688b95d1) Importer(815301076,1909f56bfc062723c751e8b465ee728b)
Start importing Assets/FCCartoonGUI_UIAnimation/Data/ButtonsList/Button_2/Button2_Icon_ColorClick.asset using Guid(649891b9b0132c14b830f381688b95d1) Importer(815301076,1909f56bfc062723c751e8b465ee728b) (PreviewImporter) -> (artifact id: 'efe894ed2a071615586b802cf8dd5488') in 0.0017886 seconds
Number of updated asset objects reloaded before import = 0Number of asset objects unloaded after import = 1

========================================================================
Received Import Request.
  Time since last request: 14.188220 seconds.
  path: Assets/FCCartoonGUI_UIAnimation/Code
  artifactKey: Guid(686dcb745f454e84eb3b612c5d424eea) Importer(815301076,1909f56bfc062723c751e8b465ee728b)
Start importing Assets/FCCartoonGUI_UIAnimation/Code using Guid(686dcb745f454e84eb3b612c5d424eea) Importer(815301076,1909f56bfc062723c751e8b465ee728b) (PreviewImporter) -> (artifact id: '94ca1f90a9ad41f8e503b2529c231ec4') in 0.0007202 seconds
Number of updated asset objects reloaded before import = 0Number of asset objects unloaded after import = 0

========================================================================
Received Prepare
Refreshing native plugins compatible for Editor in 3.60 ms, found 3 plugins.
Preloading 0 native plugins for Editor in 0.00 ms.
Unloading 106 Unused Serialized files (Serialized files now loaded: 0)
Unloading 6859 unused Assets / (12.8 MB). Loaded Objects now: 7524.
Memory consumption went from 251.0 MB to 238.2 MB.
Total: 41.772800 ms (FindLiveObjects: 1.158300 ms CreateObjectMapping: 0.744400 ms MarkObjects: 26.886900 ms  DeleteObjects: 12.981100 ms)

Prepare: number of updated asset objects reloaded= 0
========================================================================
Received Import Request.
  Time since last request: 840.043169 seconds.
  path: Assets/Chess Studio
  artifactKey: Guid(7b22d458727860a4d987fa222f3f22f9) Importer(815301076,1909f56bfc062723c751e8b465ee728b)
Start importing Assets/Chess Studio using Guid(7b22d458727860a4d987fa222f3f22f9) Importer(815301076,1909f56bfc062723c751e8b465ee728b) (PreviewImporter) -> (artifact id: '7c9ac9ee098bd8e56ff67b95964ae863') in 0.0044401 seconds
Number of updated asset objects reloaded before import = 0Number of asset objects unloaded after import = 0

========================================================================
Received Import Request.
  Time since last request: 0.935159 seconds.
  path: Assets/Chess Studio/Puzzle Blocks Icon Pack
  artifactKey: Guid(5f029138f788b884aaa9c74020d500fa) Importer(815301076,1909f56bfc062723c751e8b465ee728b)
Start importing Assets/Chess Studio/Puzzle Blocks Icon Pack using Guid(5f029138f788b884aaa9c74020d500fa) Importer(815301076,1909f56bfc062723c751e8b465ee728b) (PreviewImporter) -> (artifact id: 'eac6833a03a1088fbce7f1ab4a45ebde') in 0.009305 seconds
Number of updated asset objects reloaded before import = 0Number of asset objects unloaded after import = 0

========================================================================
Received Import Request.
  Time since last request: 0.810824 seconds.
  path: Assets/Chess Studio/Puzzle Blocks Icon Pack/1920af.png
  artifactKey: Guid(7885643a53663374a8ea7363b85ec510) Importer(815301076,1909f56bfc062723c751e8b465ee728b)
Start importing Assets/Chess Studio/Puzzle Blocks Icon Pack/1920af.png using Guid(7885643a53663374a8ea7363b85ec510) Importer(815301076,1909f56bfc062723c751e8b465ee728b) (PreviewImporter) -> (artifact id: '0964b8f11a7246bf67bd091c6619d658') in 0.0843456 seconds
Number of updated asset objects reloaded before import = 0Number of asset objects unloaded after import = 3

========================================================================
Received Import Request.
  Time since last request: 0.000067 seconds.
  path: Assets/Chess Studio/Puzzle Blocks Icon Pack/1920cf.png
  artifactKey: Guid(85ff8a302e29eb14b921fc5cbb86b01f) Importer(815301076,1909f56bfc062723c751e8b465ee728b)
Start importing Assets/Chess Studio/Puzzle Blocks Icon Pack/1920cf.png using Guid(85ff8a302e29eb14b921fc5cbb86b01f) Importer(815301076,1909f56bfc062723c751e8b465ee728b) (PreviewImporter) -> (artifact id: '41d5e5e756b37150b3a7ad96b5747ce4') in 0.0646079 seconds
Number of updated asset objects reloaded before import = 0Number of asset objects unloaded after import = 3

========================================================================
Received Import Request.
  Time since last request: 1.819857 seconds.
  path: Assets/Chess Studio/Puzzle Blocks Icon Pack/png
  artifactKey: Guid(f3deab47ad6d0ef45a203fac6927bd40) Importer(815301076,1909f56bfc062723c751e8b465ee728b)
Start importing Assets/Chess Studio/Puzzle Blocks Icon Pack/png using Guid(f3deab47ad6d0ef45a203fac6927bd40) Importer(815301076,1909f56bfc062723c751e8b465ee728b) (PreviewImporter) -> (artifact id: 'c67d37c04e4b06df104fd5c8077cc082') in 0.0009064 seconds
Number of updated asset objects reloaded before import = 0Number of asset objects unloaded after import = 0

========================================================================
Received Import Request.
  Time since last request: 0.058048 seconds.
  path: Assets/Chess Studio/Puzzle Blocks Icon Pack/png/blockBlueDimond.png
  artifactKey: Guid(5938bd5d018267a45aa0962f00fbabe7) Importer(815301076,1909f56bfc062723c751e8b465ee728b)
Start importing Assets/Chess Studio/Puzzle Blocks Icon Pack/png/blockBlueDimond.png using Guid(5938bd5d018267a45aa0962f00fbabe7) Importer(815301076,1909f56bfc062723c751e8b465ee728b) (PreviewImporter) -> (artifact id: '902b41986a420306e4151a6d30211529') in 0.0463073 seconds
Number of updated asset objects reloaded before import = 0Number of asset objects unloaded after import = 3

========================================================================
Received Import Request.
  Time since last request: 0.000196 seconds.
  path: Assets/Chess Studio/Puzzle Blocks Icon Pack/png/blockOrangeDimond.png
  artifactKey: Guid(0a42d22be67a37d4fa5bfc7470b1eb11) Importer(815301076,1909f56bfc062723c751e8b465ee728b)
Start importing Assets/Chess Studio/Puzzle Blocks Icon Pack/png/blockOrangeDimond.png using Guid(0a42d22be67a37d4fa5bfc7470b1eb11) Importer(815301076,1909f56bfc062723c751e8b465ee728b) (PreviewImporter) -> (artifact id: '5a7293f9a3402ec62e077a5c3fc21b13') in 0.0402928 seconds
Number of updated asset objects reloaded before import = 0Number of asset objects unloaded after import = 3

========================================================================
Received Import Request.
  Time since last request: 0.000224 seconds.
  path: Assets/Chess Studio/Puzzle Blocks Icon Pack/png/blueSquare.png
  artifactKey: Guid(91a475aab2d5c15429a4bcc9ecbfc4f5) Importer(815301076,1909f56bfc062723c751e8b465ee728b)
Start importing Assets/Chess Studio/Puzzle Blocks Icon Pack/png/blueSquare.png using Guid(91a475aab2d5c15429a4bcc9ecbfc4f5) Importer(815301076,1909f56bfc062723c751e8b465ee728b) (PreviewImporter) -> (artifact id: '0979afc1782832f30f24221eb13964e7') in 0.050953 seconds
Number of updated asset objects reloaded before import = 0Number of asset objects unloaded after import = 3

========================================================================
Received Import Request.
  Time since last request: 0.000044 seconds.
  path: Assets/Chess Studio/Puzzle Blocks Icon Pack/png/brownStar.png
  artifactKey: Guid(b1e4ea2c696bf9c42800356686e328f0) Importer(815301076,1909f56bfc062723c751e8b465ee728b)
Start importing Assets/Chess Studio/Puzzle Blocks Icon Pack/png/brownStar.png using Guid(b1e4ea2c696bf9c42800356686e328f0) Importer(815301076,1909f56bfc062723c751e8b465ee728b) (PreviewImporter) -> (artifact id: 'a14fae0998cb58bfb3043fdf7de8a6fa') in 0.0553764 seconds
Number of updated asset objects reloaded before import = 0Number of asset objects unloaded after import = 3

========================================================================
Received Import Request.
  Time since last request: 0.000454 seconds.
  path: Assets/Chess Studio/Puzzle Blocks Icon Pack/png/coreCrownDimond.png
  artifactKey: Guid(0a3f9d84eb791874ab24e9368a9ca6d9) Importer(815301076,1909f56bfc062723c751e8b465ee728b)
Start importing Assets/Chess Studio/Puzzle Blocks Icon Pack/png/coreCrownDimond.png using Guid(0a3f9d84eb791874ab24e9368a9ca6d9) Importer(815301076,1909f56bfc062723c751e8b465ee728b) (PreviewImporter) -> (artifact id: '2fc0de030394f44c610dc57d08c8d80e') in 0.0338901 seconds
Number of updated asset objects reloaded before import = 0Number of asset objects unloaded after import = 3

========================================================================
Received Import Request.
  Time since last request: 0.000048 seconds.
  path: Assets/Chess Studio/Puzzle Blocks Icon Pack/png/blockRedDimond.png
  artifactKey: Guid(66eb32c73d649cd4f9fbd5f3e032498f) Importer(815301076,1909f56bfc062723c751e8b465ee728b)
Start importing Assets/Chess Studio/Puzzle Blocks Icon Pack/png/blockRedDimond.png using Guid(66eb32c73d649cd4f9fbd5f3e032498f) Importer(815301076,1909f56bfc062723c751e8b465ee728b) (PreviewImporter) -> (artifact id: '8b210c4d7de62434a950187bc7b404f8') in 0.0452704 seconds
Number of updated asset objects reloaded before import = 0Number of asset objects unloaded after import = 3

========================================================================
Received Import Request.
  Time since last request: 0.000030 seconds.
  path: Assets/Chess Studio/Puzzle Blocks Icon Pack/png/coreLightBlueDimond.png
  artifactKey: Guid(8c5cb1ef8558d0a4a94979b904697b05) Importer(815301076,1909f56bfc062723c751e8b465ee728b)
Start importing Assets/Chess Studio/Puzzle Blocks Icon Pack/png/coreLightBlueDimond.png using Guid(8c5cb1ef8558d0a4a94979b904697b05) Importer(815301076,1909f56bfc062723c751e8b465ee728b) (PreviewImporter) -> (artifact id: '3c1a7eff4e7f8cd1837488ff3b7f7e7e') in 0.0342479 seconds
Number of updated asset objects reloaded before import = 0Number of asset objects unloaded after import = 3

========================================================================
Received Import Request.
  Time since last request: 0.000143 seconds.
  path: Assets/Chess Studio/Puzzle Blocks Icon Pack/png/brownStone.png
  artifactKey: Guid(a87daf7c2c8a4434c8d575f0954a5802) Importer(815301076,1909f56bfc062723c751e8b465ee728b)
Start importing Assets/Chess Studio/Puzzle Blocks Icon Pack/png/brownStone.png using Guid(a87daf7c2c8a4434c8d575f0954a5802) Importer(815301076,1909f56bfc062723c751e8b465ee728b) (PreviewImporter) -> (artifact id: '02dcd31a83db79d7cb5c376fba3298a3') in 0.0417038 seconds
Number of updated asset objects reloaded before import = 0Number of asset objects unloaded after import = 3

========================================================================
Received Import Request.
  Time since last request: 0.000036 seconds.
  path: Assets/Chess Studio/Puzzle Blocks Icon Pack/png/blockPinkDimond.png
  artifactKey: Guid(7749c9af80374474d81a825109302130) Importer(815301076,1909f56bfc062723c751e8b465ee728b)
Start importing Assets/Chess Studio/Puzzle Blocks Icon Pack/png/blockPinkDimond.png using Guid(7749c9af80374474d81a825109302130) Importer(815301076,1909f56bfc062723c751e8b465ee728b) (PreviewImporter) -> (artifact id: '6737775ec670fb0aa0488429339311b4') in 0.0326602 seconds
Number of updated asset objects reloaded before import = 0Number of asset objects unloaded after import = 3

========================================================================
Received Import Request.
  Time since last request: 0.000023 seconds.
  path: Assets/Chess Studio/Puzzle Blocks Icon Pack/png/blockYellowDimond.png
  artifactKey: Guid(b52e3d5233afc6241a953a68fa449a2d) Importer(815301076,1909f56bfc062723c751e8b465ee728b)
Start importing Assets/Chess Studio/Puzzle Blocks Icon Pack/png/blockYellowDimond.png using Guid(b52e3d5233afc6241a953a68fa449a2d) Importer(815301076,1909f56bfc062723c751e8b465ee728b) (PreviewImporter) -> (artifact id: '8e4fce3eed2c20950eede8f34ce8b393') in 0.0454013 seconds
Number of updated asset objects reloaded before import = 0Number of asset objects unloaded after import = 3

========================================================================
Received Import Request.
  Time since last request: 0.000039 seconds.
  path: Assets/Chess Studio/Puzzle Blocks Icon Pack/png/bluePentagon.png
  artifactKey: Guid(98f62a6ded2e03244aaf856e3cb20aa7) Importer(815301076,1909f56bfc062723c751e8b465ee728b)
Start importing Assets/Chess Studio/Puzzle Blocks Icon Pack/png/bluePentagon.png using Guid(98f62a6ded2e03244aaf856e3cb20aa7) Importer(815301076,1909f56bfc062723c751e8b465ee728b) (PreviewImporter) -> (artifact id: 'a4076f3f72cd86090e624d8bd633f737') in 0.0353544 seconds
Number of updated asset objects reloaded before import = 0Number of asset objects unloaded after import = 3

========================================================================
Received Import Request.
  Time since last request: 0.000101 seconds.
  path: Assets/Chess Studio/Puzzle Blocks Icon Pack/png/blueDimond.png
  artifactKey: Guid(1fb82d9783c752c45b2a08cb9ca490bd) Importer(815301076,1909f56bfc062723c751e8b465ee728b)
Start importing Assets/Chess Studio/Puzzle Blocks Icon Pack/png/blueDimond.png using Guid(1fb82d9783c752c45b2a08cb9ca490bd) Importer(815301076,1909f56bfc062723c751e8b465ee728b) (PreviewImporter) -> (artifact id: '4ea7517329e13110e210c6bff1de45e3') in 0.0430475 seconds
Number of updated asset objects reloaded before import = 0Number of asset objects unloaded after import = 3

========================================================================
Received Import Request.
  Time since last request: 0.000035 seconds.
  path: Assets/Chess Studio/Puzzle Blocks Icon Pack/png/coreBlueDimond.png
  artifactKey: Guid(da86254fdc90eec49b264a8bc3c36572) Importer(815301076,1909f56bfc062723c751e8b465ee728b)
Start importing Assets/Chess Studio/Puzzle Blocks Icon Pack/png/coreBlueDimond.png using Guid(da86254fdc90eec49b264a8bc3c36572) Importer(815301076,1909f56bfc062723c751e8b465ee728b) (PreviewImporter) -> (artifact id: '6db46453ebb4a47e6c292da97a0ea07a') in 0.032623 seconds
Number of updated asset objects reloaded before import = 0Number of asset objects unloaded after import = 3

========================================================================
Received Import Request.
  Time since last request: 8.434820 seconds.
  path: Assets/Chess Studio/Puzzle Blocks Icon Pack/png/coreOrangeDimond.png
  artifactKey: Guid(834858c7172b426438937aff6623c005) Importer(815301076,1909f56bfc062723c751e8b465ee728b)
Start importing Assets/Chess Studio/Puzzle Blocks Icon Pack/png/coreOrangeDimond.png using Guid(834858c7172b426438937aff6623c005) Importer(815301076,1909f56bfc062723c751e8b465ee728b) (PreviewImporter) -> (artifact id: '332dc993e409ade1ca3c32cfcb2299a6') in 0.0703599 seconds
Number of updated asset objects reloaded before import = 0Number of asset objects unloaded after import = 3

========================================================================
Received Import Request.
  Time since last request: 0.000318 seconds.
  path: Assets/Chess Studio/Puzzle Blocks Icon Pack/png/creamStar.png
  artifactKey: Guid(bbb210388f6e29c409346f5d605c9873) Importer(815301076,1909f56bfc062723c751e8b465ee728b)
Start importing Assets/Chess Studio/Puzzle Blocks Icon Pack/png/creamStar.png using Guid(bbb210388f6e29c409346f5d605c9873) Importer(815301076,1909f56bfc062723c751e8b465ee728b) (PreviewImporter) -> (artifact id: '7811139623ced433829a82fbd6119fa7') in 0.043633 seconds
Number of updated asset objects reloaded before import = 0Number of asset objects unloaded after import = 3

========================================================================
Received Import Request.
  Time since last request: 0.000024 seconds.
  path: Assets/Chess Studio/Puzzle Blocks Icon Pack/png/coreYellowDimond.png
  artifactKey: Guid(d936b2b66ffb9f24397fdbcc17f4e754) Importer(815301076,1909f56bfc062723c751e8b465ee728b)
Start importing Assets/Chess Studio/Puzzle Blocks Icon Pack/png/coreYellowDimond.png using Guid(d936b2b66ffb9f24397fdbcc17f4e754) Importer(815301076,1909f56bfc062723c751e8b465ee728b) (PreviewImporter) -> (artifact id: 'a58e61d7bd9668f9c283b980ab1fd833') in 0.0383088 seconds
Number of updated asset objects reloaded before import = 0Number of asset objects unloaded after import = 3

========================================================================
Received Import Request.
  Time since last request: 0.000285 seconds.
  path: Assets/Chess Studio/Puzzle Blocks Icon Pack/png/grss01.png
  artifactKey: Guid(c4d20930be0b20748abf650e044c7c67) Importer(815301076,1909f56bfc062723c751e8b465ee728b)
Start importing Assets/Chess Studio/Puzzle Blocks Icon Pack/png/grss01.png using Guid(c4d20930be0b20748abf650e044c7c67) Importer(815301076,1909f56bfc062723c751e8b465ee728b) (PreviewImporter) -> (artifact id: '14d46a619ad422a8459c6afc729c3523') in 0.0550894 seconds
Number of updated asset objects reloaded before import = 0Number of asset objects unloaded after import = 3

========================================================================
Received Import Request.
  Time since last request: 0.000121 seconds.
  path: Assets/Chess Studio/Puzzle Blocks Icon Pack/png/crownDimond.png
  artifactKey: Guid(9fbbc68c97e29144ca41f02e2273eb5b) Importer(815301076,1909f56bfc062723c751e8b465ee728b)
Start importing Assets/Chess Studio/Puzzle Blocks Icon Pack/png/crownDimond.png using Guid(9fbbc68c97e29144ca41f02e2273eb5b) Importer(815301076,1909f56bfc062723c751e8b465ee728b) (PreviewImporter) -> (artifact id: 'c31402f74abc4eec5a81869c6c7f8977') in 0.0462503 seconds
Number of updated asset objects reloaded before import = 0Number of asset objects unloaded after import = 3

========================================================================
Received Import Request.
  Time since last request: 0.000034 seconds.
  path: Assets/Chess Studio/Puzzle Blocks Icon Pack/png/greenPentagon.png
  artifactKey: Guid(74ef8ccc2947f914fbf7defdb237bb74) Importer(815301076,1909f56bfc062723c751e8b465ee728b)
Start importing Assets/Chess Studio/Puzzle Blocks Icon Pack/png/greenPentagon.png using Guid(74ef8ccc2947f914fbf7defdb237bb74) Importer(815301076,1909f56bfc062723c751e8b465ee728b) (PreviewImporter) -> (artifact id: '83700c7982c8ee417eac3235f8652f90') in 0.0467621 seconds
Number of updated asset objects reloaded before import = 0Number of asset objects unloaded after import = 3

========================================================================
Received Import Request.
  Time since last request: 0.563020 seconds.
  path: Assets/Chess Studio/Puzzle Blocks Icon Pack/png/grss03.png
  artifactKey: Guid(6ab836559cd49b14dabc9992a9acc382) Importer(815301076,1909f56bfc062723c751e8b465ee728b)
Start importing Assets/Chess Studio/Puzzle Blocks Icon Pack/png/grss03.png using Guid(6ab836559cd49b14dabc9992a9acc382) Importer(815301076,1909f56bfc062723c751e8b465ee728b) (PreviewImporter) -> (artifact id: 'ebd9c9500d0a70bf62ca2cf488948cf9') in 0.0376225 seconds
Number of updated asset objects reloaded before import = 0Number of asset objects unloaded after import = 3

========================================================================
Received Import Request.
  Time since last request: 0.034586 seconds.
  path: Assets/Chess Studio/Puzzle Blocks Icon Pack/png/hexagonOrangeDimond.png
  artifactKey: Guid(a89fa3bfb7a209e40b0ed1767338c6a3) Importer(815301076,1909f56bfc062723c751e8b465ee728b)
Start importing Assets/Chess Studio/Puzzle Blocks Icon Pack/png/hexagonOrangeDimond.png using Guid(a89fa3bfb7a209e40b0ed1767338c6a3) Importer(815301076,1909f56bfc062723c751e8b465ee728b) (PreviewImporter) -> (artifact id: 'db9f5f48c85bca309c057fdc9b8c8ffe') in 0.0342646 seconds
Number of updated asset objects reloaded before import = 0Number of asset objects unloaded after import = 3

========================================================================
Received Import Request.
  Time since last request: 0.000042 seconds.
  path: Assets/Chess Studio/Puzzle Blocks Icon Pack/png/hexagonYellowDimond.png
  artifactKey: Guid(1a44d05763f5d264eaf3627493779e9c) Importer(815301076,1909f56bfc062723c751e8b465ee728b)
Start importing Assets/Chess Studio/Puzzle Blocks Icon Pack/png/hexagonYellowDimond.png using Guid(1a44d05763f5d264eaf3627493779e9c) Importer(815301076,1909f56bfc062723c751e8b465ee728b) (PreviewImporter) -> (artifact id: '3e243e09055ce295eb31e46cc7d0f9d7') in 0.0547268 seconds
Number of updated asset objects reloaded before import = 0Number of asset objects unloaded after import = 3

========================================================================
Received Import Request.
  Time since last request: 0.086514 seconds.
  path: Assets/Chess Studio/Puzzle Blocks Icon Pack/png/ice02.png
  artifactKey: Guid(d3394f620ff35cd4f9537852ce50a0a6) Importer(815301076,1909f56bfc062723c751e8b465ee728b)
Start importing Assets/Chess Studio/Puzzle Blocks Icon Pack/png/ice02.png using Guid(d3394f620ff35cd4f9537852ce50a0a6) Importer(815301076,1909f56bfc062723c751e8b465ee728b) (PreviewImporter) -> (artifact id: '7e42daa7c7f8c2c6106ec93bdd0484b2') in 0.035303 seconds
Number of updated asset objects reloaded before import = 0Number of asset objects unloaded after import = 3

========================================================================
Received Import Request.
  Time since last request: 0.000351 seconds.
  path: Assets/Chess Studio/Puzzle Blocks Icon Pack/png/lightBlueSquare.png
  artifactKey: Guid(2f25a5cf1864b0949b615f6a2869a80b) Importer(815301076,1909f56bfc062723c751e8b465ee728b)
Start importing Assets/Chess Studio/Puzzle Blocks Icon Pack/png/lightBlueSquare.png using Guid(2f25a5cf1864b0949b615f6a2869a80b) Importer(815301076,1909f56bfc062723c751e8b465ee728b) (PreviewImporter) -> (artifact id: '613a8f6a0521dfdaf04df132035c5f2b') in 0.0670764 seconds
Number of updated asset objects reloaded before import = 0Number of asset objects unloaded after import = 3

========================================================================
Received Import Request.
  Time since last request: 0.461714 seconds.
  path: Assets/Chess Studio/Puzzle Blocks Icon Pack/png/lightBlueStone.png
  artifactKey: Guid(a78829c9f8116cf42b5f0fb1b09be313) Importer(815301076,1909f56bfc062723c751e8b465ee728b)
Start importing Assets/Chess Studio/Puzzle Blocks Icon Pack/png/lightBlueStone.png using Guid(a78829c9f8116cf42b5f0fb1b09be313) Importer(815301076,1909f56bfc062723c751e8b465ee728b) (PreviewImporter) -> (artifact id: 'bd20453667847691f0fe7993a42fa56a') in 0.0830247 seconds
Number of updated asset objects reloaded before import = 0Number of asset objects unloaded after import = 3

========================================================================
Received Import Request.
  Time since last request: 0.624631 seconds.
  path: Assets/Chess Studio/Puzzle Blocks Icon Pack/png/pinkDimond.png
  artifactKey: Guid(fae32284c2990a24186bd56f1604f91a) Importer(815301076,1909f56bfc062723c751e8b465ee728b)
Start importing Assets/Chess Studio/Puzzle Blocks Icon Pack/png/pinkDimond.png using Guid(fae32284c2990a24186bd56f1604f91a) Importer(815301076,1909f56bfc062723c751e8b465ee728b) (PreviewImporter) -> (artifact id: 'b3036f238c6337dc75cbc02ce3601613') in 0.1009686 seconds
Number of updated asset objects reloaded before import = 0Number of asset objects unloaded after import = 3

========================================================================
Received Import Request.
  Time since last request: 0.000231 seconds.
  path: Assets/Chess Studio/Puzzle Blocks Icon Pack/png/purplePentagon.png
  artifactKey: Guid(311db2dee1320a044babfb3b7b843580) Importer(815301076,1909f56bfc062723c751e8b465ee728b)
Start importing Assets/Chess Studio/Puzzle Blocks Icon Pack/png/purplePentagon.png using Guid(311db2dee1320a044babfb3b7b843580) Importer(815301076,1909f56bfc062723c751e8b465ee728b) (PreviewImporter) -> (artifact id: '5c0d40aa555ca0fa87251712fcf6f79a') in 0.0397345 seconds
Number of updated asset objects reloaded before import = 0Number of asset objects unloaded after import = 3

========================================================================
Received Import Request.
  Time since last request: 0.000035 seconds.
  path: Assets/Chess Studio/Puzzle Blocks Icon Pack/png/redDimond.png
  artifactKey: Guid(73be31b43671a48419b4262ad1d3a869) Importer(815301076,1909f56bfc062723c751e8b465ee728b)
Start importing Assets/Chess Studio/Puzzle Blocks Icon Pack/png/redDimond.png using Guid(73be31b43671a48419b4262ad1d3a869) Importer(815301076,1909f56bfc062723c751e8b465ee728b) (PreviewImporter) -> (artifact id: 'c0a82bba3b215ec7e32366e942c1e8e8') in 0.0640359 seconds
Number of updated asset objects reloaded before import = 0Number of asset objects unloaded after import = 3

========================================================================
Received Import Request.
  Time since last request: 1.095494 seconds.
  path: Assets/Chess Studio/Puzzle Blocks Icon Pack/png/redPentagon.png
  artifactKey: Guid(34d6e2f0ba808dc4f95bef7a02b94d1a) Importer(815301076,1909f56bfc062723c751e8b465ee728b)
Start importing Assets/Chess Studio/Puzzle Blocks Icon Pack/png/redPentagon.png using Guid(34d6e2f0ba808dc4f95bef7a02b94d1a) Importer(815301076,1909f56bfc062723c751e8b465ee728b) (PreviewImporter) -> (artifact id: 'eb8e20efc1c0c9f749e952309706ae6f') in 0.1149997 seconds
Number of updated asset objects reloaded before import = 0Number of asset objects unloaded after import = 3

========================================================================
Received Import Request.
  Time since last request: 0.000025 seconds.
  path: Assets/Chess Studio/Puzzle Blocks Icon Pack/png/yellowSquare.png
  artifactKey: Guid(36554cceaa82dc64b8bc4e0789c6eac0) Importer(815301076,1909f56bfc062723c751e8b465ee728b)
Start importing Assets/Chess Studio/Puzzle Blocks Icon Pack/png/yellowSquare.png using Guid(36554cceaa82dc64b8bc4e0789c6eac0) Importer(815301076,1909f56bfc062723c751e8b465ee728b) (PreviewImporter) -> (artifact id: '5df3b0f3a7cb2e915274b56c1ce623fc') in 0.0412002 seconds
Number of updated asset objects reloaded before import = 0Number of asset objects unloaded after import = 3

========================================================================
Received Import Request.
  Time since last request: 0.000091 seconds.
  path: Assets/Chess Studio/Puzzle Blocks Icon Pack/png/yellowPentagon.png
  artifactKey: Guid(d021554f76e983f4584fab4a0118d0cb) Importer(815301076,1909f56bfc062723c751e8b465ee728b)
Start importing Assets/Chess Studio/Puzzle Blocks Icon Pack/png/yellowPentagon.png using Guid(d021554f76e983f4584fab4a0118d0cb) Importer(815301076,1909f56bfc062723c751e8b465ee728b) (PreviewImporter) -> (artifact id: 'c5cda050c47244b5c9715dabfabde281') in 0.0545924 seconds
Number of updated asset objects reloaded before import = 0Number of asset objects unloaded after import = 3

========================================================================
Received Prepare
Begin MonoManager ReloadAssembly
Symbol file LoadedFromMemory is not a mono symbol file
- Loaded All Assemblies, in  3.882 seconds
Refreshing native plugins compatible for Editor in 1.96 ms, found 3 plugins.
Native extension for iOS target not found
Native extension for Android target not found
Native extension for WindowsStandalone target not found
Mono: successfully reloaded assembly
- Finished resetting the current domain, in  1.150 seconds
Domain Reload Profiling: 5034ms
	BeginReloadAssembly (1693ms)
		ExecutionOrderSort (0ms)
		DisableScriptedObjects (55ms)
		BackupInstance (0ms)
		ReleaseScriptingObjects (1ms)
		CreateAndSetChildDomain (1062ms)
	RebuildCommonClasses (51ms)
	RebuildNativeTypeToScriptingClass (15ms)
	initialDomainReloadingComplete (58ms)
	LoadAllAssembliesAndSetupDomain (2066ms)
		LoadAssemblies (2088ms)
		RebuildTransferFunctionScriptingTraits (0ms)
		AnalyzeDomain (373ms)
			TypeCache.Refresh (31ms)
				TypeCache.ScanAssembly (3ms)
			BuildScriptInfoCaches (317ms)
			ResolveRequiredComponents (14ms)
	FinalizeReload (1151ms)
		ReleaseScriptCaches (0ms)
		RebuildScriptCaches (0ms)
		SetupLoadedEditorAssemblies (948ms)
			LogAssemblyErrors (0ms)
			InitializePlatformSupportModulesInManaged (29ms)
			SetLoadedEditorAssemblies (15ms)
			BeforeProcessingInitializeOnLoad (199ms)
			ProcessInitializeOnLoadAttributes (579ms)
			ProcessInitializeOnLoadMethodAttributes (120ms)
			AfterProcessingInitializeOnLoad (4ms)
			EditorAssembliesLoaded (1ms)
		ExecutionOrderSort2 (0ms)
		AwakeInstancesAfterBackupRestoration (11ms)
Refreshing native plugins compatible for Editor in 3.14 ms, found 3 plugins.
Preloading 0 native plugins for Editor in 0.00 ms.
Unloading 106 Unused Serialized files (Serialized files now loaded: 0)
Unloading 6870 unused Assets / (14.4 MB). Loaded Objects now: 7526.
Memory consumption went from 250.4 MB to 236.1 MB.
Total: 18.854400 ms (FindLiveObjects: 2.428500 ms CreateObjectMapping: 0.521300 ms MarkObjects: 7.246300 ms  DeleteObjects: 8.655900 ms)

Prepare: number of updated asset objects reloaded= 0
========================================================================
Received Prepare
Begin MonoManager ReloadAssembly
Symbol file LoadedFromMemory is not a mono symbol file
- Loaded All Assemblies, in  1.648 seconds
Refreshing native plugins compatible for Editor in 1.02 ms, found 3 plugins.
Native extension for iOS target not found
Native extension for Android target not found
Native extension for WindowsStandalone target not found
Mono: successfully reloaded assembly
- Finished resetting the current domain, in  1.063 seconds
Domain Reload Profiling: 2714ms
	BeginReloadAssembly (464ms)
		ExecutionOrderSort (0ms)
		DisableScriptedObjects (14ms)
		BackupInstance (0ms)
		ReleaseScriptingObjects (1ms)
		CreateAndSetChildDomain (208ms)
	RebuildCommonClasses (49ms)
	RebuildNativeTypeToScriptingClass (13ms)
	initialDomainReloadingComplete (52ms)
	LoadAllAssembliesAndSetupDomain (1072ms)
		LoadAssemblies (901ms)
		RebuildTransferFunctionScriptingTraits (0ms)
		AnalyzeDomain (318ms)
			TypeCache.Refresh (22ms)
				TypeCache.ScanAssembly (3ms)
			BuildScriptInfoCaches (247ms)
			ResolveRequiredComponents (41ms)
	FinalizeReload (1064ms)
		ReleaseScriptCaches (0ms)
		RebuildScriptCaches (0ms)
		SetupLoadedEditorAssemblies (855ms)
			LogAssemblyErrors (0ms)
			InitializePlatformSupportModulesInManaged (20ms)
			SetLoadedEditorAssemblies (8ms)
			BeforeProcessingInitializeOnLoad (173ms)
			ProcessInitializeOnLoadAttributes (562ms)
			ProcessInitializeOnLoadMethodAttributes (84ms)
			AfterProcessingInitializeOnLoad (6ms)
			EditorAssembliesLoaded (1ms)
		ExecutionOrderSort2 (0ms)
		AwakeInstancesAfterBackupRestoration (13ms)
Refreshing native plugins compatible for Editor in 3.27 ms, found 3 plugins.
Preloading 0 native plugins for Editor in 0.00 ms.
Unloading 106 Unused Serialized files (Serialized files now loaded: 0)
Unloading 6870 unused Assets / (14.5 MB). Loaded Objects now: 7528.
Memory consumption went from 250.5 MB to 236.0 MB.
Total: 15.876800 ms (FindLiveObjects: 1.358700 ms CreateObjectMapping: 0.487000 ms MarkObjects: 6.859400 ms  DeleteObjects: 7.169300 ms)

Prepare: number of updated asset objects reloaded= 0
========================================================================
Received Import Request.
  Time since last request: 1768.245401 seconds.
  path: Assets/Prefab/Ammo_Item 1.prefab
  artifactKey: Guid(dcb26db3624ab98489067f6a338681eb) Importer(815301076,1909f56bfc062723c751e8b465ee728b)
Start importing Assets/Prefab/Ammo_Item 1.prefab using Guid(dcb26db3624ab98489067f6a338681eb) Importer(815301076,1909f56bfc062723c751e8b465ee728b) (PreviewImporter) -> (artifact id: '261df36214163927e9f2363d82c953a1') in 0.4463711 seconds
Number of updated asset objects reloaded before import = 0Number of asset objects unloaded after import = 98

========================================================================
Received Import Request.
  Time since last request: 0.000046 seconds.
  path: Assets/Prefab/Speed_Item.prefab
  artifactKey: Guid(0591ad2f7795b5742a1df8dfb6c5d39c) Importer(815301076,1909f56bfc062723c751e8b465ee728b)
Start importing Assets/Prefab/Speed_Item.prefab using Guid(0591ad2f7795b5742a1df8dfb6c5d39c) Importer(815301076,1909f56bfc062723c751e8b465ee728b) (PreviewImporter) -> (artifact id: 'b83f1febcaf386244430847fa35d6f68') in 0.0603482 seconds
Number of updated asset objects reloaded before import = 0Number of asset objects unloaded after import = 61

========================================================================
Received Import Request.
  Time since last request: 0.000052 seconds.
  path: Assets/Prefab/Creep.prefab
  artifactKey: Guid(d77c1b33981586945b088641681edcc7) Importer(815301076,1909f56bfc062723c751e8b465ee728b)
Start importing Assets/Prefab/Creep.prefab using Guid(d77c1b33981586945b088641681edcc7) Importer(815301076,1909f56bfc062723c751e8b465ee728b) (PreviewImporter) -> (artifact id: 'a5a19013619565ddd5b517eb4e06db76') in 0.5384131 seconds
Number of updated asset objects reloaded before import = 0Number of asset objects unloaded after import = 773

========================================================================
Received Import Request.
  Time since last request: 0.000033 seconds.
  path: Assets/Prefab/Mons.prefab
  artifactKey: Guid(cb5b616248c427044b2ea921b60ae807) Importer(815301076,1909f56bfc062723c751e8b465ee728b)
Start importing Assets/Prefab/Mons.prefab using Guid(cb5b616248c427044b2ea921b60ae807) Importer(815301076,1909f56bfc062723c751e8b465ee728b) (PreviewImporter) -> (artifact id: '5b8b07fe55a0f7cbff59dd0eda63d7f8') in 0.6616178 seconds
Number of updated asset objects reloaded before import = 0Number of asset objects unloaded after import = 366

========================================================================
Received Import Request.
  Time since last request: 11.731701 seconds.
  path: Assets/Prefab/Creep.prefab
  artifactKey: Guid(d77c1b33981586945b088641681edcc7) Importer(815301076,1909f56bfc062723c751e8b465ee728b)
Start importing Assets/Prefab/Creep.prefab using Guid(d77c1b33981586945b088641681edcc7) Importer(815301076,1909f56bfc062723c751e8b465ee728b) (PreviewImporter) -> (artifact id: '177e10f520355830e9bc73191d3ebf5e') in 0.38609 seconds
Number of updated asset objects reloaded before import = 0Number of asset objects unloaded after import = 773

========================================================================
Received Import Request.
  Time since last request: 4.233473 seconds.
  path: Assets/Prefab/Mons.prefab
  artifactKey: Guid(cb5b616248c427044b2ea921b60ae807) Importer(815301076,1909f56bfc062723c751e8b465ee728b)
Start importing Assets/Prefab/Mons.prefab using Guid(cb5b616248c427044b2ea921b60ae807) Importer(815301076,1909f56bfc062723c751e8b465ee728b) (PreviewImporter) -> (artifact id: 'e49a4db5011175dc16c770b6cd682bc0') in 0.5233362 seconds
Number of updated asset objects reloaded before import = 0Number of asset objects unloaded after import = 366

========================================================================
Received Import Request.
  Time since last request: 3.964374 seconds.
  path: Assets/Prefab/Mutated.prefab
  artifactKey: Guid(2fd1133a71b7082489322d9e5f8efc0e) Importer(815301076,1909f56bfc062723c751e8b465ee728b)
Start importing Assets/Prefab/Mutated.prefab using Guid(2fd1133a71b7082489322d9e5f8efc0e) Importer(815301076,1909f56bfc062723c751e8b465ee728b) (PreviewImporter) -> (artifact id: '65a6551741b080562c3ec23ab635b12e') in 0.4480203 seconds
Number of updated asset objects reloaded before import = 0Number of asset objects unloaded after import = 522

========================================================================
Received Import Request.
  Time since last request: 2.303251 seconds.
  path: Assets/Prefab/Priest.prefab
  artifactKey: Guid(c6671ecdfbbd1594cb778c771bae795a) Importer(815301076,1909f56bfc062723c751e8b465ee728b)
Start importing Assets/Prefab/Priest.prefab using Guid(c6671ecdfbbd1594cb778c771bae795a) Importer(815301076,1909f56bfc062723c751e8b465ee728b) (PreviewImporter) -> (artifact id: '545f0a0c818b672051fe7a088cef2dbb') in 0.5818934 seconds
Number of updated asset objects reloaded before import = 0Number of asset objects unloaded after import = 418

========================================================================
Received Import Request.
  Time since last request: 8.534579 seconds.
  path: Assets/Prefab/Spider.prefab
  artifactKey: Guid(baaf818ba0d731b43b6ee1a4d0e7a195) Importer(815301076,1909f56bfc062723c751e8b465ee728b)
Start importing Assets/Prefab/Spider.prefab using Guid(baaf818ba0d731b43b6ee1a4d0e7a195) Importer(815301076,1909f56bfc062723c751e8b465ee728b) (PreviewImporter) -> (artifact id: '5ef8ebdc7db3aabb09cae02c8f2936b4') in 0.0861491 seconds
Number of updated asset objects reloaded before import = 0Number of asset objects unloaded after import = 339

========================================================================
Received Prepare
Begin MonoManager ReloadAssembly
Symbol file LoadedFromMemory is not a mono symbol file
- Loaded All Assemblies, in  1.070 seconds
Refreshing native plugins compatible for Editor in 1.58 ms, found 3 plugins.
Native extension for iOS target not found
Native extension for Android target not found
Native extension for WindowsStandalone target not found
Mono: successfully reloaded assembly
- Finished resetting the current domain, in  1.730 seconds
Domain Reload Profiling: 2798ms
	BeginReloadAssembly (296ms)
		ExecutionOrderSort (0ms)
		DisableScriptedObjects (9ms)
		BackupInstance (0ms)
		ReleaseScriptingObjects (0ms)
		CreateAndSetChildDomain (76ms)
	RebuildCommonClasses (56ms)
	RebuildNativeTypeToScriptingClass (15ms)
	initialDomainReloadingComplete (55ms)
	LoadAllAssembliesAndSetupDomain (646ms)
		LoadAssemblies (540ms)
		RebuildTransferFunctionScriptingTraits (0ms)
		AnalyzeDomain (262ms)
			TypeCache.Refresh (13ms)
				TypeCache.ScanAssembly (0ms)
			BuildScriptInfoCaches (229ms)
			ResolveRequiredComponents (14ms)
	FinalizeReload (1730ms)
		ReleaseScriptCaches (0ms)
		RebuildScriptCaches (0ms)
		SetupLoadedEditorAssemblies (1523ms)
			LogAssemblyErrors (0ms)
			InitializePlatformSupportModulesInManaged (36ms)
			SetLoadedEditorAssemblies (6ms)
			BeforeProcessingInitializeOnLoad (212ms)
			ProcessInitializeOnLoadAttributes (883ms)
			ProcessInitializeOnLoadMethodAttributes (380ms)
			AfterProcessingInitializeOnLoad (5ms)
			EditorAssembliesLoaded (1ms)
		ExecutionOrderSort2 (0ms)
		AwakeInstancesAfterBackupRestoration (10ms)
Refreshing native plugins compatible for Editor in 3.18 ms, found 3 plugins.
Preloading 0 native plugins for Editor in 0.00 ms.
Unloading 106 Unused Serialized files (Serialized files now loaded: 0)
Unloading 6879 unused Assets / (13.1 MB). Loaded Objects now: 7530.
Memory consumption went from 250.6 MB to 237.5 MB.
Total: 40.268000 ms (FindLiveObjects: 2.514200 ms CreateObjectMapping: 1.931200 ms MarkObjects: 12.019800 ms  DeleteObjects: 23.800500 ms)

Prepare: number of updated asset objects reloaded= 0
========================================================================
Received Prepare
Begin MonoManager ReloadAssembly
Symbol file LoadedFromMemory is not a mono symbol file
- Loaded All Assemblies, in  1.005 seconds
Refreshing native plugins compatible for Editor in 1.72 ms, found 3 plugins.
Native extension for iOS target not found
Native extension for Android target not found
Native extension for WindowsStandalone target not found
Mono: successfully reloaded assembly
- Finished resetting the current domain, in  1.004 seconds
Domain Reload Profiling: 2007ms
	BeginReloadAssembly (311ms)
		ExecutionOrderSort (0ms)
		DisableScriptedObjects (10ms)
		BackupInstance (0ms)
		ReleaseScriptingObjects (1ms)
		CreateAndSetChildDomain (111ms)
	RebuildCommonClasses (42ms)
	RebuildNativeTypeToScriptingClass (20ms)
	initialDomainReloadingComplete (34ms)
	LoadAllAssembliesAndSetupDomain (595ms)
		LoadAssemblies (456ms)
		RebuildTransferFunctionScriptingTraits (0ms)
		AnalyzeDomain (258ms)
			TypeCache.Refresh (14ms)
				TypeCache.ScanAssembly (2ms)
			BuildScriptInfoCaches (227ms)
			ResolveRequiredComponents (11ms)
	FinalizeReload (1004ms)
		ReleaseScriptCaches (0ms)
		RebuildScriptCaches (0ms)
		SetupLoadedEditorAssemblies (811ms)
			LogAssemblyErrors (0ms)
			InitializePlatformSupportModulesInManaged (19ms)
			SetLoadedEditorAssemblies (5ms)
			BeforeProcessingInitializeOnLoad (119ms)
			ProcessInitializeOnLoadAttributes (573ms)
			ProcessInitializeOnLoadMethodAttributes (92ms)
			AfterProcessingInitializeOnLoad (3ms)
			EditorAssembliesLoaded (0ms)
		ExecutionOrderSort2 (0ms)
		AwakeInstancesAfterBackupRestoration (10ms)
Refreshing native plugins compatible for Editor in 1.31 ms, found 3 plugins.
Preloading 0 native plugins for Editor in 0.00 ms.
Unloading 106 Unused Serialized files (Serialized files now loaded: 0)
Unloading 6870 unused Assets / (13.8 MB). Loaded Objects now: 7532.
Memory consumption went from 250.6 MB to 236.8 MB.
Total: 12.854600 ms (FindLiveObjects: 0.616900 ms CreateObjectMapping: 0.528700 ms MarkObjects: 4.746600 ms  DeleteObjects: 6.961000 ms)

Prepare: number of updated asset objects reloaded= 0
========================================================================
Received Prepare
Begin MonoManager ReloadAssembly
Symbol file LoadedFromMemory is not a mono symbol file
- Loaded All Assemblies, in  0.937 seconds
Refreshing native plugins compatible for Editor in 1.66 ms, found 3 plugins.
Native extension for iOS target not found
Native extension for Android target not found
Native extension for WindowsStandalone target not found
Mono: successfully reloaded assembly
- Finished resetting the current domain, in  0.933 seconds
Domain Reload Profiling: 1872ms
	BeginReloadAssembly (220ms)
		ExecutionOrderSort (0ms)
		DisableScriptedObjects (5ms)
		BackupInstance (0ms)
		ReleaseScriptingObjects (0ms)
		CreateAndSetChildDomain (53ms)
	RebuildCommonClasses (44ms)
	RebuildNativeTypeToScriptingClass (12ms)
	initialDomainReloadingComplete (33ms)
	LoadAllAssembliesAndSetupDomain (629ms)
		LoadAssemblies (384ms)
		RebuildTransferFunctionScriptingTraits (0ms)
		AnalyzeDomain (362ms)
			TypeCache.Refresh (9ms)
				TypeCache.ScanAssembly (0ms)
			BuildScriptInfoCaches (334ms)
			ResolveRequiredComponents (14ms)
	FinalizeReload (934ms)
		ReleaseScriptCaches (0ms)
		RebuildScriptCaches (0ms)
		SetupLoadedEditorAssemblies (774ms)
			LogAssemblyErrors (0ms)
			InitializePlatformSupportModulesInManaged (17ms)
			SetLoadedEditorAssemblies (5ms)
			BeforeProcessingInitializeOnLoad (141ms)
			ProcessInitializeOnLoadAttributes (523ms)
			ProcessInitializeOnLoadMethodAttributes (82ms)
			AfterProcessingInitializeOnLoad (5ms)
			EditorAssembliesLoaded (0ms)
		ExecutionOrderSort2 (0ms)
		AwakeInstancesAfterBackupRestoration (13ms)
Refreshing native plugins compatible for Editor in 1.24 ms, found 3 plugins.
Preloading 0 native plugins for Editor in 0.00 ms.
Unloading 106 Unused Serialized files (Serialized files now loaded: 0)
Unloading 6870 unused Assets / (14.2 MB). Loaded Objects now: 7534.
Memory consumption went from 250.6 MB to 236.4 MB.
Total: 17.875500 ms (FindLiveObjects: 0.554300 ms CreateObjectMapping: 0.370900 ms MarkObjects: 5.755700 ms  DeleteObjects: 11.192500 ms)

Prepare: number of updated asset objects reloaded= 0
========================================================================
Received Prepare
Begin MonoManager ReloadAssembly
Symbol file LoadedFromMemory is not a mono symbol file
- Loaded All Assemblies, in  0.904 seconds
Refreshing native plugins compatible for Editor in 2.52 ms, found 3 plugins.
Native extension for iOS target not found
Native extension for Android target not found
Native extension for WindowsStandalone target not found
Mono: successfully reloaded assembly
- Finished resetting the current domain, in  0.875 seconds
Domain Reload Profiling: 1781ms
	BeginReloadAssembly (219ms)
		ExecutionOrderSort (0ms)
		DisableScriptedObjects (7ms)
		BackupInstance (0ms)
		ReleaseScriptingObjects (0ms)
		CreateAndSetChildDomain (50ms)
	RebuildCommonClasses (38ms)
	RebuildNativeTypeToScriptingClass (18ms)
	initialDomainReloadingComplete (32ms)
	LoadAllAssembliesAndSetupDomain (598ms)
		LoadAssemblies (421ms)
		RebuildTransferFunctionScriptingTraits (0ms)
		AnalyzeDomain (296ms)
			TypeCache.Refresh (9ms)
				TypeCache.ScanAssembly (0ms)
			BuildScriptInfoCaches (269ms)
			ResolveRequiredComponents (11ms)
	FinalizeReload (876ms)
		ReleaseScriptCaches (0ms)
		RebuildScriptCaches (0ms)
		SetupLoadedEditorAssemblies (697ms)
			LogAssemblyErrors (0ms)
			InitializePlatformSupportModulesInManaged (16ms)
			SetLoadedEditorAssemblies (3ms)
			BeforeProcessingInitializeOnLoad (114ms)
			ProcessInitializeOnLoadAttributes (463ms)
			ProcessInitializeOnLoadMethodAttributes (86ms)
			AfterProcessingInitializeOnLoad (14ms)
			EditorAssembliesLoaded (1ms)
		ExecutionOrderSort2 (0ms)
		AwakeInstancesAfterBackupRestoration (14ms)
Refreshing native plugins compatible for Editor in 3.15 ms, found 3 plugins.
Preloading 0 native plugins for Editor in 0.00 ms.
Unloading 106 Unused Serialized files (Serialized files now loaded: 0)
Unloading 6870 unused Assets / (15.4 MB). Loaded Objects now: 7536.
Memory consumption went from 250.5 MB to 235.2 MB.
Total: 14.835400 ms (FindLiveObjects: 1.309100 ms CreateObjectMapping: 0.464400 ms MarkObjects: 6.064800 ms  DeleteObjects: 6.994800 ms)

Prepare: number of updated asset objects reloaded= 0
========================================================================
Received Prepare
Begin MonoManager ReloadAssembly
Symbol file LoadedFromMemory is not a mono symbol file
- Loaded All Assemblies, in  0.758 seconds
Refreshing native plugins compatible for Editor in 3.15 ms, found 3 plugins.
Native extension for iOS target not found
Native extension for Android target not found
Native extension for WindowsStandalone target not found
Mono: successfully reloaded assembly
- Finished resetting the current domain, in  0.838 seconds
Domain Reload Profiling: 1597ms
	BeginReloadAssembly (202ms)
		ExecutionOrderSort (0ms)
		DisableScriptedObjects (5ms)
		BackupInstance (0ms)
		ReleaseScriptingObjects (0ms)
		CreateAndSetChildDomain (55ms)
	RebuildCommonClasses (36ms)
	RebuildNativeTypeToScriptingClass (13ms)
	initialDomainReloadingComplete (30ms)
	LoadAllAssembliesAndSetupDomain (476ms)
		LoadAssemblies (362ms)
		RebuildTransferFunctionScriptingTraits (0ms)
		AnalyzeDomain (214ms)
			TypeCache.Refresh (7ms)
				TypeCache.ScanAssembly (0ms)
			BuildScriptInfoCaches (192ms)
			ResolveRequiredComponents (10ms)
	FinalizeReload (839ms)
		ReleaseScriptCaches (0ms)
		RebuildScriptCaches (0ms)
		SetupLoadedEditorAssemblies (677ms)
			LogAssemblyErrors (0ms)
			InitializePlatformSupportModulesInManaged (16ms)
			SetLoadedEditorAssemblies (3ms)
			BeforeProcessingInitializeOnLoad (136ms)
			ProcessInitializeOnLoadAttributes (390ms)
			ProcessInitializeOnLoadMethodAttributes (128ms)
			AfterProcessingInitializeOnLoad (4ms)
			EditorAssembliesLoaded (0ms)
		ExecutionOrderSort2 (0ms)
		AwakeInstancesAfterBackupRestoration (14ms)
Refreshing native plugins compatible for Editor in 2.00 ms, found 3 plugins.
Preloading 0 native plugins for Editor in 0.00 ms.
Unloading 106 Unused Serialized files (Serialized files now loaded: 0)
Unloading 6870 unused Assets / (13.5 MB). Loaded Objects now: 7538.
Memory consumption went from 250.6 MB to 237.1 MB.
Total: 15.698500 ms (FindLiveObjects: 0.690500 ms CreateObjectMapping: 0.940200 ms MarkObjects: 6.138100 ms  DeleteObjects: 7.927800 ms)

Prepare: number of updated asset objects reloaded= 0
========================================================================
Received Prepare
Begin MonoManager ReloadAssembly
Symbol file LoadedFromMemory is not a mono symbol file
- Loaded All Assemblies, in  0.855 seconds
Refreshing native plugins compatible for Editor in 1.42 ms, found 3 plugins.
Native extension for iOS target not found
Native extension for Android target not found
Native extension for WindowsStandalone target not found
Mono: successfully reloaded assembly
- Finished resetting the current domain, in  0.906 seconds
Domain Reload Profiling: 1761ms
	BeginReloadAssembly (244ms)
		ExecutionOrderSort (0ms)
		DisableScriptedObjects (7ms)
		BackupInstance (0ms)
		ReleaseScriptingObjects (0ms)
		CreateAndSetChildDomain (68ms)
	RebuildCommonClasses (44ms)
	RebuildNativeTypeToScriptingClass (12ms)
	initialDomainReloadingComplete (35ms)
	LoadAllAssembliesAndSetupDomain (520ms)
		LoadAssemblies (417ms)
		RebuildTransferFunctionScriptingTraits (0ms)
		AnalyzeDomain (226ms)
			TypeCache.Refresh (9ms)
				TypeCache.ScanAssembly (0ms)
			BuildScriptInfoCaches (202ms)
			ResolveRequiredComponents (10ms)
	FinalizeReload (907ms)
		ReleaseScriptCaches (0ms)
		RebuildScriptCaches (0ms)
		SetupLoadedEditorAssemblies (752ms)
			LogAssemblyErrors (0ms)
			InitializePlatformSupportModulesInManaged (18ms)
			SetLoadedEditorAssemblies (6ms)
			BeforeProcessingInitializeOnLoad (151ms)
			ProcessInitializeOnLoadAttributes (463ms)
			ProcessInitializeOnLoadMethodAttributes (105ms)
			AfterProcessingInitializeOnLoad (8ms)
			EditorAssembliesLoaded (1ms)
		ExecutionOrderSort2 (0ms)
		AwakeInstancesAfterBackupRestoration (16ms)
Refreshing native plugins compatible for Editor in 2.38 ms, found 3 plugins.
Preloading 0 native plugins for Editor in 0.00 ms.
Unloading 106 Unused Serialized files (Serialized files now loaded: 0)
Unloading 6870 unused Assets / (13.8 MB). Loaded Objects now: 7540.
Memory consumption went from 250.5 MB to 236.7 MB.
Total: 13.986500 ms (FindLiveObjects: 0.752600 ms CreateObjectMapping: 0.480200 ms MarkObjects: 5.625100 ms  DeleteObjects: 7.125700 ms)

Prepare: number of updated asset objects reloaded= 0
========================================================================
Received Prepare
Begin MonoManager ReloadAssembly
Symbol file LoadedFromMemory is not a mono symbol file
- Loaded All Assemblies, in  0.784 seconds
Refreshing native plugins compatible for Editor in 1.28 ms, found 3 plugins.
Native extension for iOS target not found
Native extension for Android target not found
Native extension for WindowsStandalone target not found
Mono: successfully reloaded assembly
- Finished resetting the current domain, in  0.863 seconds
Domain Reload Profiling: 1649ms
	BeginReloadAssembly (209ms)
		ExecutionOrderSort (0ms)
		DisableScriptedObjects (6ms)
		BackupInstance (0ms)
		ReleaseScriptingObjects (0ms)
		CreateAndSetChildDomain (49ms)
	RebuildCommonClasses (43ms)
	RebuildNativeTypeToScriptingClass (12ms)
	initialDomainReloadingComplete (34ms)
	LoadAllAssembliesAndSetupDomain (488ms)
		LoadAssemblies (376ms)
		RebuildTransferFunctionScriptingTraits (0ms)
		AnalyzeDomain (222ms)
			TypeCache.Refresh (7ms)
				TypeCache.ScanAssembly (0ms)
			BuildScriptInfoCaches (193ms)
			ResolveRequiredComponents (12ms)
	FinalizeReload (864ms)
		ReleaseScriptCaches (0ms)
		RebuildScriptCaches (0ms)
		SetupLoadedEditorAssemblies (718ms)
			LogAssemblyErrors (0ms)
			InitializePlatformSupportModulesInManaged (20ms)
			SetLoadedEditorAssemblies (4ms)
			BeforeProcessingInitializeOnLoad (138ms)
			ProcessInitializeOnLoadAttributes (471ms)
			ProcessInitializeOnLoadMethodAttributes (81ms)
			AfterProcessingInitializeOnLoad (4ms)
			EditorAssembliesLoaded (0ms)
		ExecutionOrderSort2 (0ms)
		AwakeInstancesAfterBackupRestoration (10ms)
Refreshing native plugins compatible for Editor in 3.61 ms, found 3 plugins.
Preloading 0 native plugins for Editor in 0.00 ms.
Unloading 106 Unused Serialized files (Serialized files now loaded: 0)
Unloading 6870 unused Assets / (14.3 MB). Loaded Objects now: 7542.
Memory consumption went from 250.6 MB to 236.2 MB.
Total: 13.328800 ms (FindLiveObjects: 1.167600 ms CreateObjectMapping: 0.443900 ms MarkObjects: 5.040100 ms  DeleteObjects: 6.675500 ms)

Prepare: number of updated asset objects reloaded= 0
========================================================================
Received Prepare
Begin MonoManager ReloadAssembly
Symbol file LoadedFromMemory is not a mono symbol file
- Loaded All Assemblies, in  0.671 seconds
Refreshing native plugins compatible for Editor in 1.24 ms, found 3 plugins.
Native extension for iOS target not found
Native extension for Android target not found
Native extension for WindowsStandalone target not found
Mono: successfully reloaded assembly
- Finished resetting the current domain, in  0.647 seconds
Domain Reload Profiling: 1319ms
	BeginReloadAssembly (177ms)
		ExecutionOrderSort (0ms)
		DisableScriptedObjects (9ms)
		BackupInstance (0ms)
		ReleaseScriptingObjects (0ms)
		CreateAndSetChildDomain (47ms)
	RebuildCommonClasses (34ms)
	RebuildNativeTypeToScriptingClass (12ms)
	initialDomainReloadingComplete (27ms)
	LoadAllAssembliesAndSetupDomain (421ms)
		LoadAssemblies (322ms)
		RebuildTransferFunctionScriptingTraits (0ms)
		AnalyzeDomain (183ms)
			TypeCache.Refresh (7ms)
				TypeCache.ScanAssembly (0ms)
			BuildScriptInfoCaches (163ms)
			ResolveRequiredComponents (9ms)
	FinalizeReload (648ms)
		ReleaseScriptCaches (0ms)
		RebuildScriptCaches (0ms)
		SetupLoadedEditorAssemblies (514ms)
			LogAssemblyErrors (0ms)
			InitializePlatformSupportModulesInManaged (14ms)
			SetLoadedEditorAssemblies (3ms)
			BeforeProcessingInitializeOnLoad (99ms)
			ProcessInitializeOnLoadAttributes (323ms)
			ProcessInitializeOnLoadMethodAttributes (71ms)
			AfterProcessingInitializeOnLoad (4ms)
			EditorAssembliesLoaded (0ms)
		ExecutionOrderSort2 (0ms)
		AwakeInstancesAfterBackupRestoration (9ms)
Refreshing native plugins compatible for Editor in 2.56 ms, found 3 plugins.
Preloading 0 native plugins for Editor in 0.00 ms.
Unloading 106 Unused Serialized files (Serialized files now loaded: 0)
Unloading 6870 unused Assets / (12.2 MB). Loaded Objects now: 7544.
Memory consumption went from 250.6 MB to 238.4 MB.
Total: 18.418000 ms (FindLiveObjects: 0.547500 ms CreateObjectMapping: 0.368100 ms MarkObjects: 5.449700 ms  DeleteObjects: 12.050600 ms)

Prepare: number of updated asset objects reloaded= 0
========================================================================
Received Prepare
Begin MonoManager ReloadAssembly
Symbol file LoadedFromMemory is not a mono symbol file
- Loaded All Assemblies, in  0.806 seconds
Refreshing native plugins compatible for Editor in 1.38 ms, found 3 plugins.
Native extension for iOS target not found
Native extension for Android target not found
Native extension for WindowsStandalone target not found
Mono: successfully reloaded assembly
- Finished resetting the current domain, in  0.734 seconds
Domain Reload Profiling: 1540ms
	BeginReloadAssembly (204ms)
		ExecutionOrderSort (0ms)
		DisableScriptedObjects (6ms)
		BackupInstance (0ms)
		ReleaseScriptingObjects (0ms)
		CreateAndSetChildDomain (56ms)
	RebuildCommonClasses (37ms)
	RebuildNativeTypeToScriptingClass (12ms)
	initialDomainReloadingComplete (31ms)
	LoadAllAssembliesAndSetupDomain (522ms)
		LoadAssemblies (373ms)
		RebuildTransferFunctionScriptingTraits (0ms)
		AnalyzeDomain (248ms)
			TypeCache.Refresh (8ms)
				TypeCache.ScanAssembly (0ms)
			BuildScriptInfoCaches (185ms)
			ResolveRequiredComponents (48ms)
	FinalizeReload (734ms)
		ReleaseScriptCaches (0ms)
		RebuildScriptCaches (0ms)
		SetupLoadedEditorAssemblies (598ms)
			LogAssemblyErrors (0ms)
			InitializePlatformSupportModulesInManaged (17ms)
			SetLoadedEditorAssemblies (4ms)
			BeforeProcessingInitializeOnLoad (118ms)
			ProcessInitializeOnLoadAttributes (374ms)
			ProcessInitializeOnLoadMethodAttributes (82ms)
			AfterProcessingInitializeOnLoad (5ms)
			EditorAssembliesLoaded (0ms)
		ExecutionOrderSort2 (0ms)
		AwakeInstancesAfterBackupRestoration (12ms)
Refreshing native plugins compatible for Editor in 1.40 ms, found 3 plugins.
Preloading 0 native plugins for Editor in 0.00 ms.
Unloading 106 Unused Serialized files (Serialized files now loaded: 0)
Unloading 6870 unused Assets / (13.6 MB). Loaded Objects now: 7546.
Memory consumption went from 250.6 MB to 236.9 MB.
Total: 15.311200 ms (FindLiveObjects: 0.547100 ms CreateObjectMapping: 0.348900 ms MarkObjects: 5.199400 ms  DeleteObjects: 9.213700 ms)

Prepare: number of updated asset objects reloaded= 0
========================================================================
Received Prepare
Begin MonoManager ReloadAssembly
Symbol file LoadedFromMemory is not a mono symbol file
- Loaded All Assemblies, in  0.708 seconds
Refreshing native plugins compatible for Editor in 1.30 ms, found 3 plugins.
Native extension for iOS target not found
Native extension for Android target not found
Native extension for WindowsStandalone target not found
Mono: successfully reloaded assembly
- Finished resetting the current domain, in  0.842 seconds
Domain Reload Profiling: 1549ms
	BeginReloadAssembly (184ms)
		ExecutionOrderSort (0ms)
		DisableScriptedObjects (5ms)
		BackupInstance (0ms)
		ReleaseScriptingObjects (0ms)
		CreateAndSetChildDomain (48ms)
	RebuildCommonClasses (33ms)
	RebuildNativeTypeToScriptingClass (12ms)
	initialDomainReloadingComplete (29ms)
	LoadAllAssembliesAndSetupDomain (449ms)
		LoadAssemblies (349ms)
		RebuildTransferFunctionScriptingTraits (0ms)
		AnalyzeDomain (194ms)
			TypeCache.Refresh (8ms)
				TypeCache.ScanAssembly (0ms)
			BuildScriptInfoCaches (169ms)
			ResolveRequiredComponents (11ms)
	FinalizeReload (842ms)
		ReleaseScriptCaches (0ms)
		RebuildScriptCaches (0ms)
		SetupLoadedEditorAssemblies (711ms)
			LogAssemblyErrors (0ms)
			InitializePlatformSupportModulesInManaged (16ms)
			SetLoadedEditorAssemblies (5ms)
			BeforeProcessingInitializeOnLoad (137ms)
			ProcessInitializeOnLoadAttributes (471ms)
			ProcessInitializeOnLoadMethodAttributes (75ms)
			AfterProcessingInitializeOnLoad (6ms)
			EditorAssembliesLoaded (0ms)
		ExecutionOrderSort2 (0ms)
		AwakeInstancesAfterBackupRestoration (10ms)
Refreshing native plugins compatible for Editor in 1.20 ms, found 3 plugins.
Preloading 0 native plugins for Editor in 0.00 ms.
Unloading 106 Unused Serialized files (Serialized files now loaded: 0)
Unloading 6870 unused Assets / (14.0 MB). Loaded Objects now: 7548.
Memory consumption went from 250.6 MB to 236.6 MB.
Total: 11.250400 ms (FindLiveObjects: 0.490100 ms CreateObjectMapping: 0.328000 ms MarkObjects: 3.810800 ms  DeleteObjects: 6.619600 ms)

Prepare: number of updated asset objects reloaded= 0
========================================================================
Received Import Request.
  Time since last request: 861.935561 seconds.
  path: Assets/Prefab/Attack_Item.prefab
  artifactKey: Guid(99ca137fab687f046ae29d0244c5b644) Importer(815301076,1909f56bfc062723c751e8b465ee728b)
Start importing Assets/Prefab/Attack_Item.prefab using Guid(99ca137fab687f046ae29d0244c5b644) Importer(815301076,1909f56bfc062723c751e8b465ee728b) (PreviewImporter) -> (artifact id: 'a6ac07f769f9ff4af110f1e9962eed1e') in 0.6794027 seconds
Number of updated asset objects reloaded before import = 0Number of asset objects unloaded after import = 63

========================================================================
Received Import Request.
  Time since last request: 0.000065 seconds.
  path: Assets/Prefab/Priest.prefab
  artifactKey: Guid(c6671ecdfbbd1594cb778c771bae795a) Importer(815301076,1909f56bfc062723c751e8b465ee728b)
Start importing Assets/Prefab/Priest.prefab using Guid(c6671ecdfbbd1594cb778c771bae795a) Importer(815301076,1909f56bfc062723c751e8b465ee728b) (PreviewImporter) -> (artifact id: 'de59035c9e4bf14842b7edcbc5004e07') in 0.5886993 seconds
Number of updated asset objects reloaded before import = 0Number of asset objects unloaded after import = 418

========================================================================
Received Import Request.
  Time since last request: 0.000053 seconds.
  path: Assets/Prefab/Mons.prefab
  artifactKey: Guid(cb5b616248c427044b2ea921b60ae807) Importer(815301076,1909f56bfc062723c751e8b465ee728b)
Start importing Assets/Prefab/Mons.prefab using Guid(cb5b616248c427044b2ea921b60ae807) Importer(815301076,1909f56bfc062723c751e8b465ee728b) (PreviewImporter) -> (artifact id: 'e88810118aac174befca103b7f1ca8eb') in 0.2035524 seconds
Number of updated asset objects reloaded before import = 0Number of asset objects unloaded after import = 366

========================================================================
Received Prepare
Begin MonoManager ReloadAssembly
Symbol file LoadedFromMemory is not a mono symbol file
- Loaded All Assemblies, in  0.824 seconds
Refreshing native plugins compatible for Editor in 1.57 ms, found 3 plugins.
Native extension for iOS target not found
Native extension for Android target not found
Native extension for WindowsStandalone target not found
Mono: successfully reloaded assembly
- Finished resetting the current domain, in  0.702 seconds
Domain Reload Profiling: 1527ms
	BeginReloadAssembly (210ms)
		ExecutionOrderSort (0ms)
		DisableScriptedObjects (6ms)
		BackupInstance (0ms)
		ReleaseScriptingObjects (0ms)
		CreateAndSetChildDomain (67ms)
	RebuildCommonClasses (34ms)
	RebuildNativeTypeToScriptingClass (12ms)
	initialDomainReloadingComplete (31ms)
	LoadAllAssembliesAndSetupDomain (537ms)
		LoadAssemblies (425ms)
		RebuildTransferFunctionScriptingTraits (0ms)
		AnalyzeDomain (202ms)
			TypeCache.Refresh (12ms)
				TypeCache.ScanAssembly (2ms)
			BuildScriptInfoCaches (176ms)
			ResolveRequiredComponents (10ms)
	FinalizeReload (703ms)
		ReleaseScriptCaches (0ms)
		RebuildScriptCaches (0ms)
		SetupLoadedEditorAssemblies (553ms)
			LogAssemblyErrors (0ms)
			InitializePlatformSupportModulesInManaged (19ms)
			SetLoadedEditorAssemblies (4ms)
			BeforeProcessingInitializeOnLoad (108ms)
			ProcessInitializeOnLoadAttributes (345ms)
			ProcessInitializeOnLoadMethodAttributes (73ms)
			AfterProcessingInitializeOnLoad (4ms)
			EditorAssembliesLoaded (0ms)
		ExecutionOrderSort2 (0ms)
		AwakeInstancesAfterBackupRestoration (9ms)
Refreshing native plugins compatible for Editor in 1.71 ms, found 3 plugins.
Preloading 0 native plugins for Editor in 0.00 ms.
Unloading 106 Unused Serialized files (Serialized files now loaded: 0)
Unloading 6874 unused Assets / (14.1 MB). Loaded Objects now: 7550.
Memory consumption went from 250.5 MB to 236.5 MB.
Total: 12.002600 ms (FindLiveObjects: 0.630700 ms CreateObjectMapping: 0.364400 ms MarkObjects: 4.094900 ms  DeleteObjects: 6.910700 ms)

Prepare: number of updated asset objects reloaded= 0
========================================================================
Received Prepare
Begin MonoManager ReloadAssembly
Symbol file LoadedFromMemory is not a mono symbol file
- Loaded All Assemblies, in  0.725 seconds
Refreshing native plugins compatible for Editor in 1.34 ms, found 3 plugins.
Native extension for iOS target not found
Native extension for Android target not found
Native extension for WindowsStandalone target not found
Mono: successfully reloaded assembly
- Finished resetting the current domain, in  0.828 seconds
Domain Reload Profiling: 1554ms
	BeginReloadAssembly (190ms)
		ExecutionOrderSort (0ms)
		DisableScriptedObjects (6ms)
		BackupInstance (0ms)
		ReleaseScriptingObjects (0ms)
		CreateAndSetChildDomain (49ms)
	RebuildCommonClasses (37ms)
	RebuildNativeTypeToScriptingClass (12ms)
	initialDomainReloadingComplete (31ms)
	LoadAllAssembliesAndSetupDomain (455ms)
		LoadAssemblies (342ms)
		RebuildTransferFunctionScriptingTraits (0ms)
		AnalyzeDomain (208ms)
			TypeCache.Refresh (8ms)
				TypeCache.ScanAssembly (0ms)
			BuildScriptInfoCaches (186ms)
			ResolveRequiredComponents (10ms)
	FinalizeReload (829ms)
		ReleaseScriptCaches (0ms)
		RebuildScriptCaches (0ms)
		SetupLoadedEditorAssemblies (687ms)
			LogAssemblyErrors (0ms)
			InitializePlatformSupportModulesInManaged (15ms)
			SetLoadedEditorAssemblies (3ms)
			BeforeProcessingInitializeOnLoad (134ms)
			ProcessInitializeOnLoadAttributes (362ms)
			ProcessInitializeOnLoadMethodAttributes (80ms)
			AfterProcessingInitializeOnLoad (93ms)
			EditorAssembliesLoaded (0ms)
		ExecutionOrderSort2 (0ms)
		AwakeInstancesAfterBackupRestoration (17ms)
Refreshing native plugins compatible for Editor in 8.80 ms, found 3 plugins.
Preloading 0 native plugins for Editor in 0.00 ms.
Unloading 106 Unused Serialized files (Serialized files now loaded: 0)
Unloading 6870 unused Assets / (15.3 MB). Loaded Objects now: 7552.
Memory consumption went from 250.6 MB to 235.3 MB.
Total: 23.955700 ms (FindLiveObjects: 2.225300 ms CreateObjectMapping: 0.973800 ms MarkObjects: 8.266800 ms  DeleteObjects: 12.487600 ms)

Prepare: number of updated asset objects reloaded= 0
========================================================================
Received Prepare
Begin MonoManager ReloadAssembly
Symbol file LoadedFromMemory is not a mono symbol file
- Loaded All Assemblies, in  0.762 seconds
Refreshing native plugins compatible for Editor in 1.52 ms, found 3 plugins.
Native extension for iOS target not found
Native extension for Android target not found
Native extension for WindowsStandalone target not found
Mono: successfully reloaded assembly
- Finished resetting the current domain, in  0.737 seconds
Domain Reload Profiling: 1500ms
	BeginReloadAssembly (202ms)
		ExecutionOrderSort (0ms)
		DisableScriptedObjects (5ms)
		BackupInstance (0ms)
		ReleaseScriptingObjects (0ms)
		CreateAndSetChildDomain (56ms)
	RebuildCommonClasses (41ms)
	RebuildNativeTypeToScriptingClass (13ms)
	initialDomainReloadingComplete (29ms)
	LoadAllAssembliesAndSetupDomain (476ms)
		LoadAssemblies (380ms)
		RebuildTransferFunctionScriptingTraits (0ms)
		AnalyzeDomain (191ms)
			TypeCache.Refresh (6ms)
				TypeCache.ScanAssembly (0ms)
			BuildScriptInfoCaches (165ms)
			ResolveRequiredComponents (16ms)
	FinalizeReload (738ms)
		ReleaseScriptCaches (0ms)
		RebuildScriptCaches (0ms)
		SetupLoadedEditorAssemblies (603ms)
			LogAssemblyErrors (0ms)
			InitializePlatformSupportModulesInManaged (14ms)
			SetLoadedEditorAssemblies (3ms)
			BeforeProcessingInitializeOnLoad (111ms)
			ProcessInitializeOnLoadAttributes (397ms)
			ProcessInitializeOnLoadMethodAttributes (74ms)
			AfterProcessingInitializeOnLoad (4ms)
			EditorAssembliesLoaded (1ms)
		ExecutionOrderSort2 (0ms)
		AwakeInstancesAfterBackupRestoration (11ms)
Refreshing native plugins compatible for Editor in 1.34 ms, found 3 plugins.
Preloading 0 native plugins for Editor in 0.00 ms.
Unloading 106 Unused Serialized files (Serialized files now loaded: 0)
Unloading 6870 unused Assets / (15.5 MB). Loaded Objects now: 7554.
Memory consumption went from 250.6 MB to 235.0 MB.
Total: 11.386800 ms (FindLiveObjects: 0.635600 ms CreateObjectMapping: 0.338400 ms MarkObjects: 4.287300 ms  DeleteObjects: 6.124000 ms)

Prepare: number of updated asset objects reloaded= 0
========================================================================
Received Prepare
Begin MonoManager ReloadAssembly
Symbol file LoadedFromMemory is not a mono symbol file
- Loaded All Assemblies, in  0.832 seconds
Refreshing native plugins compatible for Editor in 1.40 ms, found 3 plugins.
Native extension for iOS target not found
Native extension for Android target not found
Native extension for WindowsStandalone target not found
Mono: successfully reloaded assembly
- Finished resetting the current domain, in  0.871 seconds
Domain Reload Profiling: 1703ms
	BeginReloadAssembly (230ms)
		ExecutionOrderSort (0ms)
		DisableScriptedObjects (6ms)
		BackupInstance (0ms)
		ReleaseScriptingObjects (0ms)
		CreateAndSetChildDomain (56ms)
	RebuildCommonClasses (47ms)
	RebuildNativeTypeToScriptingClass (14ms)
	initialDomainReloadingComplete (34ms)
	LoadAllAssembliesAndSetupDomain (508ms)
		LoadAssemblies (408ms)
		RebuildTransferFunctionScriptingTraits (0ms)
		AnalyzeDomain (222ms)
			TypeCache.Refresh (7ms)
				TypeCache.ScanAssembly (0ms)
			BuildScriptInfoCaches (197ms)
			ResolveRequiredComponents (12ms)
	FinalizeReload (871ms)
		ReleaseScriptCaches (0ms)
		RebuildScriptCaches (0ms)
		SetupLoadedEditorAssemblies (709ms)
			LogAssemblyErrors (0ms)
			InitializePlatformSupportModulesInManaged (19ms)
			SetLoadedEditorAssemblies (4ms)
			BeforeProcessingInitializeOnLoad (118ms)
			ProcessInitializeOnLoadAttributes (457ms)
			ProcessInitializeOnLoadMethodAttributes (107ms)
			AfterProcessingInitializeOnLoad (4ms)
			EditorAssembliesLoaded (0ms)
		ExecutionOrderSort2 (0ms)
		AwakeInstancesAfterBackupRestoration (11ms)
Refreshing native plugins compatible for Editor in 2.39 ms, found 3 plugins.
Preloading 0 native plugins for Editor in 0.00 ms.
Unloading 106 Unused Serialized files (Serialized files now loaded: 0)
Unloading 6870 unused Assets / (14.0 MB). Loaded Objects now: 7556.
Memory consumption went from 250.6 MB to 236.7 MB.
Total: 17.003000 ms (FindLiveObjects: 0.861200 ms CreateObjectMapping: 0.520500 ms MarkObjects: 7.893000 ms  DeleteObjects: 7.725200 ms)

Prepare: number of updated asset objects reloaded= 0
========================================================================
Received Prepare
Begin MonoManager ReloadAssembly
Symbol file LoadedFromMemory is not a mono symbol file
- Loaded All Assemblies, in  0.953 seconds
Refreshing native plugins compatible for Editor in 5.28 ms, found 3 plugins.
Native extension for iOS target not found
Native extension for Android target not found
Native extension for WindowsStandalone target not found
Mono: successfully reloaded assembly
- Finished resetting the current domain, in  0.700 seconds
Domain Reload Profiling: 1653ms
	BeginReloadAssembly (277ms)
		ExecutionOrderSort (0ms)
		DisableScriptedObjects (5ms)
		BackupInstance (0ms)
		ReleaseScriptingObjects (0ms)
		CreateAndSetChildDomain (47ms)
	RebuildCommonClasses (40ms)
	RebuildNativeTypeToScriptingClass (14ms)
	initialDomainReloadingComplete (61ms)
	LoadAllAssembliesAndSetupDomain (561ms)
		LoadAssemblies (449ms)
		RebuildTransferFunctionScriptingTraits (0ms)
		AnalyzeDomain (215ms)
			TypeCache.Refresh (14ms)
				TypeCache.ScanAssembly (2ms)
			BuildScriptInfoCaches (187ms)
			ResolveRequiredComponents (11ms)
	FinalizeReload (701ms)
		ReleaseScriptCaches (0ms)
		RebuildScriptCaches (0ms)
		SetupLoadedEditorAssemblies (552ms)
			LogAssemblyErrors (0ms)
			InitializePlatformSupportModulesInManaged (16ms)
			SetLoadedEditorAssemblies (4ms)
			BeforeProcessingInitializeOnLoad (94ms)
			ProcessInitializeOnLoadAttributes (359ms)
			ProcessInitializeOnLoadMethodAttributes (73ms)
			AfterProcessingInitializeOnLoad (5ms)
			EditorAssembliesLoaded (0ms)
		ExecutionOrderSort2 (0ms)
		AwakeInstancesAfterBackupRestoration (9ms)
Refreshing native plugins compatible for Editor in 1.12 ms, found 3 plugins.
Preloading 0 native plugins for Editor in 0.00 ms.
Unloading 106 Unused Serialized files (Serialized files now loaded: 0)
Unloading 6870 unused Assets / (15.3 MB). Loaded Objects now: 7558.
Memory consumption went from 250.6 MB to 235.3 MB.
Total: 11.965300 ms (FindLiveObjects: 0.473800 ms CreateObjectMapping: 0.305300 ms MarkObjects: 4.067700 ms  DeleteObjects: 7.113100 ms)

Prepare: number of updated asset objects reloaded= 0
========================================================================
Received Prepare
Begin MonoManager ReloadAssembly
Symbol file LoadedFromMemory is not a mono symbol file
- Loaded All Assemblies, in  0.694 seconds
Refreshing native plugins compatible for Editor in 1.18 ms, found 3 plugins.
Native extension for iOS target not found
Native extension for Android target not found
Native extension for WindowsStandalone target not found
Mono: successfully reloaded assembly
- Finished resetting the current domain, in  0.942 seconds
Domain Reload Profiling: 1635ms
	BeginReloadAssembly (189ms)
		ExecutionOrderSort (0ms)
		DisableScriptedObjects (7ms)
		BackupInstance (0ms)
		ReleaseScriptingObjects (0ms)
		CreateAndSetChildDomain (58ms)
	RebuildCommonClasses (38ms)
	RebuildNativeTypeToScriptingClass (15ms)
	initialDomainReloadingComplete (29ms)
	LoadAllAssembliesAndSetupDomain (422ms)
		LoadAssemblies (320ms)
		RebuildTransferFunctionScriptingTraits (0ms)
		AnalyzeDomain (187ms)
			TypeCache.Refresh (7ms)
				TypeCache.ScanAssembly (0ms)
			BuildScriptInfoCaches (167ms)
			ResolveRequiredComponents (9ms)
	FinalizeReload (942ms)
		ReleaseScriptCaches (0ms)
		RebuildScriptCaches (0ms)
		SetupLoadedEditorAssemblies (617ms)
			LogAssemblyErrors (0ms)
			InitializePlatformSupportModulesInManaged (17ms)
			SetLoadedEditorAssemblies (3ms)
			BeforeProcessingInitializeOnLoad (104ms)
			ProcessInitializeOnLoadAttributes (351ms)
			ProcessInitializeOnLoadMethodAttributes (137ms)
			AfterProcessingInitializeOnLoad (4ms)
			EditorAssembliesLoaded (0ms)
		ExecutionOrderSort2 (0ms)
		AwakeInstancesAfterBackupRestoration (13ms)
Refreshing native plugins compatible for Editor in 1.51 ms, found 3 plugins.
Preloading 0 native plugins for Editor in 0.00 ms.
Unloading 106 Unused Serialized files (Serialized files now loaded: 0)
Unloading 6870 unused Assets / (12.6 MB). Loaded Objects now: 7560.
Memory consumption went from 250.6 MB to 237.9 MB.
Total: 15.857900 ms (FindLiveObjects: 0.754300 ms CreateObjectMapping: 0.401400 ms MarkObjects: 6.467400 ms  DeleteObjects: 8.233400 ms)

Prepare: number of updated asset objects reloaded= 0
========================================================================
Received Prepare
Begin MonoManager ReloadAssembly
Symbol file LoadedFromMemory is not a mono symbol file
- Loaded All Assemblies, in  0.731 seconds
Refreshing native plugins compatible for Editor in 1.44 ms, found 3 plugins.
Native extension for iOS target not found
Native extension for Android target not found
Native extension for WindowsStandalone target not found
Mono: successfully reloaded assembly
- Finished resetting the current domain, in  0.717 seconds
Domain Reload Profiling: 1450ms
	BeginReloadAssembly (171ms)
		ExecutionOrderSort (0ms)
		DisableScriptedObjects (7ms)
		BackupInstance (0ms)
		ReleaseScriptingObjects (0ms)
		CreateAndSetChildDomain (41ms)
	RebuildCommonClasses (34ms)
	RebuildNativeTypeToScriptingClass (12ms)
	initialDomainReloadingComplete (29ms)
	LoadAllAssembliesAndSetupDomain (486ms)
		LoadAssemblies (350ms)
		RebuildTransferFunctionScriptingTraits (0ms)
		AnalyzeDomain (222ms)
			TypeCache.Refresh (12ms)
				TypeCache.ScanAssembly (2ms)
			BuildScriptInfoCaches (173ms)
			ResolveRequiredComponents (32ms)
	FinalizeReload (718ms)
		ReleaseScriptCaches (0ms)
		RebuildScriptCaches (0ms)
		SetupLoadedEditorAssemblies (588ms)
			LogAssemblyErrors (0ms)
			InitializePlatformSupportModulesInManaged (15ms)
			SetLoadedEditorAssemblies (3ms)
			BeforeProcessingInitializeOnLoad (103ms)
			ProcessInitializeOnLoadAttributes (350ms)
			ProcessInitializeOnLoadMethodAttributes (112ms)
			AfterProcessingInitializeOnLoad (4ms)
			EditorAssembliesLoaded (0ms)
		ExecutionOrderSort2 (0ms)
		AwakeInstancesAfterBackupRestoration (12ms)
Refreshing native plugins compatible for Editor in 1.56 ms, found 3 plugins.
Preloading 0 native plugins for Editor in 0.00 ms.
Unloading 106 Unused Serialized files (Serialized files now loaded: 0)
Unloading 6870 unused Assets / (15.7 MB). Loaded Objects now: 7562.
Memory consumption went from 250.6 MB to 234.8 MB.
Total: 74.468700 ms (FindLiveObjects: 0.628600 ms CreateObjectMapping: 0.533200 ms MarkObjects: 4.112900 ms  DeleteObjects: 69.192700 ms)

Prepare: number of updated asset objects reloaded= 0
========================================================================
Received Prepare
Begin MonoManager ReloadAssembly
Symbol file LoadedFromMemory is not a mono symbol file
- Loaded All Assemblies, in 25.013 seconds
Refreshing native plugins compatible for Editor in 1.75 ms, found 3 plugins.
Native extension for iOS target not found
Native extension for Android target not found
Native extension for WindowsStandalone target not found
Mono: successfully reloaded assembly
- Finished resetting the current domain, in  1.093 seconds
Domain Reload Profiling: 26170ms
	BeginReloadAssembly (3900ms)
		ExecutionOrderSort (4ms)
		DisableScriptedObjects (359ms)
		BackupInstance (0ms)
		ReleaseScriptingObjects (8ms)
		CreateAndSetChildDomain (2020ms)
	RebuildCommonClasses (98ms)
	RebuildNativeTypeToScriptingClass (22ms)
	initialDomainReloadingComplete (111ms)
	LoadAllAssembliesAndSetupDomain (20944ms)
		LoadAssemblies (18159ms)
		RebuildTransferFunctionScriptingTraits (0ms)
		AnalyzeDomain (3304ms)
			TypeCache.Refresh (34ms)
				TypeCache.ScanAssembly (0ms)
			BuildScriptInfoCaches (3245ms)
			ResolveRequiredComponents (17ms)
	FinalizeReload (1094ms)
		ReleaseScriptCaches (0ms)
		RebuildScriptCaches (0ms)
		SetupLoadedEditorAssemblies (885ms)
			LogAssemblyErrors (0ms)
			InitializePlatformSupportModulesInManaged (29ms)
			SetLoadedEditorAssemblies (8ms)
			BeforeProcessingInitializeOnLoad (202ms)
			ProcessInitializeOnLoadAttributes (546ms)
			ProcessInitializeOnLoadMethodAttributes (96ms)
			AfterProcessingInitializeOnLoad (4ms)
			EditorAssembliesLoaded (1ms)
		ExecutionOrderSort2 (0ms)
		AwakeInstancesAfterBackupRestoration (14ms)
Refreshing native plugins compatible for Editor in 3.69 ms, found 3 plugins.
Preloading 0 native plugins for Editor in 0.00 ms.
Unloading 106 Unused Serialized files (Serialized files now loaded: 0)
Unloading 6870 unused Assets / (15.4 MB). Loaded Objects now: 7564.
Memory consumption went from 250.6 MB to 235.3 MB.
Total: 259.384100 ms (FindLiveObjects: 2.174300 ms CreateObjectMapping: 0.520500 ms MarkObjects: 210.226600 ms  DeleteObjects: 46.459400 ms)

Prepare: number of updated asset objects reloaded= 0
========================================================================
Received Prepare
Begin MonoManager ReloadAssembly
Symbol file LoadedFromMemory is not a mono symbol file
- Loaded All Assemblies, in  2.296 seconds
Refreshing native plugins compatible for Editor in 1.88 ms, found 3 plugins.
Native extension for iOS target not found
Native extension for Android target not found
Native extension for WindowsStandalone target not found
Mono: successfully reloaded assembly
- Finished resetting the current domain, in  1.597 seconds
Domain Reload Profiling: 3896ms
	BeginReloadAssembly (940ms)
		ExecutionOrderSort (0ms)
		DisableScriptedObjects (12ms)
		BackupInstance (0ms)
		ReleaseScriptingObjects (0ms)
		CreateAndSetChildDomain (550ms)
	RebuildCommonClasses (69ms)
	RebuildNativeTypeToScriptingClass (19ms)
	initialDomainReloadingComplete (113ms)
	LoadAllAssembliesAndSetupDomain (1157ms)
		LoadAssemblies (935ms)
		RebuildTransferFunctionScriptingTraits (0ms)
		AnalyzeDomain (452ms)
			TypeCache.Refresh (18ms)
				TypeCache.ScanAssembly (0ms)
			BuildScriptInfoCaches (390ms)
			ResolveRequiredComponents (37ms)
	FinalizeReload (1598ms)
		ReleaseScriptCaches (0ms)
		RebuildScriptCaches (0ms)
		SetupLoadedEditorAssemblies (1291ms)
			LogAssemblyErrors (0ms)
			InitializePlatformSupportModulesInManaged (25ms)
			SetLoadedEditorAssemblies (4ms)
			BeforeProcessingInitializeOnLoad (203ms)
			ProcessInitializeOnLoadAttributes (769ms)
			ProcessInitializeOnLoadMethodAttributes (285ms)
			AfterProcessingInitializeOnLoad (5ms)
			EditorAssembliesLoaded (0ms)
		ExecutionOrderSort2 (0ms)
		AwakeInstancesAfterBackupRestoration (36ms)
Refreshing native plugins compatible for Editor in 1.67 ms, found 3 plugins.
Preloading 0 native plugins for Editor in 0.00 ms.
Unloading 106 Unused Serialized files (Serialized files now loaded: 0)
Unloading 6870 unused Assets / (14.7 MB). Loaded Objects now: 7566.
Memory consumption went from 250.6 MB to 235.9 MB.
Total: 103.369700 ms (FindLiveObjects: 1.072800 ms CreateObjectMapping: 0.746500 ms MarkObjects: 6.897300 ms  DeleteObjects: 94.650900 ms)

Prepare: number of updated asset objects reloaded= 0
========================================================================
Received Prepare
Begin MonoManager ReloadAssembly
Symbol file LoadedFromMemory is not a mono symbol file
- Loaded All Assemblies, in  4.974 seconds
Refreshing native plugins compatible for Editor in 26.18 ms, found 3 plugins.
Native extension for iOS target not found
Native extension for Android target not found
Native extension for WindowsStandalone target not found
Mono: successfully reloaded assembly
- Finished resetting the current domain, in  2.026 seconds
Domain Reload Profiling: 7010ms
	BeginReloadAssembly (2737ms)
		ExecutionOrderSort (0ms)
		DisableScriptedObjects (56ms)
		BackupInstance (0ms)
		ReleaseScriptingObjects (2ms)
		CreateAndSetChildDomain (1135ms)
	RebuildCommonClasses (78ms)
	RebuildNativeTypeToScriptingClass (16ms)
	initialDomainReloadingComplete (63ms)
	LoadAllAssembliesAndSetupDomain (2091ms)
		LoadAssemblies (2690ms)
		RebuildTransferFunctionScriptingTraits (0ms)
		AnalyzeDomain (737ms)
			TypeCache.Refresh (394ms)
				TypeCache.ScanAssembly (53ms)
			BuildScriptInfoCaches (313ms)
			ResolveRequiredComponents (20ms)
	FinalizeReload (2027ms)
		ReleaseScriptCaches (0ms)
		RebuildScriptCaches (0ms)
		SetupLoadedEditorAssemblies (1513ms)
			LogAssemblyErrors (0ms)
			InitializePlatformSupportModulesInManaged (24ms)
			SetLoadedEditorAssemblies (5ms)
			BeforeProcessingInitializeOnLoad (222ms)
			ProcessInitializeOnLoadAttributes (711ms)
			ProcessInitializeOnLoadMethodAttributes (545ms)
			AfterProcessingInitializeOnLoad (5ms)
			EditorAssembliesLoaded (1ms)
		ExecutionOrderSort2 (0ms)
		AwakeInstancesAfterBackupRestoration (13ms)
Refreshing native plugins compatible for Editor in 1.84 ms, found 3 plugins.
Preloading 0 native plugins for Editor in 0.00 ms.
Unloading 106 Unused Serialized files (Serialized files now loaded: 0)
Unloading 6870 unused Assets / (15.4 MB). Loaded Objects now: 7568.
Memory consumption went from 250.6 MB to 235.2 MB.
Total: 16.471500 ms (FindLiveObjects: 0.534100 ms CreateObjectMapping: 0.366500 ms MarkObjects: 7.539300 ms  DeleteObjects: 8.028700 ms)

Prepare: number of updated asset objects reloaded= 0
========================================================================
Received Prepare
Begin MonoManager ReloadAssembly
Symbol file LoadedFromMemory is not a mono symbol file
- Loaded All Assemblies, in  1.193 seconds
Refreshing native plugins compatible for Editor in 2.10 ms, found 3 plugins.
Native extension for iOS target not found
Native extension for Android target not found
Native extension for WindowsStandalone target not found
Mono: successfully reloaded assembly
- Finished resetting the current domain, in  1.039 seconds
Domain Reload Profiling: 2232ms
	BeginReloadAssembly (317ms)
		ExecutionOrderSort (0ms)
		DisableScriptedObjects (12ms)
		BackupInstance (0ms)
		ReleaseScriptingObjects (0ms)
		CreateAndSetChildDomain (51ms)
	RebuildCommonClasses (51ms)
	RebuildNativeTypeToScriptingClass (13ms)
	initialDomainReloadingComplete (69ms)
	LoadAllAssembliesAndSetupDomain (743ms)
		LoadAssemblies (588ms)
		RebuildTransferFunctionScriptingTraits (0ms)
		AnalyzeDomain (348ms)
			TypeCache.Refresh (38ms)
				TypeCache.ScanAssembly (0ms)
			BuildScriptInfoCaches (292ms)
			ResolveRequiredComponents (14ms)
	FinalizeReload (1040ms)
		ReleaseScriptCaches (0ms)
		RebuildScriptCaches (0ms)
		SetupLoadedEditorAssemblies (842ms)
			LogAssemblyErrors (0ms)
			InitializePlatformSupportModulesInManaged (24ms)
			SetLoadedEditorAssemblies (5ms)
			BeforeProcessingInitializeOnLoad (138ms)
			ProcessInitializeOnLoadAttributes (497ms)
			ProcessInitializeOnLoadMethodAttributes (173ms)
			AfterProcessingInitializeOnLoad (5ms)
			EditorAssembliesLoaded (0ms)
		ExecutionOrderSort2 (0ms)
		AwakeInstancesAfterBackupRestoration (13ms)
Refreshing native plugins compatible for Editor in 3.10 ms, found 3 plugins.
Preloading 0 native plugins for Editor in 0.00 ms.
Unloading 106 Unused Serialized files (Serialized files now loaded: 0)
Unloading 6870 unused Assets / (14.4 MB). Loaded Objects now: 7570.
Memory consumption went from 250.5 MB to 236.1 MB.
Total: 39.308700 ms (FindLiveObjects: 2.318000 ms CreateObjectMapping: 0.851900 ms MarkObjects: 9.657900 ms  DeleteObjects: 26.478100 ms)

Prepare: number of updated asset objects reloaded= 0
========================================================================
Received Prepare
Begin MonoManager ReloadAssembly
Symbol file LoadedFromMemory is not a mono symbol file
- Loaded All Assemblies, in  2.215 seconds
Refreshing native plugins compatible for Editor in 4.72 ms, found 3 plugins.
Native extension for iOS target not found
Native extension for Android target not found
Native extension for WindowsStandalone target not found
Mono: successfully reloaded assembly
- Finished resetting the current domain, in  1.672 seconds
Domain Reload Profiling: 3895ms
	BeginReloadAssembly (494ms)
		ExecutionOrderSort (0ms)
		DisableScriptedObjects (24ms)
		BackupInstance (0ms)
		ReleaseScriptingObjects (1ms)
		CreateAndSetChildDomain (202ms)
	RebuildCommonClasses (50ms)
	RebuildNativeTypeToScriptingClass (12ms)
	initialDomainReloadingComplete (39ms)
	LoadAllAssembliesAndSetupDomain (1625ms)
		LoadAssemblies (997ms)
		RebuildTransferFunctionScriptingTraits (0ms)
		AnalyzeDomain (779ms)
			TypeCache.Refresh (67ms)
				TypeCache.ScanAssembly (7ms)
			BuildScriptInfoCaches (644ms)
			ResolveRequiredComponents (36ms)
	FinalizeReload (1674ms)
		ReleaseScriptCaches (0ms)
		RebuildScriptCaches (0ms)
		SetupLoadedEditorAssemblies (1311ms)
			LogAssemblyErrors (0ms)
			InitializePlatformSupportModulesInManaged (52ms)
			SetLoadedEditorAssemblies (21ms)
			BeforeProcessingInitializeOnLoad (305ms)
			ProcessInitializeOnLoadAttributes (781ms)
			ProcessInitializeOnLoadMethodAttributes (142ms)
			AfterProcessingInitializeOnLoad (8ms)
			EditorAssembliesLoaded (1ms)
		ExecutionOrderSort2 (0ms)
		AwakeInstancesAfterBackupRestoration (22ms)
Refreshing native plugins compatible for Editor in 4.59 ms, found 3 plugins.
Preloading 0 native plugins for Editor in 0.00 ms.
Unloading 106 Unused Serialized files (Serialized files now loaded: 0)
Unloading 6870 unused Assets / (13.5 MB). Loaded Objects now: 7572.
Memory consumption went from 250.6 MB to 237.2 MB.
Total: 13.588500 ms (FindLiveObjects: 1.212900 ms CreateObjectMapping: 0.439000 ms MarkObjects: 6.750300 ms  DeleteObjects: 5.184500 ms)

Prepare: number of updated asset objects reloaded= 0
========================================================================
Received Prepare
Begin MonoManager ReloadAssembly
Symbol file LoadedFromMemory is not a mono symbol file
- Loaded All Assemblies, in  0.968 seconds
Refreshing native plugins compatible for Editor in 1.51 ms, found 3 plugins.
Native extension for iOS target not found
Native extension for Android target not found
Native extension for WindowsStandalone target not found
Mono: successfully reloaded assembly
- Finished resetting the current domain, in  1.086 seconds
Domain Reload Profiling: 2054ms
	BeginReloadAssembly (292ms)
		ExecutionOrderSort (0ms)
		DisableScriptedObjects (6ms)
		BackupInstance (0ms)
		ReleaseScriptingObjects (0ms)
		CreateAndSetChildDomain (61ms)
	RebuildCommonClasses (40ms)
	RebuildNativeTypeToScriptingClass (14ms)
	initialDomainReloadingComplete (32ms)
	LoadAllAssembliesAndSetupDomain (590ms)
		LoadAssemblies (557ms)
		RebuildTransferFunctionScriptingTraits (0ms)
		AnalyzeDomain (213ms)
			TypeCache.Refresh (7ms)
				TypeCache.ScanAssembly (0ms)
			BuildScriptInfoCaches (187ms)
			ResolveRequiredComponents (14ms)
	FinalizeReload (1086ms)
		ReleaseScriptCaches (0ms)
		RebuildScriptCaches (0ms)
		SetupLoadedEditorAssemblies (818ms)
			LogAssemblyErrors (0ms)
			InitializePlatformSupportModulesInManaged (28ms)
			SetLoadedEditorAssemblies (5ms)
			BeforeProcessingInitializeOnLoad (137ms)
			ProcessInitializeOnLoadAttributes (455ms)
			ProcessInitializeOnLoadMethodAttributes (187ms)
			AfterProcessingInitializeOnLoad (5ms)
			EditorAssembliesLoaded (0ms)
		ExecutionOrderSort2 (0ms)
		AwakeInstancesAfterBackupRestoration (13ms)
Refreshing native plugins compatible for Editor in 1.67 ms, found 3 plugins.
Preloading 0 native plugins for Editor in 0.00 ms.
Unloading 106 Unused Serialized files (Serialized files now loaded: 0)
Unloading 6870 unused Assets / (14.3 MB). Loaded Objects now: 7574.
Memory consumption went from 250.6 MB to 236.4 MB.
Total: 17.557100 ms (FindLiveObjects: 0.787700 ms CreateObjectMapping: 0.727800 ms MarkObjects: 6.534500 ms  DeleteObjects: 9.504600 ms)

Prepare: number of updated asset objects reloaded= 0
========================================================================
Received Prepare
Begin MonoManager ReloadAssembly
Symbol file LoadedFromMemory is not a mono symbol file
- Loaded All Assemblies, in  0.967 seconds
Refreshing native plugins compatible for Editor in 3.09 ms, found 3 plugins.
Native extension for iOS target not found
Native extension for Android target not found
Native extension for WindowsStandalone target not found
Mono: successfully reloaded assembly
- Finished resetting the current domain, in  0.930 seconds
Domain Reload Profiling: 1919ms
	BeginReloadAssembly (284ms)
		ExecutionOrderSort (0ms)
		DisableScriptedObjects (9ms)
		BackupInstance (0ms)
		ReleaseScriptingObjects (0ms)
		CreateAndSetChildDomain (94ms)
	RebuildCommonClasses (45ms)
	RebuildNativeTypeToScriptingClass (15ms)
	initialDomainReloadingComplete (39ms)
	LoadAllAssembliesAndSetupDomain (605ms)
		LoadAssemblies (461ms)
		RebuildTransferFunctionScriptingTraits (0ms)
		AnalyzeDomain (249ms)
			TypeCache.Refresh (15ms)
				TypeCache.ScanAssembly (2ms)
			BuildScriptInfoCaches (211ms)
			ResolveRequiredComponents (15ms)
	FinalizeReload (930ms)
		ReleaseScriptCaches (0ms)
		RebuildScriptCaches (0ms)
		SetupLoadedEditorAssemblies (714ms)
			LogAssemblyErrors (0ms)
			InitializePlatformSupportModulesInManaged (24ms)
			SetLoadedEditorAssemblies (4ms)
			BeforeProcessingInitializeOnLoad (139ms)
			ProcessInitializeOnLoadAttributes (424ms)
			ProcessInitializeOnLoadMethodAttributes (118ms)
			AfterProcessingInitializeOnLoad (5ms)
			EditorAssembliesLoaded (0ms)
		ExecutionOrderSort2 (0ms)
		AwakeInstancesAfterBackupRestoration (12ms)
Refreshing native plugins compatible for Editor in 1.93 ms, found 3 plugins.
Preloading 0 native plugins for Editor in 0.00 ms.
Unloading 106 Unused Serialized files (Serialized files now loaded: 0)
Unloading 6870 unused Assets / (13.6 MB). Loaded Objects now: 7576.
Memory consumption went from 250.6 MB to 237.0 MB.
Total: 12.425900 ms (FindLiveObjects: 1.525800 ms CreateObjectMapping: 0.403000 ms MarkObjects: 5.022100 ms  DeleteObjects: 5.473200 ms)

Prepare: number of updated asset objects reloaded= 0
========================================================================
Received Import Request.
  Time since last request: 46449.091987 seconds.
  path: Assets/FCCartoonGUI_UIAnimation/Prefabs/Pause
  artifactKey: Guid(11ebfd1a77bf23e41a3432251e663ed5) Importer(815301076,1909f56bfc062723c751e8b465ee728b)
Start importing Assets/FCCartoonGUI_UIAnimation/Prefabs/Pause using Guid(11ebfd1a77bf23e41a3432251e663ed5) Importer(815301076,1909f56bfc062723c751e8b465ee728b) (PreviewImporter) -> (artifact id: '07bc1c765ac351d8c7bb184317b67bbe') in 0.1073795 seconds
Number of updated asset objects reloaded before import = 0Number of asset objects unloaded after import = 0

========================================================================
Received Prepare
Begin MonoManager ReloadAssembly
Symbol file LoadedFromMemory is not a mono symbol file
- Loaded All Assemblies, in  1.017 seconds
Refreshing native plugins compatible for Editor in 1.67 ms, found 3 plugins.
Native extension for iOS target not found
Native extension for Android target not found
Native extension for WindowsStandalone target not found
Mono: successfully reloaded assembly
- Finished resetting the current domain, in  1.246 seconds
Domain Reload Profiling: 2266ms
	BeginReloadAssembly (338ms)
		ExecutionOrderSort (0ms)
		DisableScriptedObjects (15ms)
		BackupInstance (0ms)
		ReleaseScriptingObjects (0ms)
		CreateAndSetChildDomain (120ms)
	RebuildCommonClasses (38ms)
	RebuildNativeTypeToScriptingClass (12ms)
	initialDomainReloadingComplete (35ms)
	LoadAllAssembliesAndSetupDomain (597ms)
		LoadAssemblies (487ms)
		RebuildTransferFunctionScriptingTraits (0ms)
		AnalyzeDomain (239ms)
			TypeCache.Refresh (17ms)
				TypeCache.ScanAssembly (2ms)
			BuildScriptInfoCaches (199ms)
			ResolveRequiredComponents (16ms)
	FinalizeReload (1247ms)
		ReleaseScriptCaches (0ms)
		RebuildScriptCaches (0ms)
		SetupLoadedEditorAssemblies (1079ms)
			LogAssemblyErrors (0ms)
			InitializePlatformSupportModulesInManaged (19ms)
			SetLoadedEditorAssemblies (8ms)
			BeforeProcessingInitializeOnLoad (217ms)
			ProcessInitializeOnLoadAttributes (703ms)
			ProcessInitializeOnLoadMethodAttributes (122ms)
			AfterProcessingInitializeOnLoad (8ms)
			EditorAssembliesLoaded (1ms)
		ExecutionOrderSort2 (0ms)
		AwakeInstancesAfterBackupRestoration (14ms)
Refreshing native plugins compatible for Editor in 1.65 ms, found 3 plugins.
Preloading 0 native plugins for Editor in 0.00 ms.
Unloading 106 Unused Serialized files (Serialized files now loaded: 0)
Unloading 6870 unused Assets / (13.6 MB). Loaded Objects now: 7578.
Memory consumption went from 250.6 MB to 237.0 MB.
Total: 16.817500 ms (FindLiveObjects: 2.094200 ms CreateObjectMapping: 0.414000 ms MarkObjects: 6.039800 ms  DeleteObjects: 8.267200 ms)

Prepare: number of updated asset objects reloaded= 0
========================================================================
Received Prepare
Begin MonoManager ReloadAssembly
Symbol file LoadedFromMemory is not a mono symbol file
- Loaded All Assemblies, in  0.811 seconds
Refreshing native plugins compatible for Editor in 1.82 ms, found 3 plugins.
Native extension for iOS target not found
Native extension for Android target not found
Native extension for WindowsStandalone target not found
Mono: successfully reloaded assembly
- Finished resetting the current domain, in  0.865 seconds
Domain Reload Profiling: 1677ms
	BeginReloadAssembly (209ms)
		ExecutionOrderSort (0ms)
		DisableScriptedObjects (6ms)
		BackupInstance (0ms)
		ReleaseScriptingObjects (0ms)
		CreateAndSetChildDomain (65ms)
	RebuildCommonClasses (34ms)
	RebuildNativeTypeToScriptingClass (11ms)
	initialDomainReloadingComplete (104ms)
	LoadAllAssembliesAndSetupDomain (453ms)
		LoadAssemblies (354ms)
		RebuildTransferFunctionScriptingTraits (0ms)
		AnalyzeDomain (196ms)
			TypeCache.Refresh (7ms)
				TypeCache.ScanAssembly (0ms)
			BuildScriptInfoCaches (173ms)
			ResolveRequiredComponents (13ms)
	FinalizeReload (865ms)
		ReleaseScriptCaches (0ms)
		RebuildScriptCaches (0ms)
		SetupLoadedEditorAssemblies (702ms)
			LogAssemblyErrors (0ms)
			InitializePlatformSupportModulesInManaged (17ms)
			SetLoadedEditorAssemblies (3ms)
			BeforeProcessingInitializeOnLoad (116ms)
			ProcessInitializeOnLoadAttributes (447ms)
			ProcessInitializeOnLoadMethodAttributes (113ms)
			AfterProcessingInitializeOnLoad (6ms)
			EditorAssembliesLoaded (0ms)
		ExecutionOrderSort2 (0ms)
		AwakeInstancesAfterBackupRestoration (15ms)
Refreshing native plugins compatible for Editor in 1.67 ms, found 3 plugins.
Preloading 0 native plugins for Editor in 0.00 ms.
Unloading 106 Unused Serialized files (Serialized files now loaded: 0)
Unloading 6870 unused Assets / (13.6 MB). Loaded Objects now: 7580.
Memory consumption went from 250.6 MB to 237.0 MB.
Total: 20.266400 ms (FindLiveObjects: 0.678800 ms CreateObjectMapping: 0.407600 ms MarkObjects: 4.835400 ms  DeleteObjects: 14.342700 ms)

Prepare: number of updated asset objects reloaded= 0
========================================================================
Received Import Request.
  Time since last request: 1306.928671 seconds.
  path: Assets/FCCartoonGUI_UIAnimation/Data/Levels
  artifactKey: Guid(b0aacf9538c7a4948ad58877dfc8ba7b) Importer(815301076,1909f56bfc062723c751e8b465ee728b)
Start importing Assets/FCCartoonGUI_UIAnimation/Data/Levels using Guid(b0aacf9538c7a4948ad58877dfc8ba7b) Importer(815301076,1909f56bfc062723c751e8b465ee728b) (PreviewImporter) -> (artifact id: '1bb856cd3ab4d99c6e2c15bf5945b2ea') in 0.0110119 seconds
Number of updated asset objects reloaded before import = 0Number of asset objects unloaded after import = 0

========================================================================
Received Import Request.
  Time since last request: 0.056980 seconds.
  path: Assets/FCCartoonGUI_UIAnimation/Data/Levels/Panel_Rotate.asset
  artifactKey: Guid(a2a8fa1ff4812a14b8bfc29c8043faee) Importer(815301076,1909f56bfc062723c751e8b465ee728b)
Start importing Assets/FCCartoonGUI_UIAnimation/Data/Levels/Panel_Rotate.asset using Guid(a2a8fa1ff4812a14b8bfc29c8043faee) Importer(815301076,1909f56bfc062723c751e8b465ee728b) (PreviewImporter) -> (artifact id: '6b4ea0339f844dd2e12270fbe913dca6') in 0.0043673 seconds
Number of updated asset objects reloaded before import = 0Number of asset objects unloaded after import = 1

========================================================================
Received Import Request.
  Time since last request: 0.006569 seconds.
  path: Assets/FCCartoonGUI_UIAnimation/Data/Levels/Title_Scale.asset
  artifactKey: Guid(ca3d4107f5947e34cb74025bbc209ec7) Importer(815301076,1909f56bfc062723c751e8b465ee728b)
Start importing Assets/FCCartoonGUI_UIAnimation/Data/Levels/Title_Scale.asset using Guid(ca3d4107f5947e34cb74025bbc209ec7) Importer(815301076,1909f56bfc062723c751e8b465ee728b) (PreviewImporter) -> (artifact id: '5b8639bbfe9bbcc29f10a220dd44ab7d') in 0.0062124 seconds
Number of updated asset objects reloaded before import = 0Number of asset objects unloaded after import = 1

========================================================================
Received Import Request.
  Time since last request: 2.061287 seconds.
  path: Assets/FCCartoonGUI_UIAnimation/Data/Levels/Open
  artifactKey: Guid(1444451f8b2c30243a1757a23d245fb9) Importer(815301076,1909f56bfc062723c751e8b465ee728b)
Start importing Assets/FCCartoonGUI_UIAnimation/Data/Levels/Open using Guid(1444451f8b2c30243a1757a23d245fb9) Importer(815301076,1909f56bfc062723c751e8b465ee728b) (PreviewImporter) -> (artifact id: 'bd96799187a3bb4b10b9fa411cb74cb1') in 0.0011793 seconds
Number of updated asset objects reloaded before import = 0Number of asset objects unloaded after import = 0

========================================================================
Received Import Request.
  Time since last request: 0.312486 seconds.
  path: Assets/FCCartoonGUI_UIAnimation/Data/Levels/Open/Panel_OpenTranslate.asset
  artifactKey: Guid(1f2b842fd6f67384daba2ac58d94f723) Importer(815301076,1909f56bfc062723c751e8b465ee728b)
Start importing Assets/FCCartoonGUI_UIAnimation/Data/Levels/Open/Panel_OpenTranslate.asset using Guid(1f2b842fd6f67384daba2ac58d94f723) Importer(815301076,1909f56bfc062723c751e8b465ee728b) (PreviewImporter) -> (artifact id: 'bf81422287a2c7b60964e1cef43705d5') in 0.0053151 seconds
Number of updated asset objects reloaded before import = 0Number of asset objects unloaded after import = 1

========================================================================
Received Import Request.
  Time since last request: 50.484029 seconds.
  path: Assets/FCCartoonGUI_UIAnimation/Data/Success
  artifactKey: Guid(17979d5dba1757d479b1b27a9ad5d17c) Importer(815301076,1909f56bfc062723c751e8b465ee728b)
Start importing Assets/FCCartoonGUI_UIAnimation/Data/Success using Guid(17979d5dba1757d479b1b27a9ad5d17c) Importer(815301076,1909f56bfc062723c751e8b465ee728b) (PreviewImporter) -> (artifact id: '4ad08e0d16f744afff22743211fb05e5') in 0.0023623 seconds
Number of updated asset objects reloaded before import = 0Number of asset objects unloaded after import = 0

========================================================================
Received Import Request.
  Time since last request: 0.074524 seconds.
  path: Assets/FCCartoonGUI_UIAnimation/Data/Success/LeadersMenuPanel_Rotate.asset
  artifactKey: Guid(cd1859d675263b5488a0e07270bed27f) Importer(815301076,1909f56bfc062723c751e8b465ee728b)
Start importing Assets/FCCartoonGUI_UIAnimation/Data/Success/LeadersMenuPanel_Rotate.asset using Guid(cd1859d675263b5488a0e07270bed27f) Importer(815301076,1909f56bfc062723c751e8b465ee728b) (PreviewImporter) -> (artifact id: '73ff32b043754cbe06829dcb563fc7b4') in 0.0021484 seconds
Number of updated asset objects reloaded before import = 0Number of asset objects unloaded after import = 1

========================================================================
Received Import Request.
  Time since last request: 0.003087 seconds.
  path: Assets/FCCartoonGUI_UIAnimation/Data/Success/LeadersMenuPanel_Scale.asset
  artifactKey: Guid(ddc2e4cfdcdfdbe4d9143ce066eb6492) Importer(815301076,1909f56bfc062723c751e8b465ee728b)
Start importing Assets/FCCartoonGUI_UIAnimation/Data/Success/LeadersMenuPanel_Scale.asset using Guid(ddc2e4cfdcdfdbe4d9143ce066eb6492) Importer(815301076,1909f56bfc062723c751e8b465ee728b) (PreviewImporter) -> (artifact id: '36262ac14fa696c0ba50c9362b6f4ab0') in 0.0022953 seconds
Number of updated asset objects reloaded before import = 0Number of asset objects unloaded after import = 1

========================================================================
Received Import Request.
  Time since last request: 2.224949 seconds.
  path: Assets/FCCartoonGUI_UIAnimation/Data/Success/Stars
  artifactKey: Guid(19ff13d86d865b246952cbe0f96392fa) Importer(815301076,1909f56bfc062723c751e8b465ee728b)
Start importing Assets/FCCartoonGUI_UIAnimation/Data/Success/Stars using Guid(19ff13d86d865b246952cbe0f96392fa) Importer(815301076,1909f56bfc062723c751e8b465ee728b) (PreviewImporter) -> (artifact id: '873aa5d4e6fee3127c1302144e680234') in 0.0045876 seconds
Number of updated asset objects reloaded before import = 0Number of asset objects unloaded after import = 0

========================================================================
Received Import Request.
  Time since last request: 0.109318 seconds.
  path: Assets/FCCartoonGUI_UIAnimation/Data/Success/Stars/Stars_Panel_Scale.asset
  artifactKey: Guid(d78a6814d815fd84c9c181503005d1f3) Importer(815301076,1909f56bfc062723c751e8b465ee728b)
Start importing Assets/FCCartoonGUI_UIAnimation/Data/Success/Stars/Stars_Panel_Scale.asset using Guid(d78a6814d815fd84c9c181503005d1f3) Importer(815301076,1909f56bfc062723c751e8b465ee728b) (PreviewImporter) -> (artifact id: '9bb20347c1f5a4c628f5731778668f22') in 0.003656 seconds
Number of updated asset objects reloaded before import = 0Number of asset objects unloaded after import = 1

========================================================================
Received Import Request.
  Time since last request: 13.960414 seconds.
  path: Assets/FCCartoonGUI_UIAnimation/Data/Success/Prize
  artifactKey: Guid(c1d5a068e62f39f4caf60b808f9b2e8f) Importer(815301076,1909f56bfc062723c751e8b465ee728b)
Start importing Assets/FCCartoonGUI_UIAnimation/Data/Success/Prize using Guid(c1d5a068e62f39f4caf60b808f9b2e8f) Importer(815301076,1909f56bfc062723c751e8b465ee728b) (PreviewImporter) -> (artifact id: '001ff4d6b52c9ecff72317d845a3df5a') in 0.0023124 seconds
Number of updated asset objects reloaded before import = 0Number of asset objects unloaded after import = 0

========================================================================
Received Import Request.
  Time since last request: 0.103466 seconds.
  path: Assets/FCCartoonGUI_UIAnimation/Data/Success/Prize/Prize_Activate.asset
  artifactKey: Guid(0956b1cafbd58494c88d9feaaa1ffe1c) Importer(815301076,1909f56bfc062723c751e8b465ee728b)
Start importing Assets/FCCartoonGUI_UIAnimation/Data/Success/Prize/Prize_Activate.asset using Guid(0956b1cafbd58494c88d9feaaa1ffe1c) Importer(815301076,1909f56bfc062723c751e8b465ee728b) (PreviewImporter) -> (artifact id: '41c84aadaa6495c7926aedc4bb14ff34') in 0.0013518 seconds
Number of updated asset objects reloaded before import = 0Number of asset objects unloaded after import = 1

========================================================================
Received Import Request.
  Time since last request: 0.002786 seconds.
  path: Assets/FCCartoonGUI_UIAnimation/Data/Success/Prize/Prize_Deactivate.asset
  artifactKey: Guid(242cbf33604bbd240b336b4e3a9c04db) Importer(815301076,1909f56bfc062723c751e8b465ee728b)
Start importing Assets/FCCartoonGUI_UIAnimation/Data/Success/Prize/Prize_Deactivate.asset using Guid(242cbf33604bbd240b336b4e3a9c04db) Importer(815301076,1909f56bfc062723c751e8b465ee728b) (PreviewImporter) -> (artifact id: '13975eb3311eb7b5387f2d65fa2ef2fc') in 0.0016638 seconds
Number of updated asset objects reloaded before import = 0Number of asset objects unloaded after import = 1

========================================================================
Received Import Request.
  Time since last request: 0.000212 seconds.
  path: Assets/FCCartoonGUI_UIAnimation/Data/Success/Prize/Prize_ScaleOnEnable.asset
  artifactKey: Guid(21c4c69df0e08704983a96c34f2d18db) Importer(815301076,1909f56bfc062723c751e8b465ee728b)
Start importing Assets/FCCartoonGUI_UIAnimation/Data/Success/Prize/Prize_ScaleOnEnable.asset using Guid(21c4c69df0e08704983a96c34f2d18db) Importer(815301076,1909f56bfc062723c751e8b465ee728b) (PreviewImporter) -> (artifact id: 'f4d7ce4475d010e8ebd95e672df95ad6') in 0.0019905 seconds
Number of updated asset objects reloaded before import = 0Number of asset objects unloaded after import = 1

========================================================================
Received Import Request.
  Time since last request: 10.856255 seconds.
  path: Assets/FCCartoonGUI_UIAnimation/Code/LoadNextLevel.cs
  artifactKey: Guid(655195a84aed8ed4e971cbefcecf5d82) Importer(815301076,1909f56bfc062723c751e8b465ee728b)
Start importing Assets/FCCartoonGUI_UIAnimation/Code/LoadNextLevel.cs using Guid(655195a84aed8ed4e971cbefcecf5d82) Importer(815301076,1909f56bfc062723c751e8b465ee728b) (PreviewImporter) -> (artifact id: 'ba12e5af7cdd1e90efa967894b58ab59') in 0.0021917 seconds
Number of updated asset objects reloaded before import = 0Number of asset objects unloaded after import = 0

========================================================================
Received Import Request.
  Time since last request: 40.045020 seconds.
  path: Assets/FCCartoonGUI_UIAnimation/Prefabs/Inventory
  artifactKey: Guid(f010e60dc9ad5594e81846ea14f238b1) Importer(815301076,1909f56bfc062723c751e8b465ee728b)
Start importing Assets/FCCartoonGUI_UIAnimation/Prefabs/Inventory using Guid(f010e60dc9ad5594e81846ea14f238b1) Importer(815301076,1909f56bfc062723c751e8b465ee728b) (PreviewImporter) -> (artifact id: 'eb72eb228eb0ed2f109e602cbd96deb9') in 0.0031677 seconds
Number of updated asset objects reloaded before import = 0Number of asset objects unloaded after import = 0

========================================================================
Received Import Request.
  Time since last request: 0.089852 seconds.
  path: Assets/FCCartoonGUI_UIAnimation/Prefabs/Inventory/InventoryCanvas.prefab
  artifactKey: Guid(37d7d8c9f9540dc468e6cec727827966) Importer(815301076,1909f56bfc062723c751e8b465ee728b)
Start importing Assets/FCCartoonGUI_UIAnimation/Prefabs/Inventory/InventoryCanvas.prefab using Guid(37d7d8c9f9540dc468e6cec727827966) Importer(815301076,1909f56bfc062723c751e8b465ee728b) (PreviewImporter) -> (artifact id: 'd677cb0483a8a166bdfc9324c0efbecf') in 0.1107813 seconds
Number of updated asset objects reloaded before import = 0Number of asset objects unloaded after import = 465

========================================================================
Received Import Request.
  Time since last request: 21.687749 seconds.
  path: Assets/FCCartoonGUI_UIAnimation/Data/Shop
  artifactKey: Guid(7eeaaa0d8d9fc7349811893cd65af755) Importer(815301076,1909f56bfc062723c751e8b465ee728b)
Start importing Assets/FCCartoonGUI_UIAnimation/Data/Shop using Guid(7eeaaa0d8d9fc7349811893cd65af755) Importer(815301076,1909f56bfc062723c751e8b465ee728b) (PreviewImporter) -> (artifact id: 'e124db154495113b50ad719a34cb4a9e') in 0.0075768 seconds
Number of updated asset objects reloaded before import = 0Number of asset objects unloaded after import = 0

========================================================================
Received Import Request.
  Time since last request: 0.067971 seconds.
  path: Assets/FCCartoonGUI_UIAnimation/Data/Shop/Panel_Rotate.asset
  artifactKey: Guid(f6f3133789d1c544e8b1d56b3e3bb543) Importer(815301076,1909f56bfc062723c751e8b465ee728b)
Start importing Assets/FCCartoonGUI_UIAnimation/Data/Shop/Panel_Rotate.asset using Guid(f6f3133789d1c544e8b1d56b3e3bb543) Importer(815301076,1909f56bfc062723c751e8b465ee728b) (PreviewImporter) -> (artifact id: '26100c6d19cec4362cbdd54c447a93da') in 0.0019734 seconds
Number of updated asset objects reloaded before import = 0Number of asset objects unloaded after import = 1

========================================================================
Received Import Request.
  Time since last request: 0.000018 seconds.
  path: Assets/FCCartoonGUI_UIAnimation/Data/Shop/Title_Scale.asset
  artifactKey: Guid(0bdae33332afd3e44aca6c2f1cdf6031) Importer(815301076,1909f56bfc062723c751e8b465ee728b)
Start importing Assets/FCCartoonGUI_UIAnimation/Data/Shop/Title_Scale.asset using Guid(0bdae33332afd3e44aca6c2f1cdf6031) Importer(815301076,1909f56bfc062723c751e8b465ee728b) (PreviewImporter) -> (artifact id: 'a161529850195fd30658a0211560bff6') in 0.0019783 seconds
Number of updated asset objects reloaded before import = 0Number of asset objects unloaded after import = 1

========================================================================
Received Import Request.
  Time since last request: 98.869582 seconds.
  path: Assets/FCCartoonGUI_UIAnimation/Prefabs/Buttons
  artifactKey: Guid(3944fe44e83d47e43828b3a5fc18847a) Importer(815301076,1909f56bfc062723c751e8b465ee728b)
Start importing Assets/FCCartoonGUI_UIAnimation/Prefabs/Buttons using Guid(3944fe44e83d47e43828b3a5fc18847a) Importer(815301076,1909f56bfc062723c751e8b465ee728b) (PreviewImporter) -> (artifact id: 'a68bd893614b8662d913165ce4267909') in 0.0075516 seconds
Number of updated asset objects reloaded before import = 0Number of asset objects unloaded after import = 0

========================================================================
Received Import Request.
  Time since last request: 0.096716 seconds.
  path: Assets/FCCartoonGUI_UIAnimation/Prefabs/Buttons/big_button_b_43.prefab
  artifactKey: Guid(c917f0d5e5ca27b4487365548e52774b) Importer(815301076,1909f56bfc062723c751e8b465ee728b)
Start importing Assets/FCCartoonGUI_UIAnimation/Prefabs/Buttons/big_button_b_43.prefab using Guid(c917f0d5e5ca27b4487365548e52774b) Importer(815301076,1909f56bfc062723c751e8b465ee728b) (PreviewImporter) -> (artifact id: '98cb0981c3efd8d4615447535bec1127') in 0.0034965 seconds
Number of updated asset objects reloaded before import = 0Number of asset objects unloaded after import = 13

========================================================================
Received Import Request.
  Time since last request: 0.006112 seconds.
  path: Assets/FCCartoonGUI_UIAnimation/Prefabs/Buttons/big_button_down_o_42.prefab
  artifactKey: Guid(80b6d5d6a1413aa458ba2d86f1e4b3cf) Importer(815301076,1909f56bfc062723c751e8b465ee728b)
Start importing Assets/FCCartoonGUI_UIAnimation/Prefabs/Buttons/big_button_down_o_42.prefab using Guid(80b6d5d6a1413aa458ba2d86f1e4b3cf) Importer(815301076,1909f56bfc062723c751e8b465ee728b) (PreviewImporter) -> (artifact id: '81c620f8789b0419d8e947305376404f') in 0.0028681 seconds
Number of updated asset objects reloaded before import = 0Number of asset objects unloaded after import = 13

========================================================================
Received Import Request.
  Time since last request: 0.000163 seconds.
  path: Assets/FCCartoonGUI_UIAnimation/Prefabs/Buttons/big_button_hover_b_44.prefab
  artifactKey: Guid(0eb1c309add3be844ba137b83547e1be) Importer(815301076,1909f56bfc062723c751e8b465ee728b)
Start importing Assets/FCCartoonGUI_UIAnimation/Prefabs/Buttons/big_button_hover_b_44.prefab using Guid(0eb1c309add3be844ba137b83547e1be) Importer(815301076,1909f56bfc062723c751e8b465ee728b) (PreviewImporter) -> (artifact id: '2e6e76b37b6c1ec85aea9bde09e4f338') in 0.0041442 seconds
Number of updated asset objects reloaded before import = 0Number of asset objects unloaded after import = 13

========================================================================
Received Import Request.
  Time since last request: 0.000017 seconds.
  path: Assets/FCCartoonGUI_UIAnimation/Prefabs/Buttons/big_button_hover_o_41.prefab
  artifactKey: Guid(0cb9ecf46edd5e34896a7b43d7bae514) Importer(815301076,1909f56bfc062723c751e8b465ee728b)
Start importing Assets/FCCartoonGUI_UIAnimation/Prefabs/Buttons/big_button_hover_o_41.prefab using Guid(0cb9ecf46edd5e34896a7b43d7bae514) Importer(815301076,1909f56bfc062723c751e8b465ee728b) (PreviewImporter) -> (artifact id: '5ce75c83e73cb8ab8d882d6cef37327a') in 0.0025027 seconds
Number of updated asset objects reloaded before import = 0Number of asset objects unloaded after import = 13

========================================================================
Received Import Request.
  Time since last request: 0.000025 seconds.
  path: Assets/FCCartoonGUI_UIAnimation/Prefabs/Buttons/big_button_inactive_46.prefab
  artifactKey: Guid(c0a5faeb6c3e2e44db5100e3b8f18121) Importer(815301076,1909f56bfc062723c751e8b465ee728b)
Start importing Assets/FCCartoonGUI_UIAnimation/Prefabs/Buttons/big_button_inactive_46.prefab using Guid(c0a5faeb6c3e2e44db5100e3b8f18121) Importer(815301076,1909f56bfc062723c751e8b465ee728b) (PreviewImporter) -> (artifact id: '4c007ec88687df0cd52b1a23b1d8cfe7') in 0.0025454 seconds
Number of updated asset objects reloaded before import = 0Number of asset objects unloaded after import = 12

========================================================================
Received Import Request.
  Time since last request: 0.000179 seconds.
  path: Assets/FCCartoonGUI_UIAnimation/Prefabs/Buttons/big_button_o_40.prefab
  artifactKey: Guid(de55063bacd8e874d8b372e103890121) Importer(815301076,1909f56bfc062723c751e8b465ee728b)
Start importing Assets/FCCartoonGUI_UIAnimation/Prefabs/Buttons/big_button_o_40.prefab using Guid(de55063bacd8e874d8b372e103890121) Importer(815301076,1909f56bfc062723c751e8b465ee728b) (PreviewImporter) -> (artifact id: 'f5a71fc49f400f2f2ac8341132b93b25') in 0.0025712 seconds
Number of updated asset objects reloaded before import = 0Number of asset objects unloaded after import = 13

========================================================================
Received Import Request.
  Time since last request: 0.000015 seconds.
  path: Assets/FCCartoonGUI_UIAnimation/Prefabs/Buttons/simple_button_b_50.prefab
  artifactKey: Guid(928cb28b1e3443e4fbf35e6495c6b4fd) Importer(815301076,1909f56bfc062723c751e8b465ee728b)
Start importing Assets/FCCartoonGUI_UIAnimation/Prefabs/Buttons/simple_button_b_50.prefab using Guid(928cb28b1e3443e4fbf35e6495c6b4fd) Importer(815301076,1909f56bfc062723c751e8b465ee728b) (PreviewImporter) -> (artifact id: 'c4ba95877f64a930c6670f99ed44527b') in 0.0031331 seconds
Number of updated asset objects reloaded before import = 0Number of asset objects unloaded after import = 12

========================================================================
Received Import Request.
  Time since last request: 0.000142 seconds.
  path: Assets/FCCartoonGUI_UIAnimation/Prefabs/Buttons/simple_button_down_b_52.prefab
  artifactKey: Guid(4e859fd0f1f77764fb34b85b7738eb0f) Importer(815301076,1909f56bfc062723c751e8b465ee728b)
Start importing Assets/FCCartoonGUI_UIAnimation/Prefabs/Buttons/simple_button_down_b_52.prefab using Guid(4e859fd0f1f77764fb34b85b7738eb0f) Importer(815301076,1909f56bfc062723c751e8b465ee728b) (PreviewImporter) -> (artifact id: '821918867914a7f29121069fd15c8429') in 0.0022949 seconds
Number of updated asset objects reloaded before import = 0Number of asset objects unloaded after import = 12

========================================================================
Received Import Request.
  Time since last request: 0.006199 seconds.
  path: Assets/FCCartoonGUI_UIAnimation/Prefabs/Buttons/simple_button_down_o_49.prefab
  artifactKey: Guid(b5d2378b12a11b24dbdf117648a53cae) Importer(815301076,1909f56bfc062723c751e8b465ee728b)
Start importing Assets/FCCartoonGUI_UIAnimation/Prefabs/Buttons/simple_button_down_o_49.prefab using Guid(b5d2378b12a11b24dbdf117648a53cae) Importer(815301076,1909f56bfc062723c751e8b465ee728b) (PreviewImporter) -> (artifact id: '09bec999af3fd94d5db966b9a82fb883') in 0.0027759 seconds
Number of updated asset objects reloaded before import = 0Number of asset objects unloaded after import = 12

========================================================================
Received Import Request.
  Time since last request: 0.006959 seconds.
  path: Assets/FCCartoonGUI_UIAnimation/Prefabs/Buttons/simple_button_g_56.prefab
  artifactKey: Guid(812ef48bbb1582c42b411f871b2b6e1a) Importer(815301076,1909f56bfc062723c751e8b465ee728b)
Start importing Assets/FCCartoonGUI_UIAnimation/Prefabs/Buttons/simple_button_g_56.prefab using Guid(812ef48bbb1582c42b411f871b2b6e1a) Importer(815301076,1909f56bfc062723c751e8b465ee728b) (PreviewImporter) -> (artifact id: '0128d8f055f28443faca225c99095fe2') in 0.0027116 seconds
Number of updated asset objects reloaded before import = 0Number of asset objects unloaded after import = 12

========================================================================
Received Import Request.
  Time since last request: 0.006764 seconds.
  path: Assets/FCCartoonGUI_UIAnimation/Prefabs/Buttons/simple_button_hover_g_57.prefab
  artifactKey: Guid(75fcf3b5a4a777849ad4658f6d64fe14) Importer(815301076,1909f56bfc062723c751e8b465ee728b)
Start importing Assets/FCCartoonGUI_UIAnimation/Prefabs/Buttons/simple_button_hover_g_57.prefab using Guid(75fcf3b5a4a777849ad4658f6d64fe14) Importer(815301076,1909f56bfc062723c751e8b465ee728b) (PreviewImporter) -> (artifact id: '6c02727bba2cd02eb4b10efee2f457e7') in 0.0026394 seconds
Number of updated asset objects reloaded before import = 0Number of asset objects unloaded after import = 12

========================================================================
Received Import Request.
  Time since last request: 0.006671 seconds.
  path: Assets/FCCartoonGUI_UIAnimation/Prefabs/Buttons/simple_button_hover_r_54.prefab
  artifactKey: Guid(0290158566bd4c846ba9216f0455eddb) Importer(815301076,1909f56bfc062723c751e8b465ee728b)
Start importing Assets/FCCartoonGUI_UIAnimation/Prefabs/Buttons/simple_button_hover_r_54.prefab using Guid(0290158566bd4c846ba9216f0455eddb) Importer(815301076,1909f56bfc062723c751e8b465ee728b) (PreviewImporter) -> (artifact id: '7d1f041385682008ff3e173ebc40c267') in 0.0026237 seconds
Number of updated asset objects reloaded before import = 0Number of asset objects unloaded after import = 12

========================================================================
Received Import Request.
  Time since last request: 0.000126 seconds.
  path: Assets/FCCartoonGUI_UIAnimation/Prefabs/Buttons/simple_button_o_47.prefab
  artifactKey: Guid(bd5db2cfd9914514891c17b7d765f46c) Importer(815301076,1909f56bfc062723c751e8b465ee728b)
Start importing Assets/FCCartoonGUI_UIAnimation/Prefabs/Buttons/simple_button_o_47.prefab using Guid(bd5db2cfd9914514891c17b7d765f46c) Importer(815301076,1909f56bfc062723c751e8b465ee728b) (PreviewImporter) -> (artifact id: 'cfb8e197370720cc39f4828cf83e9500') in 0.0024267 seconds
Number of updated asset objects reloaded before import = 0Number of asset objects unloaded after import = 12

========================================================================
Received Import Request.
  Time since last request: 0.007099 seconds.
  path: Assets/FCCartoonGUI_UIAnimation/Prefabs/Buttons/square_button_arrow_down_11.prefab
  artifactKey: Guid(336fddc90dfdf30468f87e10e400d4f3) Importer(815301076,1909f56bfc062723c751e8b465ee728b)
Start importing Assets/FCCartoonGUI_UIAnimation/Prefabs/Buttons/square_button_arrow_down_11.prefab using Guid(336fddc90dfdf30468f87e10e400d4f3) Importer(815301076,1909f56bfc062723c751e8b465ee728b) (PreviewImporter) -> (artifact id: '6f31fc27cad1d84273ea3f2ddf5003f1') in 0.0027737 seconds
Number of updated asset objects reloaded before import = 0Number of asset objects unloaded after import = 12

========================================================================
Received Import Request.
  Time since last request: 0.005880 seconds.
  path: Assets/FCCartoonGUI_UIAnimation/Prefabs/Buttons/square_button_arrow_right_13.prefab
  artifactKey: Guid(2675885de69f15b4a9be29353818e45d) Importer(815301076,1909f56bfc062723c751e8b465ee728b)
Start importing Assets/FCCartoonGUI_UIAnimation/Prefabs/Buttons/square_button_arrow_right_13.prefab using Guid(2675885de69f15b4a9be29353818e45d) Importer(815301076,1909f56bfc062723c751e8b465ee728b) (PreviewImporter) -> (artifact id: '5fa6b206aa4e6d936929950d511a292d') in 0.002739 seconds
Number of updated asset objects reloaded before import = 0Number of asset objects unloaded after import = 12

========================================================================
Received Import Request.
  Time since last request: 0.000119 seconds.
  path: Assets/FCCartoonGUI_UIAnimation/Prefabs/Buttons/square_button_arrow_up_14.prefab
  artifactKey: Guid(77b7515171352684c8d93bd44422e605) Importer(815301076,1909f56bfc062723c751e8b465ee728b)
Start importing Assets/FCCartoonGUI_UIAnimation/Prefabs/Buttons/square_button_arrow_up_14.prefab using Guid(77b7515171352684c8d93bd44422e605) Importer(815301076,1909f56bfc062723c751e8b465ee728b) (PreviewImporter) -> (artifact id: 'b8e68083dfa7a656d959d6ca6bf090ae') in 0.0028155 seconds
Number of updated asset objects reloaded before import = 0Number of asset objects unloaded after import = 12

========================================================================
Received Import Request.
  Time since last request: 0.006556 seconds.
  path: Assets/FCCartoonGUI_UIAnimation/Prefabs/Buttons/square_button_bin_31.prefab
  artifactKey: Guid(fd927f1ff3f970d4a8ba95e97397204c) Importer(815301076,1909f56bfc062723c751e8b465ee728b)
Start importing Assets/FCCartoonGUI_UIAnimation/Prefabs/Buttons/square_button_bin_31.prefab using Guid(fd927f1ff3f970d4a8ba95e97397204c) Importer(815301076,1909f56bfc062723c751e8b465ee728b) (PreviewImporter) -> (artifact id: '1cb86671ec1271eefbe2bd5af3853724') in 0.0036716 seconds
Number of updated asset objects reloaded before import = 0Number of asset objects unloaded after import = 12

========================================================================
Received Import Request.
  Time since last request: 31.178684 seconds.
  path: Assets/FCCartoonGUI_UIAnimation/Prefabs/Buttons/square_button_check_16.prefab
  artifactKey: Guid(2800d1565c4fd6240bc67b3c01e82bfe) Importer(815301076,1909f56bfc062723c751e8b465ee728b)
Start importing Assets/FCCartoonGUI_UIAnimation/Prefabs/Buttons/square_button_check_16.prefab using Guid(2800d1565c4fd6240bc67b3c01e82bfe) Importer(815301076,1909f56bfc062723c751e8b465ee728b) (PreviewImporter) -> (artifact id: 'ff3b7459edb823d701378d6c8c76ba94') in 0.0074181 seconds
Number of updated asset objects reloaded before import = 0Number of asset objects unloaded after import = 13

========================================================================
Received Import Request.
  Time since last request: 0.000022 seconds.
  path: Assets/FCCartoonGUI_UIAnimation/Prefabs/Buttons/square_button_dots_35.prefab
  artifactKey: Guid(42e10985c8a6cf5469f54ad5ba702026) Importer(815301076,1909f56bfc062723c751e8b465ee728b)
Start importing Assets/FCCartoonGUI_UIAnimation/Prefabs/Buttons/square_button_dots_35.prefab using Guid(42e10985c8a6cf5469f54ad5ba702026) Importer(815301076,1909f56bfc062723c751e8b465ee728b) (PreviewImporter) -> (artifact id: '80d2a4b70358d4b1e68170e57f5b2179') in 0.0480296 seconds
Number of updated asset objects reloaded before import = 0Number of asset objects unloaded after import = 12

========================================================================
Received Import Request.
  Time since last request: 0.158732 seconds.
  path: Assets/FCCartoonGUI_UIAnimation/Prefabs/Buttons/square_button_down_b_3.prefab
  artifactKey: Guid(186510bb90d555544bec85f04454d663) Importer(815301076,1909f56bfc062723c751e8b465ee728b)
Start importing Assets/FCCartoonGUI_UIAnimation/Prefabs/Buttons/square_button_down_b_3.prefab using Guid(186510bb90d555544bec85f04454d663) Importer(815301076,1909f56bfc062723c751e8b465ee728b) (PreviewImporter) -> (artifact id: 'af9daf76fc3722e0670e3b74af335ac1') in 0.018697 seconds
Number of updated asset objects reloaded before import = 0Number of asset objects unloaded after import = 12

========================================================================
Received Import Request.
  Time since last request: 0.000021 seconds.
  path: Assets/FCCartoonGUI_UIAnimation/Prefabs/Buttons/square_button_g_8.prefab
  artifactKey: Guid(6369f06bb8ce47a4cb49509f30ff689a) Importer(815301076,1909f56bfc062723c751e8b465ee728b)
Start importing Assets/FCCartoonGUI_UIAnimation/Prefabs/Buttons/square_button_g_8.prefab using Guid(6369f06bb8ce47a4cb49509f30ff689a) Importer(815301076,1909f56bfc062723c751e8b465ee728b) (PreviewImporter) -> (artifact id: '7ce5909ed4f40b558dbf57a8044184fa') in 0.0310184 seconds
Number of updated asset objects reloaded before import = 0Number of asset objects unloaded after import = 13

========================================================================
Received Import Request.
  Time since last request: 0.000036 seconds.
  path: Assets/FCCartoonGUI_UIAnimation/Prefabs/Buttons/square_button_hover_g_9.prefab
  artifactKey: Guid(62bab84f0433e0a4ca38e4f9064750d0) Importer(815301076,1909f56bfc062723c751e8b465ee728b)
Start importing Assets/FCCartoonGUI_UIAnimation/Prefabs/Buttons/square_button_hover_g_9.prefab using Guid(62bab84f0433e0a4ca38e4f9064750d0) Importer(815301076,1909f56bfc062723c751e8b465ee728b) (PreviewImporter) -> (artifact id: '35c355d67a0dba5c3b4084ec4453a250') in 0.0110512 seconds
Number of updated asset objects reloaded before import = 0Number of asset objects unloaded after import = 12

========================================================================
Received Import Request.
  Time since last request: 0.000074 seconds.
  path: Assets/FCCartoonGUI_UIAnimation/Prefabs/Buttons/square_button_home_39.prefab
  artifactKey: Guid(69d1f9f005da0af4198d1b1cfa7c4240) Importer(815301076,1909f56bfc062723c751e8b465ee728b)
Start importing Assets/FCCartoonGUI_UIAnimation/Prefabs/Buttons/square_button_home_39.prefab using Guid(69d1f9f005da0af4198d1b1cfa7c4240) Importer(815301076,1909f56bfc062723c751e8b465ee728b) (PreviewImporter) -> (artifact id: '9cdeaf0a1fccbd7875428561bf5abf30') in 0.0136126 seconds
Number of updated asset objects reloaded before import = 0Number of asset objects unloaded after import = 12

========================================================================
Received Import Request.
  Time since last request: 0.000026 seconds.
  path: Assets/FCCartoonGUI_UIAnimation/Prefabs/Buttons/square_button_menu_27.prefab
  artifactKey: Guid(fb3d9d1466ef04a439ca16df72763246) Importer(815301076,1909f56bfc062723c751e8b465ee728b)
Start importing Assets/FCCartoonGUI_UIAnimation/Prefabs/Buttons/square_button_menu_27.prefab using Guid(fb3d9d1466ef04a439ca16df72763246) Importer(815301076,1909f56bfc062723c751e8b465ee728b) (PreviewImporter) -> (artifact id: '2b8baea2d92fd6c490074a77a2759af9') in 0.0055243 seconds
Number of updated asset objects reloaded before import = 0Number of asset objects unloaded after import = 12

========================================================================
Received Import Request.
  Time since last request: 0.000072 seconds.
  path: Assets/FCCartoonGUI_UIAnimation/Prefabs/Buttons/square_button_lock_24.prefab
  artifactKey: Guid(dd5565fefc3834f40bf428e829da66f8) Importer(815301076,1909f56bfc062723c751e8b465ee728b)
Start importing Assets/FCCartoonGUI_UIAnimation/Prefabs/Buttons/square_button_lock_24.prefab using Guid(dd5565fefc3834f40bf428e829da66f8) Importer(815301076,1909f56bfc062723c751e8b465ee728b) (PreviewImporter) -> (artifact id: 'c913149fbe59e7412948e700e3c9dbdd') in 0.0042277 seconds
Number of updated asset objects reloaded before import = 0Number of asset objects unloaded after import = 12

========================================================================
Received Import Request.
  Time since last request: 0.000027 seconds.
  path: Assets/FCCartoonGUI_UIAnimation/Prefabs/Buttons/square_button_inactive_4.prefab
  artifactKey: Guid(6154f9d0757febe48a1554f122bd8a26) Importer(815301076,1909f56bfc062723c751e8b465ee728b)
Start importing Assets/FCCartoonGUI_UIAnimation/Prefabs/Buttons/square_button_inactive_4.prefab using Guid(6154f9d0757febe48a1554f122bd8a26) Importer(815301076,1909f56bfc062723c751e8b465ee728b) (PreviewImporter) -> (artifact id: 'b52a9b7f878ae4833f4252a28670824d') in 0.0031749 seconds
Number of updated asset objects reloaded before import = 0Number of asset objects unloaded after import = 11

Editor requested this worker to shutdown with reason: Scaling down because of idle timeout
AssetImportWorker is now disconnected from the server
Process exiting
Exiting without the bug reporter. Application will terminate with return code 0