Using pre-set license
Built from '6000.0/staging' branch; Version is '6000.0.39f1 (15ea7ed0b100) revision 1436286'; Using compiler version '193933523'; Build Type 'Release'
OS: 'Windows 11  (10.0.26100) 64bit Core' Language: 'ko' Physical Memory: 16074 MB
BatchMode: 1, IsHumanControllingUs: 0, StartBugReporterOnCrash: 0, Is64bit: 1, IsPro: 1

COMMAND LINE ARGUMENTS:
C:\Program Files\Unity\Hub\Editor\6000.0.39f1\Editor\Unity.exe
-adb2
-batchMode
-noUpm
-name
AssetImportWorker4
-projectPath
C:/Users/ieoql/unity/HyewonKo
-logFile
Logs/AssetImportWorker4.log
-srvPort
5031
-job-worker-count
7
-background-job-worker-count
8
-gc-helper-count
1
Successfully changed project path to: C:/Users/ieoql/unity/HyewonKo
C:/Users/ieoql/unity/HyewonKo
[UnityMemory] Configuration Parameters - Can be set up in boot.config
    "memorysetup-bucket-allocator-granularity=16"
    "memorysetup-bucket-allocator-bucket-count=8"
    "memorysetup-bucket-allocator-block-size=33554432"
    "memorysetup-bucket-allocator-block-count=8"
    "memorysetup-main-allocator-block-size=16777216"
    "memorysetup-thread-allocator-block-size=16777216"
    "memorysetup-gfx-main-allocator-block-size=16777216"
    "memorysetup-gfx-thread-allocator-block-size=16777216"
    "memorysetup-cache-allocator-block-size=4194304"
    "memorysetup-typetree-allocator-block-size=2097152"
    "memorysetup-profiler-bucket-allocator-granularity=16"
    "memorysetup-profiler-bucket-allocator-bucket-count=8"
    "memorysetup-profiler-bucket-allocator-block-size=33554432"
    "memorysetup-profiler-bucket-allocator-block-count=8"
    "memorysetup-profiler-allocator-block-size=16777216"
    "memorysetup-profiler-editor-allocator-block-size=1048576"
    "memorysetup-temp-allocator-size-main=16777216"
    "memorysetup-job-temp-allocator-block-size=2097152"
    "memorysetup-job-temp-allocator-block-size-background=1048576"
    "memorysetup-job-temp-allocator-reduction-small-platforms=262144"
    "memorysetup-allocator-temp-initial-block-size-main=262144"
    "memorysetup-allocator-temp-initial-block-size-worker=262144"
    "memorysetup-temp-allocator-size-background-worker=32768"
    "memorysetup-temp-allocator-size-job-worker=262144"
    "memorysetup-temp-allocator-size-preload-manager=33554432"
    "memorysetup-temp-allocator-size-nav-mesh-worker=65536"
    "memorysetup-temp-allocator-size-audio-worker=65536"
    "memorysetup-temp-allocator-size-cloud-worker=32768"
    "memorysetup-temp-allocator-size-gi-baking-worker=262144"
    "memorysetup-temp-allocator-size-gi-baking-worker=262144"
    "memorysetup-temp-allocator-size-gi-baking-worker=262144"
    "memorysetup-temp-allocator-size-gi-baking-worker=262144"
    "memorysetup-temp-allocator-size-gi-baking-worker=262144"
    "memorysetup-temp-allocator-size-gfx=262144"
Player connection [28448]  Target information:

Player connection [28448]  * "[IP] 172.19.17.97 [Port] 0 [Flags] 2 [Guid] 2561768592 [EditorId] 2561768592 [Version] 1048832 [Id] WindowsEditor(7,GalaxyBook) [Debug] 1 [PackageName] WindowsEditor [ProjectName] Editor" 

Player connection [28448] Host joined multi-casting on [225.0.0.222:54997]...
Player connection [28448] Host joined alternative multi-casting on [225.0.0.222:34997]...
JobSystem: Creating JobQueue using job-worker-count value 7
Input System module state changed to: Initialized.
[Physics::Module] Initialized fallback backend.
[Physics::Module] Id: 0xdecafbad
Library Redirect Path: Library/
[Physics::Module] Selected backend.
[Physics::Module] Name: PhysX
[Physics::Module] Id: 0xf2b8ea05
[Physics::Module] SDK Version: 4.1.2
[Physics::Module] Integration Version: 1.0.0
[Physics::Module] Threading Mode: Multi-Threaded
Refreshing native plugins compatible for Editor in 829.98 ms, found 3 plugins.
Preloading 0 native plugins for Editor in 0.00 ms.
Initialize engine version: 6000.0.39f1 (15ea7ed0b100)
[Subsystems] Discovering subsystems at path C:/Program Files/Unity/Hub/Editor/6000.0.39f1/Editor/Data/Resources/UnitySubsystems
[Subsystems] Discovering subsystems at path C:/Users/ieoql/unity/HyewonKo/Assets
GfxDevice: creating device client; kGfxThreadingModeNonThreaded
Direct3D:
    Version:  Direct3D 11.0 [level 11.1]
    Renderer: Intel(R) Iris(R) Xe Graphics (ID=0xa7a0)
    Vendor:   Intel
    VRAM:     8037 MB
    Driver:   31.0.101.4314
Initialize mono
Mono path[0] = 'C:/Program Files/Unity/Hub/Editor/6000.0.39f1/Editor/Data/Managed'
Mono path[1] = 'C:/Program Files/Unity/Hub/Editor/6000.0.39f1/Editor/Data/MonoBleedingEdge/lib/mono/unityjit-win32'
Mono config path = 'C:/Program Files/Unity/Hub/Editor/6000.0.39f1/Editor/Data/MonoBleedingEdge/etc'
Using monoOptions --debugger-agent=transport=dt_socket,embedding=1,server=y,suspend=n,address=127.0.0.1:56000
Begin MonoManager ReloadAssembly
Registering precompiled unity dll's ...
Register platform support module: C:/Program Files/Unity/Hub/Editor/6000.0.39f1/Editor/Data/PlaybackEngines/WindowsStandaloneSupport/UnityEditor.WindowsStandalone.Extensions.dll
Register platform support module: C:/Program Files/Unity/Hub/Editor/6000.0.39f1/Editor/Data/PlaybackEngines/AndroidPlayer/UnityEditor.Android.Extensions.dll
Register platform support module: C:/Program Files/Unity/Hub/Editor/6000.0.39f1/Editor/Data/PlaybackEngines/iOSSupport/UnityEditor.iOS.Extensions.dll
Registered in 0.024144 seconds.
- Loaded All Assemblies, in  5.198 seconds
[usbmuxd] Start listen thread
[usbmuxd] Listen thread started
Native extension for iOS target not found
Native extension for Android target not found
Native extension for WindowsStandalone target not found
Mono: successfully reloaded assembly
- Finished resetting the current domain, in  1.368 seconds
Domain Reload Profiling: 6555ms
	BeginReloadAssembly (732ms)
		ExecutionOrderSort (0ms)
		DisableScriptedObjects (0ms)
		BackupInstance (0ms)
		ReleaseScriptingObjects (0ms)
		CreateAndSetChildDomain (4ms)
	RebuildCommonClasses (998ms)
	RebuildNativeTypeToScriptingClass (41ms)
	initialDomainReloadingComplete (242ms)
	LoadAllAssembliesAndSetupDomain (3174ms)
		LoadAssemblies (719ms)
		RebuildTransferFunctionScriptingTraits (0ms)
		AnalyzeDomain (3155ms)
			TypeCache.Refresh (3151ms)
				TypeCache.ScanAssembly (3092ms)
			BuildScriptInfoCaches (0ms)
			ResolveRequiredComponents (2ms)
	FinalizeReload (1369ms)
		ReleaseScriptCaches (0ms)
		RebuildScriptCaches (0ms)
		SetupLoadedEditorAssemblies (1208ms)
			LogAssemblyErrors (0ms)
			InitializePlatformSupportModulesInManaged (402ms)
			SetLoadedEditorAssemblies (10ms)
			BeforeProcessingInitializeOnLoad (137ms)
			ProcessInitializeOnLoadAttributes (420ms)
			ProcessInitializeOnLoadMethodAttributes (239ms)
			AfterProcessingInitializeOnLoad (0ms)
			EditorAssembliesLoaded (0ms)
		ExecutionOrderSort2 (0ms)
		AwakeInstancesAfterBackupRestoration (0ms)
========================================================================
Worker process is ready to serve import requests
Import Worker Mode flag is 0x00
Begin MonoManager ReloadAssembly
- Loaded All Assemblies, in  2.485 seconds
Refreshing native plugins compatible for Editor in 4.63 ms, found 3 plugins.
Native extension for iOS target not found
Native extension for Android target not found
Native extension for WindowsStandalone target not found
Mono: successfully reloaded assembly
- Finished resetting the current domain, in  3.444 seconds
Domain Reload Profiling: 5921ms
	BeginReloadAssembly (393ms)
		ExecutionOrderSort (0ms)
		DisableScriptedObjects (13ms)
		BackupInstance (0ms)
		ReleaseScriptingObjects (0ms)
		CreateAndSetChildDomain (53ms)
	RebuildCommonClasses (81ms)
	RebuildNativeTypeToScriptingClass (27ms)
	initialDomainReloadingComplete (88ms)
	LoadAllAssembliesAndSetupDomain (1887ms)
		LoadAssemblies (798ms)
		RebuildTransferFunctionScriptingTraits (0ms)
		AnalyzeDomain (1328ms)
			TypeCache.Refresh (1203ms)
				TypeCache.ScanAssembly (844ms)
			BuildScriptInfoCaches (99ms)
			ResolveRequiredComponents (19ms)
	FinalizeReload (3445ms)
		ReleaseScriptCaches (0ms)
		RebuildScriptCaches (0ms)
		SetupLoadedEditorAssemblies (1486ms)
			LogAssemblyErrors (0ms)
			InitializePlatformSupportModulesInManaged (39ms)
			SetLoadedEditorAssemblies (10ms)
			BeforeProcessingInitializeOnLoad (231ms)
			ProcessInitializeOnLoadAttributes (871ms)
			ProcessInitializeOnLoadMethodAttributes (326ms)
			AfterProcessingInitializeOnLoad (9ms)
			EditorAssembliesLoaded (0ms)
		ExecutionOrderSort2 (0ms)
		AwakeInstancesAfterBackupRestoration (12ms)
Launched and connected shader compiler UnityShaderCompiler.exe after 0.15 seconds
Refreshing native plugins compatible for Editor in 1.86 ms, found 3 plugins.
Preloading 0 native plugins for Editor in 0.00 ms.
Unloading 199 Unused Serialized files (Serialized files now loaded: 0)
Unloading 5975 unused Assets / (5.7 MB). Loaded Objects now: 6623.
Memory consumption went from 157.5 MB to 151.8 MB.
Total: 13.608600 ms (FindLiveObjects: 1.832900 ms CreateObjectMapping: 0.450700 ms MarkObjects: 6.961000 ms  DeleteObjects: 4.361800 ms)

========================================================================
Received Import Request.
  Time since last request: 1028991.038348 seconds.
  path: Assets/Settings/DefaultVolumeProfile.asset
  artifactKey: Guid(ab09877e2e707104187f6f83e2f62510) Importer(815301076,1909f56bfc062723c751e8b465ee728b)
Start importing Assets/Settings/DefaultVolumeProfile.asset using Guid(ab09877e2e707104187f6f83e2f62510) Importer(815301076,1909f56bfc062723c751e8b465ee728b) (PreviewImporter) -> (artifact id: '10528149371aefc32227726816d72a59') in 0.0275202 seconds
Number of updated asset objects reloaded before import = 0Number of asset objects unloaded after import = 0

========================================================================
Received Import Request.
  Time since last request: 1579.556890 seconds.
  path: Assets/Spider Infestation/Materials/Textures/spider_diffuse_01.tga
  artifactKey: Guid(8f5043a47d4b3d7408b60c68a7d08d26) Importer(815301076,1909f56bfc062723c751e8b465ee728b)
Start importing Assets/Spider Infestation/Materials/Textures/spider_diffuse_01.tga using Guid(8f5043a47d4b3d7408b60c68a7d08d26) Importer(815301076,1909f56bfc062723c751e8b465ee728b) (PreviewImporter) -> (artifact id: '8db54c6ec26b270dd57df440ad0cfe36') in 0.1823314 seconds
Number of updated asset objects reloaded before import = 0Number of asset objects unloaded after import = 1

========================================================================
Received Import Request.
  Time since last request: 42.808069 seconds.
  path: Assets/Spider Infestation/Materials/Textures/spider_diffuse_01.tga
  artifactKey: Guid(8f5043a47d4b3d7408b60c68a7d08d26) Importer(815301076,1909f56bfc062723c751e8b465ee728b)
Start importing Assets/Spider Infestation/Materials/Textures/spider_diffuse_01.tga using Guid(8f5043a47d4b3d7408b60c68a7d08d26) Importer(815301076,1909f56bfc062723c751e8b465ee728b) (PreviewImporter) -> (artifact id: '70a09422dadbcf6b7c3e36568f7d0c8c') in 0.0380486 seconds
Number of updated asset objects reloaded before import = 0Number of asset objects unloaded after import = 2

========================================================================
Received Prepare
Begin MonoManager ReloadAssembly
- Loaded All Assemblies, in  2.985 seconds
Refreshing native plugins compatible for Editor in 2.87 ms, found 3 plugins.
Native extension for iOS target not found
Native extension for Android target not found
Native extension for WindowsStandalone target not found
Mono: successfully reloaded assembly
- Finished resetting the current domain, in  3.027 seconds
Domain Reload Profiling: 6016ms
	BeginReloadAssembly (1056ms)
		ExecutionOrderSort (1ms)
		DisableScriptedObjects (38ms)
		BackupInstance (0ms)
		ReleaseScriptingObjects (1ms)
		CreateAndSetChildDomain (349ms)
	RebuildCommonClasses (101ms)
	RebuildNativeTypeToScriptingClass (35ms)
	initialDomainReloadingComplete (94ms)
	LoadAllAssembliesAndSetupDomain (1702ms)
		LoadAssemblies (1518ms)
		RebuildTransferFunctionScriptingTraits (0ms)
		AnalyzeDomain (605ms)
			TypeCache.Refresh (25ms)
				TypeCache.ScanAssembly (0ms)
			BuildScriptInfoCaches (525ms)
			ResolveRequiredComponents (30ms)
	FinalizeReload (3028ms)
		ReleaseScriptCaches (0ms)
		RebuildScriptCaches (0ms)
		SetupLoadedEditorAssemblies (2199ms)
			LogAssemblyErrors (0ms)
			InitializePlatformSupportModulesInManaged (56ms)
			SetLoadedEditorAssemblies (22ms)
			BeforeProcessingInitializeOnLoad (477ms)
			ProcessInitializeOnLoadAttributes (1355ms)
			ProcessInitializeOnLoadMethodAttributes (271ms)
			AfterProcessingInitializeOnLoad (16ms)
			EditorAssembliesLoaded (1ms)
		ExecutionOrderSort2 (0ms)
		AwakeInstancesAfterBackupRestoration (63ms)
Refreshing native plugins compatible for Editor in 6.16 ms, found 3 plugins.
Preloading 0 native plugins for Editor in 0.00 ms.
Unloading 46 Unused Serialized files (Serialized files now loaded: 0)
Unloading 5970 unused Assets / (5.7 MB). Loaded Objects now: 6669.
Memory consumption went from 150.7 MB to 145.0 MB.
Total: 35.483100 ms (FindLiveObjects: 1.499600 ms CreateObjectMapping: 1.680100 ms MarkObjects: 18.329900 ms  DeleteObjects: 13.969200 ms)

Prepare: number of updated asset objects reloaded= 0
========================================================================
Received Import Request.
  Time since last request: 892.503774 seconds.
  path: Assets/SimpleNaturePack
  artifactKey: Guid(30341396a589664418cb8e33d2b6dc29) Importer(815301076,1909f56bfc062723c751e8b465ee728b)
Start importing Assets/SimpleNaturePack using Guid(30341396a589664418cb8e33d2b6dc29) Importer(815301076,1909f56bfc062723c751e8b465ee728b) (PreviewImporter) -> (artifact id: '46d8ce3036d6f76f8422125562e84c2a') in 0.0039457 seconds
Number of updated asset objects reloaded before import = 20Number of asset objects unloaded after import = 0

========================================================================
Received Import Request.
  Time since last request: 2.302776 seconds.
  path: Assets/SimpleNaturePack/SimpleNaturePack_2020.3_HDRP_v1.24.unitypackage
  artifactKey: Guid(58f7e79a87c79824597746e8c1bfe400) Importer(815301076,1909f56bfc062723c751e8b465ee728b)
Start importing Assets/SimpleNaturePack/SimpleNaturePack_2020.3_HDRP_v1.24.unitypackage using Guid(58f7e79a87c79824597746e8c1bfe400) Importer(815301076,1909f56bfc062723c751e8b465ee728b) (PreviewImporter) -> (artifact id: '940914b24b35c25d9e1c00501e29ead7') in 0.0252208 seconds
Number of updated asset objects reloaded before import = 0Number of asset objects unloaded after import = 1

========================================================================
Received Import Request.
  Time since last request: 1.509789 seconds.
  path: Assets/SimpleNaturePack/SimpleNaturePack_2020.3_URP_v1.24.unitypackage
  artifactKey: Guid(f58d25b9e504a4f41ab4a71cf87c1845) Importer(815301076,1909f56bfc062723c751e8b465ee728b)
Start importing Assets/SimpleNaturePack/SimpleNaturePack_2020.3_URP_v1.24.unitypackage using Guid(f58d25b9e504a4f41ab4a71cf87c1845) Importer(815301076,1909f56bfc062723c751e8b465ee728b) (PreviewImporter) -> (artifact id: '145e850ea7bb6999932c3d46d55a9937') in 0.0010762 seconds
Number of updated asset objects reloaded before import = 0Number of asset objects unloaded after import = 1

========================================================================
Received Import Request.
  Time since last request: 10.765031 seconds.
  path: Assets/SimpleNaturePack/Prefabs
  artifactKey: Guid(245080b10b3a2d542a041d0b8f4fe0dc) Importer(815301076,1909f56bfc062723c751e8b465ee728b)
Start importing Assets/SimpleNaturePack/Prefabs using Guid(245080b10b3a2d542a041d0b8f4fe0dc) Importer(815301076,1909f56bfc062723c751e8b465ee728b) (PreviewImporter) -> (artifact id: '1269d4188703088a60b28fcc455463a7') in 0.0013246 seconds
Number of updated asset objects reloaded before import = 0Number of asset objects unloaded after import = 0

========================================================================
Received Import Request.
  Time since last request: 0.029400 seconds.
  path: Assets/SimpleNaturePack/Prefabs/Branch_01.prefab
  artifactKey: Guid(b9de24523a11d714db3851b5f0f9d527) Importer(815301076,1909f56bfc062723c751e8b465ee728b)
Start importing Assets/SimpleNaturePack/Prefabs/Branch_01.prefab using Guid(b9de24523a11d714db3851b5f0f9d527) Importer(815301076,1909f56bfc062723c751e8b465ee728b) (PreviewImporter) -> (artifact id: '8199e6c44705b77c2738285e253705be') in 1.7784126 seconds
Number of updated asset objects reloaded before import = 0Number of asset objects unloaded after import = 11

========================================================================
Received Import Request.
  Time since last request: 0.000123 seconds.
  path: Assets/SimpleNaturePack/Prefabs/Tree_04.prefab
  artifactKey: Guid(f0c16f0ea935ea64297ca1d4d55d9746) Importer(815301076,1909f56bfc062723c751e8b465ee728b)
Start importing Assets/SimpleNaturePack/Prefabs/Tree_04.prefab using Guid(f0c16f0ea935ea64297ca1d4d55d9746) Importer(815301076,1909f56bfc062723c751e8b465ee728b) (PreviewImporter) -> (artifact id: 'e3b5430b046e62198088f072afc0fe53') in 0.1105653 seconds
Number of updated asset objects reloaded before import = 0Number of asset objects unloaded after import = 18

========================================================================
Received Import Request.
  Time since last request: 0.000139 seconds.
  path: Assets/SimpleNaturePack/Prefabs/Rock_02.prefab
  artifactKey: Guid(cebfacc247a640945a2c30b442202fca) Importer(815301076,1909f56bfc062723c751e8b465ee728b)
Start importing Assets/SimpleNaturePack/Prefabs/Rock_02.prefab using Guid(cebfacc247a640945a2c30b442202fca) Importer(815301076,1909f56bfc062723c751e8b465ee728b) (PreviewImporter) -> (artifact id: 'c559842a92768ecfb1d392109dff570e') in 0.1020737 seconds
Number of updated asset objects reloaded before import = 0Number of asset objects unloaded after import = 10

========================================================================
Received Import Request.
  Time since last request: 0.000095 seconds.
  path: Assets/SimpleNaturePack/Prefabs/Mushroom_01.prefab
  artifactKey: Guid(ff62b58c5a9ea164fa8ddf8038e10cd1) Importer(815301076,1909f56bfc062723c751e8b465ee728b)
Start importing Assets/SimpleNaturePack/Prefabs/Mushroom_01.prefab using Guid(ff62b58c5a9ea164fa8ddf8038e10cd1) Importer(815301076,1909f56bfc062723c751e8b465ee728b) (PreviewImporter) -> (artifact id: 'a18ea971c748d32fba80f43c12ab14c3') in 0.6177156 seconds
Number of updated asset objects reloaded before import = 0Number of asset objects unloaded after import = 18

========================================================================
Received Import Request.
  Time since last request: 0.000120 seconds.
  path: Assets/SimpleNaturePack/Prefabs/Mushroom_02.prefab
  artifactKey: Guid(494f6d43e170e9145bc7865d243ee00b) Importer(815301076,1909f56bfc062723c751e8b465ee728b)
Start importing Assets/SimpleNaturePack/Prefabs/Mushroom_02.prefab using Guid(494f6d43e170e9145bc7865d243ee00b) Importer(815301076,1909f56bfc062723c751e8b465ee728b) (PreviewImporter) -> (artifact id: '1de2d185b02a071c4d8cc3e746f90598') in 0.0903389 seconds
Number of updated asset objects reloaded before import = 0Number of asset objects unloaded after import = 18

========================================================================
Received Import Request.
  Time since last request: 0.000076 seconds.
  path: Assets/SimpleNaturePack/Prefabs/Grass_02.prefab
  artifactKey: Guid(ffbddc4ef9676cc419e81e06aaa836d8) Importer(815301076,1909f56bfc062723c751e8b465ee728b)
Start importing Assets/SimpleNaturePack/Prefabs/Grass_02.prefab using Guid(ffbddc4ef9676cc419e81e06aaa836d8) Importer(815301076,1909f56bfc062723c751e8b465ee728b) (PreviewImporter) -> (artifact id: 'ca5c564953abcd896e50eb2a431d4249') in 0.0769333 seconds
Number of updated asset objects reloaded before import = 0Number of asset objects unloaded after import = 18

========================================================================
Received Import Request.
  Time since last request: 0.000085 seconds.
  path: Assets/SimpleNaturePack/Prefabs/Rock_01.prefab
  artifactKey: Guid(c6308cb7062fac34e8e50600086b12a1) Importer(815301076,1909f56bfc062723c751e8b465ee728b)
Start importing Assets/SimpleNaturePack/Prefabs/Rock_01.prefab using Guid(c6308cb7062fac34e8e50600086b12a1) Importer(815301076,1909f56bfc062723c751e8b465ee728b) (PreviewImporter) -> (artifact id: '49eeb4e8ccac9cccc07f3ae76292c56a') in 0.0836017 seconds
Number of updated asset objects reloaded before import = 0Number of asset objects unloaded after import = 10

========================================================================
Received Import Request.
  Time since last request: 0.000095 seconds.
  path: Assets/SimpleNaturePack/Prefabs/Tree_03.prefab
  artifactKey: Guid(c60edd51c065ceb46b345849a03bc106) Importer(815301076,1909f56bfc062723c751e8b465ee728b)
Start importing Assets/SimpleNaturePack/Prefabs/Tree_03.prefab using Guid(c60edd51c065ceb46b345849a03bc106) Importer(815301076,1909f56bfc062723c751e8b465ee728b) (PreviewImporter) -> (artifact id: 'dbb831dcfadf974e86d57748cf2dee7e') in 0.0711596 seconds
Number of updated asset objects reloaded before import = 0Number of asset objects unloaded after import = 18

========================================================================
Received Import Request.
  Time since last request: 0.000052 seconds.
  path: Assets/SimpleNaturePack/Prefabs/Rock_04.prefab
  artifactKey: Guid(f02116c209ecd9e488fc4d2cd8996133) Importer(815301076,1909f56bfc062723c751e8b465ee728b)
Start importing Assets/SimpleNaturePack/Prefabs/Rock_04.prefab using Guid(f02116c209ecd9e488fc4d2cd8996133) Importer(815301076,1909f56bfc062723c751e8b465ee728b) (PreviewImporter) -> (artifact id: 'e0d4bcbcbd7072afa74405baff55b605') in 0.0577014 seconds
Number of updated asset objects reloaded before import = 0Number of asset objects unloaded after import = 10

========================================================================
Received Import Request.
  Time since last request: 0.000067 seconds.
  path: Assets/SimpleNaturePack/Prefabs/Ground_03.prefab
  artifactKey: Guid(3f9b178ccd3b86f4ebbfc1f5a2815e56) Importer(815301076,1909f56bfc062723c751e8b465ee728b)
Start importing Assets/SimpleNaturePack/Prefabs/Ground_03.prefab using Guid(3f9b178ccd3b86f4ebbfc1f5a2815e56) Importer(815301076,1909f56bfc062723c751e8b465ee728b) (PreviewImporter) -> (artifact id: '38cb063c618ab27b149b353405e8e03d') in 0.0714628 seconds
Number of updated asset objects reloaded before import = 0Number of asset objects unloaded after import = 10

========================================================================
Received Import Request.
  Time since last request: 0.000127 seconds.
  path: Assets/SimpleNaturePack/Prefabs/Stump_01.prefab
  artifactKey: Guid(eebb56c82efbd8d4bb0eb6bd925a0e9d) Importer(815301076,1909f56bfc062723c751e8b465ee728b)
Start importing Assets/SimpleNaturePack/Prefabs/Stump_01.prefab using Guid(eebb56c82efbd8d4bb0eb6bd925a0e9d) Importer(815301076,1909f56bfc062723c751e8b465ee728b) (PreviewImporter) -> (artifact id: '9d917dfcf0a477b05d2af8047fafbdb8') in 0.0830962 seconds
Number of updated asset objects reloaded before import = 0Number of asset objects unloaded after import = 18

========================================================================
Received Import Request.
  Time since last request: 0.000339 seconds.
  path: Assets/SimpleNaturePack/Prefabs/Tree_05.prefab
  artifactKey: Guid(60f79905accf3b24fa0114b941f1aac0) Importer(815301076,1909f56bfc062723c751e8b465ee728b)
Start importing Assets/SimpleNaturePack/Prefabs/Tree_05.prefab using Guid(60f79905accf3b24fa0114b941f1aac0) Importer(815301076,1909f56bfc062723c751e8b465ee728b) (PreviewImporter) -> (artifact id: '823b09e12f788c79d9f92fc81fdd6858') in 0.0854082 seconds
Number of updated asset objects reloaded before import = 0Number of asset objects unloaded after import = 18

========================================================================
Received Import Request.
  Time since last request: 0.000120 seconds.
  path: Assets/SimpleNaturePack/Prefabs/Flowers_02.prefab
  artifactKey: Guid(299e7a1cb6456cf4fa6079cf5978df9b) Importer(815301076,1909f56bfc062723c751e8b465ee728b)
Start importing Assets/SimpleNaturePack/Prefabs/Flowers_02.prefab using Guid(299e7a1cb6456cf4fa6079cf5978df9b) Importer(815301076,1909f56bfc062723c751e8b465ee728b) (PreviewImporter) -> (artifact id: '3850ac0d5d960e1762bb7f415d074249') in 0.0740419 seconds
Number of updated asset objects reloaded before import = 0Number of asset objects unloaded after import = 18

========================================================================
Received Import Request.
  Time since last request: 2.926570 seconds.
  path: Assets/SimpleNaturePack/Scenes
  artifactKey: Guid(cf7d20afeed25e648acff9bab9734317) Importer(815301076,1909f56bfc062723c751e8b465ee728b)
Start importing Assets/SimpleNaturePack/Scenes using Guid(cf7d20afeed25e648acff9bab9734317) Importer(815301076,1909f56bfc062723c751e8b465ee728b) (PreviewImporter) -> (artifact id: '859ccedb5024ad0d92393488187f2516') in 0.0017209 seconds
Number of updated asset objects reloaded before import = 0Number of asset objects unloaded after import = 0

========================================================================
Received Import Request.
  Time since last request: 22.433531 seconds.
  path: Assets/SimpleNaturePack/Materials
  artifactKey: Guid(3f25702c5c7afec41b85b074bf76e4a4) Importer(815301076,1909f56bfc062723c751e8b465ee728b)
Start importing Assets/SimpleNaturePack/Materials using Guid(3f25702c5c7afec41b85b074bf76e4a4) Importer(815301076,1909f56bfc062723c751e8b465ee728b) (PreviewImporter) -> (artifact id: 'a108adfa82200269ea565cd31f06c76d') in 0.0007189 seconds
Number of updated asset objects reloaded before import = 0Number of asset objects unloaded after import = 0

========================================================================
Received Import Request.
  Time since last request: 0.000036 seconds.
  path: Assets/SimpleNaturePack/Materials/SimpleNaturePack_BG.mat
  artifactKey: Guid(886ecf0ee44718246aa083d8aad49b79) Importer(815301076,1909f56bfc062723c751e8b465ee728b)
Start importing Assets/SimpleNaturePack/Materials/SimpleNaturePack_BG.mat using Guid(886ecf0ee44718246aa083d8aad49b79) Importer(815301076,1909f56bfc062723c751e8b465ee728b) (PreviewImporter) -> (artifact id: 'c4bf003b056d299a65cba07fc12075d6') in 0.0788297 seconds
Number of updated asset objects reloaded before import = 0Number of asset objects unloaded after import = 1

========================================================================
Received Prepare
Begin MonoManager ReloadAssembly
- Loaded All Assemblies, in  2.142 seconds
Refreshing native plugins compatible for Editor in 1.89 ms, found 3 plugins.
Native extension for iOS target not found
Native extension for Android target not found
Native extension for WindowsStandalone target not found
Mono: successfully reloaded assembly
- Finished resetting the current domain, in  3.229 seconds
Domain Reload Profiling: 5370ms
	BeginReloadAssembly (575ms)
		ExecutionOrderSort (0ms)
		DisableScriptedObjects (46ms)
		BackupInstance (0ms)
		ReleaseScriptingObjects (0ms)
		CreateAndSetChildDomain (141ms)
	RebuildCommonClasses (102ms)
	RebuildNativeTypeToScriptingClass (36ms)
	initialDomainReloadingComplete (78ms)
	LoadAllAssembliesAndSetupDomain (1348ms)
		LoadAssemblies (1117ms)
		RebuildTransferFunctionScriptingTraits (0ms)
		AnalyzeDomain (534ms)
			TypeCache.Refresh (19ms)
				TypeCache.ScanAssembly (0ms)
			BuildScriptInfoCaches (472ms)
			ResolveRequiredComponents (30ms)
	FinalizeReload (3232ms)
		ReleaseScriptCaches (0ms)
		RebuildScriptCaches (0ms)
		SetupLoadedEditorAssemblies (2513ms)
			LogAssemblyErrors (0ms)
			InitializePlatformSupportModulesInManaged (48ms)
			SetLoadedEditorAssemblies (16ms)
			BeforeProcessingInitializeOnLoad (363ms)
			ProcessInitializeOnLoadAttributes (1635ms)
			ProcessInitializeOnLoadMethodAttributes (407ms)
			AfterProcessingInitializeOnLoad (42ms)
			EditorAssembliesLoaded (2ms)
		ExecutionOrderSort2 (0ms)
		AwakeInstancesAfterBackupRestoration (140ms)
Refreshing native plugins compatible for Editor in 8.74 ms, found 3 plugins.
Preloading 0 native plugins for Editor in 0.00 ms.
Unloading 35 Unused Serialized files (Serialized files now loaded: 0)
Unloading 5970 unused Assets / (7.1 MB). Loaded Objects now: 6727.
Memory consumption went from 158.5 MB to 151.4 MB.
Total: 35.365700 ms (FindLiveObjects: 3.092200 ms CreateObjectMapping: 1.066100 ms MarkObjects: 17.636100 ms  DeleteObjects: 13.565600 ms)

Prepare: number of updated asset objects reloaded= 0
========================================================================
Received Import Request.
  Time since last request: 332.733720 seconds.
  path: Assets
  artifactKey: Guid(00000000000000001000000000000000) Importer(815301076,1909f56bfc062723c751e8b465ee728b)
Start importing Assets using Guid(00000000000000001000000000000000) Importer(815301076,1909f56bfc062723c751e8b465ee728b) (PreviewImporter) -> (artifact id: 'c391582d739b6e62a5220f35cbb167ac') in 0.0075789 seconds
Number of updated asset objects reloaded before import = 0Number of asset objects unloaded after import = 0

========================================================================
Received Prepare
Refreshing native plugins compatible for Editor in 1.16 ms, found 3 plugins.
Preloading 0 native plugins for Editor in 0.00 ms.
Unloading 34 Unused Serialized files (Serialized files now loaded: 0)
Unloading 5964 unused Assets / (5.7 MB). Loaded Objects now: 6728.
Memory consumption went from 158.5 MB to 152.8 MB.
Total: 12.775400 ms (FindLiveObjects: 0.601000 ms CreateObjectMapping: 0.426800 ms MarkObjects: 8.228000 ms  DeleteObjects: 3.517200 ms)

Prepare: number of updated asset objects reloaded= 0
========================================================================
Received Import Request.
  Time since last request: 219.682207 seconds.
  path: Assets/MouseLook.cs
  artifactKey: Guid(db1eb80d23081514a838390e14212565) Importer(815301076,1909f56bfc062723c751e8b465ee728b)
Start importing Assets/MouseLook.cs using Guid(db1eb80d23081514a838390e14212565) Importer(815301076,1909f56bfc062723c751e8b465ee728b) (PreviewImporter) -> (artifact id: '38374aded4b8dd4b71d60fd24d792f1d') in 0.0031044 seconds
Number of updated asset objects reloaded before import = 0Number of asset objects unloaded after import = 0

========================================================================
Received Prepare
Begin MonoManager ReloadAssembly
- Loaded All Assemblies, in  7.368 seconds
Refreshing native plugins compatible for Editor in 11.67 ms, found 3 plugins.
Native extension for iOS target not found
Native extension for Android target not found
Native extension for WindowsStandalone target not found
Mono: successfully reloaded assembly
- Finished resetting the current domain, in  2.754 seconds
Domain Reload Profiling: 10105ms
	BeginReloadAssembly (1746ms)
		ExecutionOrderSort (0ms)
		DisableScriptedObjects (67ms)
		BackupInstance (0ms)
		ReleaseScriptingObjects (1ms)
		CreateAndSetChildDomain (240ms)
	RebuildCommonClasses (230ms)
	RebuildNativeTypeToScriptingClass (90ms)
	initialDomainReloadingComplete (190ms)
	LoadAllAssembliesAndSetupDomain (5093ms)
		LoadAssemblies (3950ms)
		RebuildTransferFunctionScriptingTraits (0ms)
		AnalyzeDomain (2272ms)
			TypeCache.Refresh (1212ms)
				TypeCache.ScanAssembly (1ms)
			BuildScriptInfoCaches (999ms)
			ResolveRequiredComponents (48ms)
	FinalizeReload (2756ms)
		ReleaseScriptCaches (0ms)
		RebuildScriptCaches (0ms)
		SetupLoadedEditorAssemblies (1710ms)
			LogAssemblyErrors (0ms)
			InitializePlatformSupportModulesInManaged (45ms)
			SetLoadedEditorAssemblies (19ms)
			BeforeProcessingInitializeOnLoad (372ms)
			ProcessInitializeOnLoadAttributes (1077ms)
			ProcessInitializeOnLoadMethodAttributes (184ms)
			AfterProcessingInitializeOnLoad (12ms)
			EditorAssembliesLoaded (1ms)
		ExecutionOrderSort2 (0ms)
		AwakeInstancesAfterBackupRestoration (95ms)
Refreshing native plugins compatible for Editor in 2.63 ms, found 3 plugins.
Preloading 0 native plugins for Editor in 0.00 ms.
Unloading 35 Unused Serialized files (Serialized files now loaded: 0)
Unloading 5971 unused Assets / (6.0 MB). Loaded Objects now: 6730.
Memory consumption went from 158.5 MB to 152.4 MB.
Total: 21.087100 ms (FindLiveObjects: 1.158400 ms CreateObjectMapping: 0.728900 ms MarkObjects: 11.147800 ms  DeleteObjects: 8.047400 ms)

Prepare: number of updated asset objects reloaded= 0
========================================================================
Received Prepare
Begin MonoManager ReloadAssembly
- Loaded All Assemblies, in  2.098 seconds
Refreshing native plugins compatible for Editor in 1.89 ms, found 3 plugins.
Native extension for iOS target not found
Native extension for Android target not found
Native extension for WindowsStandalone target not found
Mono: successfully reloaded assembly
- Finished resetting the current domain, in  3.037 seconds
Domain Reload Profiling: 5134ms
	BeginReloadAssembly (535ms)
		ExecutionOrderSort (0ms)
		DisableScriptedObjects (26ms)
		BackupInstance (0ms)
		ReleaseScriptingObjects (0ms)
		CreateAndSetChildDomain (117ms)
	RebuildCommonClasses (86ms)
	RebuildNativeTypeToScriptingClass (31ms)
	initialDomainReloadingComplete (71ms)
	LoadAllAssembliesAndSetupDomain (1372ms)
		LoadAssemblies (1059ms)
		RebuildTransferFunctionScriptingTraits (0ms)
		AnalyzeDomain (617ms)
			TypeCache.Refresh (21ms)
				TypeCache.ScanAssembly (1ms)
			BuildScriptInfoCaches (565ms)
			ResolveRequiredComponents (22ms)
	FinalizeReload (3038ms)
		ReleaseScriptCaches (0ms)
		RebuildScriptCaches (0ms)
		SetupLoadedEditorAssemblies (2402ms)
			LogAssemblyErrors (0ms)
			InitializePlatformSupportModulesInManaged (49ms)
			SetLoadedEditorAssemblies (22ms)
			BeforeProcessingInitializeOnLoad (443ms)
			ProcessInitializeOnLoadAttributes (1582ms)
			ProcessInitializeOnLoadMethodAttributes (293ms)
			AfterProcessingInitializeOnLoad (12ms)
			EditorAssembliesLoaded (1ms)
		ExecutionOrderSort2 (0ms)
		AwakeInstancesAfterBackupRestoration (54ms)
Refreshing native plugins compatible for Editor in 2.13 ms, found 3 plugins.
Preloading 0 native plugins for Editor in 0.00 ms.
Unloading 35 Unused Serialized files (Serialized files now loaded: 0)
Unloading 5971 unused Assets / (6.2 MB). Loaded Objects now: 6732.
Memory consumption went from 158.5 MB to 152.3 MB.
Total: 16.566500 ms (FindLiveObjects: 1.040400 ms CreateObjectMapping: 0.628900 ms MarkObjects: 9.113200 ms  DeleteObjects: 5.781800 ms)

Prepare: number of updated asset objects reloaded= 0
========================================================================
Received Import Request.
  Time since last request: 77.961549 seconds.
  path: Assets/MouseLook.cs
  artifactKey: Guid(db1eb80d23081514a838390e14212565) Importer(815301076,1909f56bfc062723c751e8b465ee728b)
Start importing Assets/MouseLook.cs using Guid(db1eb80d23081514a838390e14212565) Importer(815301076,1909f56bfc062723c751e8b465ee728b) (PreviewImporter) -> (artifact id: '7ad64a179d390fee28937fc14e82a12e') in 0.010402 seconds
Number of updated asset objects reloaded before import = 0Number of asset objects unloaded after import = 0

========================================================================
Received Prepare
Begin MonoManager ReloadAssembly
- Loaded All Assemblies, in  3.452 seconds
Refreshing native plugins compatible for Editor in 2.55 ms, found 3 plugins.
Native extension for iOS target not found
Native extension for Android target not found
Native extension for WindowsStandalone target not found
Mono: successfully reloaded assembly
- Finished resetting the current domain, in  7.401 seconds
Domain Reload Profiling: 10853ms
	BeginReloadAssembly (1130ms)
		ExecutionOrderSort (0ms)
		DisableScriptedObjects (37ms)
		BackupInstance (0ms)
		ReleaseScriptingObjects (1ms)
		CreateAndSetChildDomain (256ms)
	RebuildCommonClasses (158ms)
	RebuildNativeTypeToScriptingClass (50ms)
	initialDomainReloadingComplete (106ms)
	LoadAllAssembliesAndSetupDomain (2008ms)
		LoadAssemblies (1683ms)
		RebuildTransferFunctionScriptingTraits (0ms)
		AnalyzeDomain (957ms)
			TypeCache.Refresh (25ms)
				TypeCache.ScanAssembly (0ms)
			BuildScriptInfoCaches (860ms)
			ResolveRequiredComponents (54ms)
	FinalizeReload (7402ms)
		ReleaseScriptCaches (0ms)
		RebuildScriptCaches (0ms)
		SetupLoadedEditorAssemblies (6342ms)
			LogAssemblyErrors (0ms)
			InitializePlatformSupportModulesInManaged (115ms)
			SetLoadedEditorAssemblies (62ms)
			BeforeProcessingInitializeOnLoad (1328ms)
			ProcessInitializeOnLoadAttributes (3921ms)
			ProcessInitializeOnLoadMethodAttributes (881ms)
			AfterProcessingInitializeOnLoad (33ms)
			EditorAssembliesLoaded (2ms)
		ExecutionOrderSort2 (0ms)
		AwakeInstancesAfterBackupRestoration (76ms)
Refreshing native plugins compatible for Editor in 6.33 ms, found 3 plugins.
Preloading 0 native plugins for Editor in 0.00 ms.
Unloading 35 Unused Serialized files (Serialized files now loaded: 0)
Unloading 5971 unused Assets / (7.5 MB). Loaded Objects now: 6734.
Memory consumption went from 158.5 MB to 151.0 MB.
Total: 54.555200 ms (FindLiveObjects: 2.316100 ms CreateObjectMapping: 2.202800 ms MarkObjects: 23.801600 ms  DeleteObjects: 26.228400 ms)

Prepare: number of updated asset objects reloaded= 0
========================================================================
Received Prepare
Begin MonoManager ReloadAssembly
- Loaded All Assemblies, in  2.011 seconds
Refreshing native plugins compatible for Editor in 2.03 ms, found 3 plugins.
Native extension for iOS target not found
Native extension for Android target not found
Native extension for WindowsStandalone target not found
Mono: successfully reloaded assembly
- Finished resetting the current domain, in  2.837 seconds
Domain Reload Profiling: 4854ms
	BeginReloadAssembly (455ms)
		ExecutionOrderSort (0ms)
		DisableScriptedObjects (17ms)
		BackupInstance (0ms)
		ReleaseScriptingObjects (0ms)
		CreateAndSetChildDomain (100ms)
	RebuildCommonClasses (124ms)
	RebuildNativeTypeToScriptingClass (36ms)
	initialDomainReloadingComplete (80ms)
	LoadAllAssembliesAndSetupDomain (1321ms)
		LoadAssemblies (955ms)
		RebuildTransferFunctionScriptingTraits (0ms)
		AnalyzeDomain (606ms)
			TypeCache.Refresh (18ms)
				TypeCache.ScanAssembly (0ms)
			BuildScriptInfoCaches (540ms)
			ResolveRequiredComponents (31ms)
	FinalizeReload (2838ms)
		ReleaseScriptCaches (0ms)
		RebuildScriptCaches (0ms)
		SetupLoadedEditorAssemblies (2225ms)
			LogAssemblyErrors (0ms)
			InitializePlatformSupportModulesInManaged (56ms)
			SetLoadedEditorAssemblies (17ms)
			BeforeProcessingInitializeOnLoad (428ms)
			ProcessInitializeOnLoadAttributes (1458ms)
			ProcessInitializeOnLoadMethodAttributes (250ms)
			AfterProcessingInitializeOnLoad (14ms)
			EditorAssembliesLoaded (1ms)
		ExecutionOrderSort2 (0ms)
		AwakeInstancesAfterBackupRestoration (73ms)
Refreshing native plugins compatible for Editor in 4.60 ms, found 3 plugins.
Preloading 0 native plugins for Editor in 0.00 ms.
Unloading 35 Unused Serialized files (Serialized files now loaded: 0)
Unloading 5971 unused Assets / (7.2 MB). Loaded Objects now: 6736.
Memory consumption went from 158.5 MB to 151.3 MB.
Total: 29.560000 ms (FindLiveObjects: 1.214300 ms CreateObjectMapping: 0.879400 ms MarkObjects: 14.287300 ms  DeleteObjects: 13.175300 ms)

Prepare: number of updated asset objects reloaded= 0
========================================================================
Received Prepare
Begin MonoManager ReloadAssembly
- Loaded All Assemblies, in 17.272 seconds
Refreshing native plugins compatible for Editor in 6.67 ms, found 3 plugins.
Native extension for iOS target not found
Native extension for Android target not found
Native extension for WindowsStandalone target not found
Mono: successfully reloaded assembly
- Finished resetting the current domain, in  7.443 seconds
Domain Reload Profiling: 24717ms
	BeginReloadAssembly (1628ms)
		ExecutionOrderSort (0ms)
		DisableScriptedObjects (21ms)
		BackupInstance (0ms)
		ReleaseScriptingObjects (0ms)
		CreateAndSetChildDomain (123ms)
	RebuildCommonClasses (623ms)
	RebuildNativeTypeToScriptingClass (36ms)
	initialDomainReloadingComplete (105ms)
	LoadAllAssembliesAndSetupDomain (14880ms)
		LoadAssemblies (14948ms)
		RebuildTransferFunctionScriptingTraits (0ms)
		AnalyzeDomain (1314ms)
			TypeCache.Refresh (24ms)
				TypeCache.ScanAssembly (0ms)
			BuildScriptInfoCaches (1199ms)
			ResolveRequiredComponents (65ms)
	FinalizeReload (7445ms)
		ReleaseScriptCaches (0ms)
		RebuildScriptCaches (0ms)
		SetupLoadedEditorAssemblies (5223ms)
			LogAssemblyErrors (0ms)
			InitializePlatformSupportModulesInManaged (73ms)
			SetLoadedEditorAssemblies (21ms)
			BeforeProcessingInitializeOnLoad (1623ms)
			ProcessInitializeOnLoadAttributes (3094ms)
			ProcessInitializeOnLoadMethodAttributes (373ms)
			AfterProcessingInitializeOnLoad (37ms)
			EditorAssembliesLoaded (2ms)
		ExecutionOrderSort2 (0ms)
		AwakeInstancesAfterBackupRestoration (118ms)
Refreshing native plugins compatible for Editor in 6.87 ms, found 3 plugins.
Preloading 0 native plugins for Editor in 0.00 ms.
Unloading 35 Unused Serialized files (Serialized files now loaded: 0)
Unloading 5971 unused Assets / (7.1 MB). Loaded Objects now: 6738.
Memory consumption went from 158.5 MB to 151.4 MB.
Total: 39.907400 ms (FindLiveObjects: 2.054600 ms CreateObjectMapping: 2.264700 ms MarkObjects: 18.833900 ms  DeleteObjects: 16.749200 ms)

Prepare: number of updated asset objects reloaded= 0
========================================================================
Received Prepare
Begin MonoManager ReloadAssembly
- Loaded All Assemblies, in  1.752 seconds
Refreshing native plugins compatible for Editor in 3.16 ms, found 3 plugins.
Native extension for iOS target not found
Native extension for Android target not found
Native extension for WindowsStandalone target not found
Mono: successfully reloaded assembly
- Finished resetting the current domain, in  2.263 seconds
Domain Reload Profiling: 4019ms
	BeginReloadAssembly (429ms)
		ExecutionOrderSort (0ms)
		DisableScriptedObjects (16ms)
		BackupInstance (0ms)
		ReleaseScriptingObjects (0ms)
		CreateAndSetChildDomain (80ms)
	RebuildCommonClasses (106ms)
	RebuildNativeTypeToScriptingClass (34ms)
	initialDomainReloadingComplete (70ms)
	LoadAllAssembliesAndSetupDomain (1115ms)
		LoadAssemblies (927ms)
		RebuildTransferFunctionScriptingTraits (0ms)
		AnalyzeDomain (433ms)
			TypeCache.Refresh (16ms)
				TypeCache.ScanAssembly (0ms)
			BuildScriptInfoCaches (369ms)
			ResolveRequiredComponents (33ms)
	FinalizeReload (2265ms)
		ReleaseScriptCaches (0ms)
		RebuildScriptCaches (0ms)
		SetupLoadedEditorAssemblies (1765ms)
			LogAssemblyErrors (0ms)
			InitializePlatformSupportModulesInManaged (42ms)
			SetLoadedEditorAssemblies (13ms)
			BeforeProcessingInitializeOnLoad (349ms)
			ProcessInitializeOnLoadAttributes (1139ms)
			ProcessInitializeOnLoadMethodAttributes (206ms)
			AfterProcessingInitializeOnLoad (15ms)
			EditorAssembliesLoaded (1ms)
		ExecutionOrderSort2 (0ms)
		AwakeInstancesAfterBackupRestoration (63ms)
Refreshing native plugins compatible for Editor in 2.87 ms, found 3 plugins.
Preloading 0 native plugins for Editor in 0.00 ms.
Unloading 35 Unused Serialized files (Serialized files now loaded: 0)
Unloading 5971 unused Assets / (6.0 MB). Loaded Objects now: 6740.
Memory consumption went from 158.5 MB to 152.5 MB.
Total: 20.973700 ms (FindLiveObjects: 0.987700 ms CreateObjectMapping: 0.886500 ms MarkObjects: 13.274700 ms  DeleteObjects: 5.821400 ms)

Prepare: number of updated asset objects reloaded= 0
========================================================================
Received Prepare
Begin MonoManager ReloadAssembly
- Loaded All Assemblies, in  1.767 seconds
Refreshing native plugins compatible for Editor in 3.09 ms, found 3 plugins.
Native extension for iOS target not found
Native extension for Android target not found
Native extension for WindowsStandalone target not found
Mono: successfully reloaded assembly
- Finished resetting the current domain, in  2.838 seconds
Domain Reload Profiling: 4605ms
	BeginReloadAssembly (437ms)
		ExecutionOrderSort (0ms)
		DisableScriptedObjects (15ms)
		BackupInstance (0ms)
		ReleaseScriptingObjects (0ms)
		CreateAndSetChildDomain (96ms)
	RebuildCommonClasses (100ms)
	RebuildNativeTypeToScriptingClass (34ms)
	initialDomainReloadingComplete (79ms)
	LoadAllAssembliesAndSetupDomain (1115ms)
		LoadAssemblies (892ms)
		RebuildTransferFunctionScriptingTraits (0ms)
		AnalyzeDomain (468ms)
			TypeCache.Refresh (15ms)
				TypeCache.ScanAssembly (0ms)
			BuildScriptInfoCaches (414ms)
			ResolveRequiredComponents (27ms)
	FinalizeReload (2840ms)
		ReleaseScriptCaches (0ms)
		RebuildScriptCaches (0ms)
		SetupLoadedEditorAssemblies (2275ms)
			LogAssemblyErrors (0ms)
			InitializePlatformSupportModulesInManaged (51ms)
			SetLoadedEditorAssemblies (14ms)
			BeforeProcessingInitializeOnLoad (444ms)
			ProcessInitializeOnLoadAttributes (1483ms)
			ProcessInitializeOnLoadMethodAttributes (266ms)
			AfterProcessingInitializeOnLoad (17ms)
			EditorAssembliesLoaded (1ms)
		ExecutionOrderSort2 (0ms)
		AwakeInstancesAfterBackupRestoration (78ms)
Refreshing native plugins compatible for Editor in 6.04 ms, found 3 plugins.
Preloading 0 native plugins for Editor in 0.00 ms.
Unloading 35 Unused Serialized files (Serialized files now loaded: 0)
Unloading 5971 unused Assets / (5.3 MB). Loaded Objects now: 6742.
Memory consumption went from 158.5 MB to 153.2 MB.
Total: 36.172000 ms (FindLiveObjects: 1.766300 ms CreateObjectMapping: 3.339400 ms MarkObjects: 21.014500 ms  DeleteObjects: 10.047200 ms)

Prepare: number of updated asset objects reloaded= 0
========================================================================
Received Prepare
Begin MonoManager ReloadAssembly
- Loaded All Assemblies, in  3.089 seconds
Refreshing native plugins compatible for Editor in 9.40 ms, found 3 plugins.
Native extension for iOS target not found
Native extension for Android target not found
Native extension for WindowsStandalone target not found
Mono: successfully reloaded assembly
- Finished resetting the current domain, in  3.821 seconds
Domain Reload Profiling: 6902ms
	BeginReloadAssembly (643ms)
		ExecutionOrderSort (0ms)
		DisableScriptedObjects (18ms)
		BackupInstance (0ms)
		ReleaseScriptingObjects (0ms)
		CreateAndSetChildDomain (110ms)
	RebuildCommonClasses (174ms)
	RebuildNativeTypeToScriptingClass (49ms)
	initialDomainReloadingComplete (134ms)
	LoadAllAssembliesAndSetupDomain (2079ms)
		LoadAssemblies (1678ms)
		RebuildTransferFunctionScriptingTraits (0ms)
		AnalyzeDomain (803ms)
			TypeCache.Refresh (21ms)
				TypeCache.ScanAssembly (0ms)
			BuildScriptInfoCaches (715ms)
			ResolveRequiredComponents (49ms)
	FinalizeReload (3823ms)
		ReleaseScriptCaches (0ms)
		RebuildScriptCaches (0ms)
		SetupLoadedEditorAssemblies (2860ms)
			LogAssemblyErrors (0ms)
			InitializePlatformSupportModulesInManaged (99ms)
			SetLoadedEditorAssemblies (26ms)
			BeforeProcessingInitializeOnLoad (626ms)
			ProcessInitializeOnLoadAttributes (1821ms)
			ProcessInitializeOnLoadMethodAttributes (270ms)
			AfterProcessingInitializeOnLoad (17ms)
			EditorAssembliesLoaded (1ms)
		ExecutionOrderSort2 (0ms)
		AwakeInstancesAfterBackupRestoration (102ms)
Refreshing native plugins compatible for Editor in 8.26 ms, found 3 plugins.
Preloading 0 native plugins for Editor in 0.00 ms.
Unloading 35 Unused Serialized files (Serialized files now loaded: 0)
Unloading 5971 unused Assets / (5.9 MB). Loaded Objects now: 6744.
Memory consumption went from 158.5 MB to 152.6 MB.
Total: 38.587300 ms (FindLiveObjects: 2.205500 ms CreateObjectMapping: 1.002300 ms MarkObjects: 23.883700 ms  DeleteObjects: 11.490400 ms)

Prepare: number of updated asset objects reloaded= 0
========================================================================
Received Prepare
Refreshing native plugins compatible for Editor in 7.69 ms, found 3 plugins.
Preloading 0 native plugins for Editor in 0.00 ms.
Unloading 34 Unused Serialized files (Serialized files now loaded: 0)
Unloading 5964 unused Assets / (7.1 MB). Loaded Objects now: 6744.
Memory consumption went from 158.5 MB to 151.4 MB.
Total: 49.333200 ms (FindLiveObjects: 1.571800 ms CreateObjectMapping: 1.900600 ms MarkObjects: 27.557100 ms  DeleteObjects: 18.299300 ms)

Prepare: number of updated asset objects reloaded= 0
========================================================================
Received Prepare
Refreshing native plugins compatible for Editor in 1.32 ms, found 3 plugins.
Preloading 0 native plugins for Editor in 0.00 ms.
Unloading 34 Unused Serialized files (Serialized files now loaded: 0)
Unloading 5965 unused Assets / (5.1 MB). Loaded Objects now: 6745.
Memory consumption went from 158.5 MB to 153.4 MB.
Total: 14.212300 ms (FindLiveObjects: 0.715800 ms CreateObjectMapping: 0.431900 ms MarkObjects: 9.202800 ms  DeleteObjects: 3.858800 ms)

Prepare: number of updated asset objects reloaded= 0
========================================================================
Received Import Request.
  Time since last request: 1622.050475 seconds.
  path: Assets/Player.cs
  artifactKey: Guid(cd7cd5734cf31ce45b7febce4b5114c6) Importer(815301076,1909f56bfc062723c751e8b465ee728b)
Start importing Assets/Player.cs using Guid(cd7cd5734cf31ce45b7febce4b5114c6) Importer(815301076,1909f56bfc062723c751e8b465ee728b) (PreviewImporter) -> (artifact id: '3aedd171716275200f04dfa1bde86da5') in 0.0580676 seconds
Number of updated asset objects reloaded before import = 0Number of asset objects unloaded after import = 0

========================================================================
Received Prepare
Begin MonoManager ReloadAssembly
- Loaded All Assemblies, in  2.662 seconds
Refreshing native plugins compatible for Editor in 5.89 ms, found 3 plugins.
Native extension for iOS target not found
Native extension for Android target not found
Native extension for WindowsStandalone target not found
Mono: successfully reloaded assembly
- Finished resetting the current domain, in  4.523 seconds
Domain Reload Profiling: 7184ms
	BeginReloadAssembly (514ms)
		ExecutionOrderSort (0ms)
		DisableScriptedObjects (20ms)
		BackupInstance (0ms)
		ReleaseScriptingObjects (0ms)
		CreateAndSetChildDomain (113ms)
	RebuildCommonClasses (108ms)
	RebuildNativeTypeToScriptingClass (46ms)
	initialDomainReloadingComplete (118ms)
	LoadAllAssembliesAndSetupDomain (1872ms)
		LoadAssemblies (1322ms)
		RebuildTransferFunctionScriptingTraits (0ms)
		AnalyzeDomain (842ms)
			TypeCache.Refresh (60ms)
				TypeCache.ScanAssembly (1ms)
			BuildScriptInfoCaches (738ms)
			ResolveRequiredComponents (32ms)
	FinalizeReload (4526ms)
		ReleaseScriptCaches (0ms)
		RebuildScriptCaches (0ms)
		SetupLoadedEditorAssemblies (3455ms)
			LogAssemblyErrors (0ms)
			InitializePlatformSupportModulesInManaged (113ms)
			SetLoadedEditorAssemblies (27ms)
			BeforeProcessingInitializeOnLoad (653ms)
			ProcessInitializeOnLoadAttributes (2207ms)
			ProcessInitializeOnLoadMethodAttributes (417ms)
			AfterProcessingInitializeOnLoad (37ms)
			EditorAssembliesLoaded (1ms)
		ExecutionOrderSort2 (0ms)
		AwakeInstancesAfterBackupRestoration (129ms)
Refreshing native plugins compatible for Editor in 11.14 ms, found 3 plugins.
Preloading 0 native plugins for Editor in 0.00 ms.
Unloading 35 Unused Serialized files (Serialized files now loaded: 0)
Unloading 5972 unused Assets / (5.7 MB). Loaded Objects now: 6747.
Memory consumption went from 158.5 MB to 152.9 MB.
Total: 50.076000 ms (FindLiveObjects: 1.488100 ms CreateObjectMapping: 2.984100 ms MarkObjects: 27.597300 ms  DeleteObjects: 18.000000 ms)

Prepare: number of updated asset objects reloaded= 0
========================================================================
Received Prepare
Refreshing native plugins compatible for Editor in 4.41 ms, found 3 plugins.
Preloading 0 native plugins for Editor in 0.00 ms.
Unloading 34 Unused Serialized files (Serialized files now loaded: 0)
Unloading 5965 unused Assets / (8.7 MB). Loaded Objects now: 6747.
Memory consumption went from 158.5 MB to 149.8 MB.
Total: 68.265900 ms (FindLiveObjects: 2.363500 ms CreateObjectMapping: 0.901400 ms MarkObjects: 22.980700 ms  DeleteObjects: 42.016400 ms)

Prepare: number of updated asset objects reloaded= 0
========================================================================
Received Prepare
Begin MonoManager ReloadAssembly
- Loaded All Assemblies, in  2.414 seconds
Refreshing native plugins compatible for Editor in 6.66 ms, found 3 plugins.
Native extension for iOS target not found
Native extension for Android target not found
Native extension for WindowsStandalone target not found
Mono: successfully reloaded assembly
- Finished resetting the current domain, in  2.712 seconds
Domain Reload Profiling: 5125ms
	BeginReloadAssembly (553ms)
		ExecutionOrderSort (0ms)
		DisableScriptedObjects (19ms)
		BackupInstance (0ms)
		ReleaseScriptingObjects (0ms)
		CreateAndSetChildDomain (116ms)
	RebuildCommonClasses (138ms)
	RebuildNativeTypeToScriptingClass (40ms)
	initialDomainReloadingComplete (121ms)
	LoadAllAssembliesAndSetupDomain (1560ms)
		LoadAssemblies (1214ms)
		RebuildTransferFunctionScriptingTraits (0ms)
		AnalyzeDomain (662ms)
			TypeCache.Refresh (28ms)
				TypeCache.ScanAssembly (1ms)
			BuildScriptInfoCaches (590ms)
			ResolveRequiredComponents (32ms)
	FinalizeReload (2713ms)
		ReleaseScriptCaches (0ms)
		RebuildScriptCaches (0ms)
		SetupLoadedEditorAssemblies (2020ms)
			LogAssemblyErrors (0ms)
			InitializePlatformSupportModulesInManaged (44ms)
			SetLoadedEditorAssemblies (16ms)
			BeforeProcessingInitializeOnLoad (596ms)
			ProcessInitializeOnLoadAttributes (1186ms)
			ProcessInitializeOnLoadMethodAttributes (165ms)
			AfterProcessingInitializeOnLoad (12ms)
			EditorAssembliesLoaded (1ms)
		ExecutionOrderSort2 (0ms)
		AwakeInstancesAfterBackupRestoration (56ms)
Refreshing native plugins compatible for Editor in 3.50 ms, found 3 plugins.
Preloading 0 native plugins for Editor in 0.00 ms.
Unloading 35 Unused Serialized files (Serialized files now loaded: 0)
Unloading 5972 unused Assets / (5.8 MB). Loaded Objects now: 6749.
Memory consumption went from 158.5 MB to 152.7 MB.
Total: 16.523700 ms (FindLiveObjects: 0.869400 ms CreateObjectMapping: 0.595800 ms MarkObjects: 9.461800 ms  DeleteObjects: 5.593800 ms)

Prepare: number of updated asset objects reloaded= 0
========================================================================
Received Prepare
Begin MonoManager ReloadAssembly
- Loaded All Assemblies, in  5.111 seconds
Refreshing native plugins compatible for Editor in 7.95 ms, found 3 plugins.
Native extension for iOS target not found
Native extension for Android target not found
Native extension for WindowsStandalone target not found
Mono: successfully reloaded assembly
- Finished resetting the current domain, in  6.164 seconds
Domain Reload Profiling: 11255ms
	BeginReloadAssembly (736ms)
		ExecutionOrderSort (0ms)
		DisableScriptedObjects (18ms)
		BackupInstance (0ms)
		ReleaseScriptingObjects (0ms)
		CreateAndSetChildDomain (128ms)
	RebuildCommonClasses (291ms)
	RebuildNativeTypeToScriptingClass (65ms)
	initialDomainReloadingComplete (171ms)
	LoadAllAssembliesAndSetupDomain (3826ms)
		LoadAssemblies (1884ms)
		RebuildTransferFunctionScriptingTraits (0ms)
		AnalyzeDomain (2425ms)
			TypeCache.Refresh (26ms)
				TypeCache.ScanAssembly (0ms)
			BuildScriptInfoCaches (2182ms)
			ResolveRequiredComponents (192ms)
	FinalizeReload (6166ms)
		ReleaseScriptCaches (0ms)
		RebuildScriptCaches (0ms)
		SetupLoadedEditorAssemblies (3408ms)
			LogAssemblyErrors (0ms)
			InitializePlatformSupportModulesInManaged (97ms)
			SetLoadedEditorAssemblies (32ms)
			BeforeProcessingInitializeOnLoad (692ms)
			ProcessInitializeOnLoadAttributes (2205ms)
			ProcessInitializeOnLoadMethodAttributes (351ms)
			AfterProcessingInitializeOnLoad (31ms)
			EditorAssembliesLoaded (1ms)
		ExecutionOrderSort2 (0ms)
		AwakeInstancesAfterBackupRestoration (152ms)
Refreshing native plugins compatible for Editor in 2.96 ms, found 3 plugins.
Preloading 0 native plugins for Editor in 0.00 ms.
Unloading 35 Unused Serialized files (Serialized files now loaded: 0)
Unloading 5972 unused Assets / (6.5 MB). Loaded Objects now: 6751.
Memory consumption went from 158.5 MB to 152.0 MB.
Total: 25.215800 ms (FindLiveObjects: 1.116800 ms CreateObjectMapping: 0.656800 ms MarkObjects: 14.376300 ms  DeleteObjects: 9.060800 ms)

Prepare: number of updated asset objects reloaded= 0
========================================================================
Received Prepare
Begin MonoManager ReloadAssembly
- Loaded All Assemblies, in  2.775 seconds
Refreshing native plugins compatible for Editor in 2.13 ms, found 3 plugins.
Native extension for iOS target not found
Native extension for Android target not found
Native extension for WindowsStandalone target not found
Mono: successfully reloaded assembly
- Finished resetting the current domain, in  3.582 seconds
Domain Reload Profiling: 6342ms
	BeginReloadAssembly (616ms)
		ExecutionOrderSort (0ms)
		DisableScriptedObjects (25ms)
		BackupInstance (0ms)
		ReleaseScriptingObjects (0ms)
		CreateAndSetChildDomain (141ms)
	RebuildCommonClasses (116ms)
	RebuildNativeTypeToScriptingClass (77ms)
	initialDomainReloadingComplete (136ms)
	LoadAllAssembliesAndSetupDomain (1813ms)
		LoadAssemblies (1522ms)
		RebuildTransferFunctionScriptingTraits (0ms)
		AnalyzeDomain (635ms)
			TypeCache.Refresh (20ms)
				TypeCache.ScanAssembly (0ms)
			BuildScriptInfoCaches (571ms)
			ResolveRequiredComponents (32ms)
	FinalizeReload (3584ms)
		ReleaseScriptCaches (0ms)
		RebuildScriptCaches (0ms)
		SetupLoadedEditorAssemblies (2701ms)
			LogAssemblyErrors (0ms)
			InitializePlatformSupportModulesInManaged (76ms)
			SetLoadedEditorAssemblies (36ms)
			BeforeProcessingInitializeOnLoad (516ms)
			ProcessInitializeOnLoadAttributes (1820ms)
			ProcessInitializeOnLoadMethodAttributes (230ms)
			AfterProcessingInitializeOnLoad (22ms)
			EditorAssembliesLoaded (1ms)
		ExecutionOrderSort2 (0ms)
		AwakeInstancesAfterBackupRestoration (106ms)
Refreshing native plugins compatible for Editor in 3.04 ms, found 3 plugins.
Preloading 0 native plugins for Editor in 0.00 ms.
Unloading 35 Unused Serialized files (Serialized files now loaded: 0)
Unloading 5972 unused Assets / (6.2 MB). Loaded Objects now: 6753.
Memory consumption went from 158.5 MB to 152.3 MB.
Total: 22.826400 ms (FindLiveObjects: 1.176300 ms CreateObjectMapping: 0.655400 ms MarkObjects: 13.746300 ms  DeleteObjects: 7.244100 ms)

Prepare: number of updated asset objects reloaded= 0
========================================================================
Received Prepare
Begin MonoManager ReloadAssembly
- Loaded All Assemblies, in  2.136 seconds
Refreshing native plugins compatible for Editor in 1.68 ms, found 3 plugins.
Native extension for iOS target not found
Native extension for Android target not found
Native extension for WindowsStandalone target not found
Mono: successfully reloaded assembly
- Finished resetting the current domain, in  3.744 seconds
Domain Reload Profiling: 5877ms
	BeginReloadAssembly (504ms)
		ExecutionOrderSort (0ms)
		DisableScriptedObjects (16ms)
		BackupInstance (0ms)
		ReleaseScriptingObjects (0ms)
		CreateAndSetChildDomain (92ms)
	RebuildCommonClasses (142ms)
	RebuildNativeTypeToScriptingClass (40ms)
	initialDomainReloadingComplete (89ms)
	LoadAllAssembliesAndSetupDomain (1357ms)
		LoadAssemblies (1138ms)
		RebuildTransferFunctionScriptingTraits (0ms)
		AnalyzeDomain (525ms)
			TypeCache.Refresh (21ms)
				TypeCache.ScanAssembly (0ms)
			BuildScriptInfoCaches (465ms)
			ResolveRequiredComponents (27ms)
	FinalizeReload (3745ms)
		ReleaseScriptCaches (0ms)
		RebuildScriptCaches (0ms)
		SetupLoadedEditorAssemblies (3105ms)
			LogAssemblyErrors (0ms)
			InitializePlatformSupportModulesInManaged (58ms)
			SetLoadedEditorAssemblies (21ms)
			BeforeProcessingInitializeOnLoad (469ms)
			ProcessInitializeOnLoadAttributes (2274ms)
			ProcessInitializeOnLoadMethodAttributes (265ms)
			AfterProcessingInitializeOnLoad (18ms)
			EditorAssembliesLoaded (1ms)
		ExecutionOrderSort2 (0ms)
		AwakeInstancesAfterBackupRestoration (102ms)
Refreshing native plugins compatible for Editor in 3.01 ms, found 3 plugins.
Preloading 0 native plugins for Editor in 0.00 ms.
Unloading 35 Unused Serialized files (Serialized files now loaded: 0)
Unloading 5972 unused Assets / (3.4 MB). Loaded Objects now: 6755.
Memory consumption went from 158.5 MB to 155.1 MB.
Total: 238.098300 ms (FindLiveObjects: 1.223000 ms CreateObjectMapping: 1.257400 ms MarkObjects: 69.205800 ms  DeleteObjects: 166.407800 ms)

Prepare: number of updated asset objects reloaded= 0
========================================================================
Received Prepare
Refreshing native plugins compatible for Editor in 1.08 ms, found 3 plugins.
Preloading 0 native plugins for Editor in 0.00 ms.
Unloading 34 Unused Serialized files (Serialized files now loaded: 0)
Unloading 5966 unused Assets / (6.0 MB). Loaded Objects now: 6756.
Memory consumption went from 158.6 MB to 152.6 MB.
Total: 10.251400 ms (FindLiveObjects: 0.540300 ms CreateObjectMapping: 0.356000 ms MarkObjects: 5.865500 ms  DeleteObjects: 3.488000 ms)

Prepare: number of updated asset objects reloaded= 0
========================================================================
Received Import Request.
  Time since last request: 1738.642458 seconds.
  path: Assets/Spider.cs
  artifactKey: Guid(cda2df36f61f07d4a9db3c2304605840) Importer(815301076,1909f56bfc062723c751e8b465ee728b)
Start importing Assets/Spider.cs using Guid(cda2df36f61f07d4a9db3c2304605840) Importer(815301076,1909f56bfc062723c751e8b465ee728b) (PreviewImporter) -> (artifact id: '4358de59b64630e60c355bf1b0aa0d6b') in 0.0220977 seconds
Number of updated asset objects reloaded before import = 0Number of asset objects unloaded after import = 0

========================================================================
Received Prepare
Begin MonoManager ReloadAssembly
- Loaded All Assemblies, in  1.638 seconds
Refreshing native plugins compatible for Editor in 4.04 ms, found 3 plugins.
Native extension for iOS target not found
Native extension for Android target not found
Native extension for WindowsStandalone target not found
Mono: successfully reloaded assembly
- Finished resetting the current domain, in  1.846 seconds
Domain Reload Profiling: 3485ms
	BeginReloadAssembly (378ms)
		ExecutionOrderSort (0ms)
		DisableScriptedObjects (13ms)
		BackupInstance (0ms)
		ReleaseScriptingObjects (0ms)
		CreateAndSetChildDomain (83ms)
	RebuildCommonClasses (88ms)
	RebuildNativeTypeToScriptingClass (25ms)
	initialDomainReloadingComplete (60ms)
	LoadAllAssembliesAndSetupDomain (1086ms)
		LoadAssemblies (820ms)
		RebuildTransferFunctionScriptingTraits (0ms)
		AnalyzeDomain (471ms)
			TypeCache.Refresh (25ms)
				TypeCache.ScanAssembly (0ms)
			BuildScriptInfoCaches (410ms)
			ResolveRequiredComponents (26ms)
	FinalizeReload (1847ms)
		ReleaseScriptCaches (0ms)
		RebuildScriptCaches (0ms)
		SetupLoadedEditorAssemblies (1354ms)
			LogAssemblyErrors (0ms)
			InitializePlatformSupportModulesInManaged (44ms)
			SetLoadedEditorAssemblies (11ms)
			BeforeProcessingInitializeOnLoad (368ms)
			ProcessInitializeOnLoadAttributes (800ms)
			ProcessInitializeOnLoadMethodAttributes (120ms)
			AfterProcessingInitializeOnLoad (10ms)
			EditorAssembliesLoaded (0ms)
		ExecutionOrderSort2 (0ms)
		AwakeInstancesAfterBackupRestoration (39ms)
Refreshing native plugins compatible for Editor in 1.62 ms, found 3 plugins.
Preloading 0 native plugins for Editor in 0.00 ms.
Unloading 35 Unused Serialized files (Serialized files now loaded: 0)
Unloading 5973 unused Assets / (8.6 MB). Loaded Objects now: 6758.
Memory consumption went from 158.6 MB to 149.9 MB.
Total: 35.592100 ms (FindLiveObjects: 0.732200 ms CreateObjectMapping: 0.892600 ms MarkObjects: 7.475000 ms  DeleteObjects: 26.490000 ms)

Prepare: number of updated asset objects reloaded= 0
========================================================================
Received Prepare
Refreshing native plugins compatible for Editor in 0.67 ms, found 3 plugins.
Preloading 0 native plugins for Editor in 0.00 ms.
Unloading 34 Unused Serialized files (Serialized files now loaded: 0)
Unloading 5967 unused Assets / (8.5 MB). Loaded Objects now: 6759.
Memory consumption went from 158.6 MB to 150.1 MB.
Total: 10.839200 ms (FindLiveObjects: 0.415000 ms CreateObjectMapping: 0.286300 ms MarkObjects: 3.490800 ms  DeleteObjects: 6.646000 ms)

Prepare: number of updated asset objects reloaded= 0
========================================================================
Received Import Request.
  Time since last request: 31.884114 seconds.
  path: Assets/Human.cs
  artifactKey: Guid(27e582c558858ac46be85c77e8214b9f) Importer(815301076,1909f56bfc062723c751e8b465ee728b)
Start importing Assets/Human.cs using Guid(27e582c558858ac46be85c77e8214b9f) Importer(815301076,1909f56bfc062723c751e8b465ee728b) (PreviewImporter) -> (artifact id: 'd4eb1cf77ae60d96eee431d6dd4880cc') in 0.0029653 seconds
Number of updated asset objects reloaded before import = 0Number of asset objects unloaded after import = 0

========================================================================
Received Prepare
Begin MonoManager ReloadAssembly
- Loaded All Assemblies, in  1.400 seconds
Refreshing native plugins compatible for Editor in 1.72 ms, found 3 plugins.
Native extension for iOS target not found
Native extension for Android target not found
Native extension for WindowsStandalone target not found
Mono: successfully reloaded assembly
- Finished resetting the current domain, in  1.658 seconds
Domain Reload Profiling: 3058ms
	BeginReloadAssembly (343ms)
		ExecutionOrderSort (0ms)
		DisableScriptedObjects (12ms)
		BackupInstance (0ms)
		ReleaseScriptingObjects (0ms)
		CreateAndSetChildDomain (67ms)
	RebuildCommonClasses (77ms)
	RebuildNativeTypeToScriptingClass (31ms)
	initialDomainReloadingComplete (57ms)
	LoadAllAssembliesAndSetupDomain (893ms)
		LoadAssemblies (679ms)
		RebuildTransferFunctionScriptingTraits (0ms)
		AnalyzeDomain (408ms)
			TypeCache.Refresh (18ms)
				TypeCache.ScanAssembly (0ms)
			BuildScriptInfoCaches (357ms)
			ResolveRequiredComponents (21ms)
	FinalizeReload (1659ms)
		ReleaseScriptCaches (0ms)
		RebuildScriptCaches (0ms)
		SetupLoadedEditorAssemblies (1212ms)
			LogAssemblyErrors (0ms)
			InitializePlatformSupportModulesInManaged (37ms)
			SetLoadedEditorAssemblies (10ms)
			BeforeProcessingInitializeOnLoad (226ms)
			ProcessInitializeOnLoadAttributes (768ms)
			ProcessInitializeOnLoadMethodAttributes (162ms)
			AfterProcessingInitializeOnLoad (8ms)
			EditorAssembliesLoaded (0ms)
		ExecutionOrderSort2 (0ms)
		AwakeInstancesAfterBackupRestoration (46ms)
Refreshing native plugins compatible for Editor in 1.62 ms, found 3 plugins.
Preloading 0 native plugins for Editor in 0.00 ms.
Unloading 35 Unused Serialized files (Serialized files now loaded: 0)
Unloading 5974 unused Assets / (8.0 MB). Loaded Objects now: 6761.
Memory consumption went from 158.6 MB to 150.5 MB.
Total: 18.206700 ms (FindLiveObjects: 0.798300 ms CreateObjectMapping: 0.502700 ms MarkObjects: 9.277600 ms  DeleteObjects: 7.625700 ms)

Prepare: number of updated asset objects reloaded= 0
========================================================================
Received Import Request.
  Time since last request: 49.855608 seconds.
  path: Assets/Spider.cs
  artifactKey: Guid(cda2df36f61f07d4a9db3c2304605840) Importer(815301076,1909f56bfc062723c751e8b465ee728b)
Start importing Assets/Spider.cs using Guid(cda2df36f61f07d4a9db3c2304605840) Importer(815301076,1909f56bfc062723c751e8b465ee728b) (PreviewImporter) -> (artifact id: '514045788bef6375c19d67f20c5a1c18') in 0.0112316 seconds
Number of updated asset objects reloaded before import = 0Number of asset objects unloaded after import = 0

========================================================================
Received Import Request.
  Time since last request: 35.882367 seconds.
  path: Assets/Human.cs
  artifactKey: Guid(27e582c558858ac46be85c77e8214b9f) Importer(815301076,1909f56bfc062723c751e8b465ee728b)
Start importing Assets/Human.cs using Guid(27e582c558858ac46be85c77e8214b9f) Importer(815301076,1909f56bfc062723c751e8b465ee728b) (PreviewImporter) -> (artifact id: '40b1022d793bd7f8a2cefedac7103518') in 0.0018024 seconds
Number of updated asset objects reloaded before import = 0Number of asset objects unloaded after import = 0

========================================================================
Received Prepare
Refreshing native plugins compatible for Editor in 4.86 ms, found 3 plugins.
Preloading 0 native plugins for Editor in 0.00 ms.
Unloading 34 Unused Serialized files (Serialized files now loaded: 0)
Unloading 5967 unused Assets / (8.3 MB). Loaded Objects now: 6761.
Memory consumption went from 158.6 MB to 150.3 MB.
Total: 81.070100 ms (FindLiveObjects: 1.728100 ms CreateObjectMapping: 2.434000 ms MarkObjects: 28.043600 ms  DeleteObjects: 48.860900 ms)

Prepare: number of updated asset objects reloaded= 0
========================================================================
Received Prepare
Refreshing native plugins compatible for Editor in 5.62 ms, found 3 plugins.
Preloading 0 native plugins for Editor in 0.00 ms.
Unloading 34 Unused Serialized files (Serialized files now loaded: 0)
Unloading 5967 unused Assets / (7.8 MB). Loaded Objects now: 6761.
Memory consumption went from 158.6 MB to 150.8 MB.
Total: 46.158300 ms (FindLiveObjects: 2.388700 ms CreateObjectMapping: 2.760900 ms MarkObjects: 18.519400 ms  DeleteObjects: 22.485500 ms)

Prepare: number of updated asset objects reloaded= 0
========================================================================
Received Import Request.
  Time since last request: 39.900068 seconds.
  path: Assets/Human.cs
  artifactKey: Guid(27e582c558858ac46be85c77e8214b9f) Importer(815301076,1909f56bfc062723c751e8b465ee728b)
Start importing Assets/Human.cs using Guid(27e582c558858ac46be85c77e8214b9f) Importer(815301076,1909f56bfc062723c751e8b465ee728b) (PreviewImporter) -> (artifact id: '1e45b6818356f5f5d5cd6d9e5399dca0') in 0.0286993 seconds
Number of updated asset objects reloaded before import = 0Number of asset objects unloaded after import = 0

========================================================================
Received Prepare
Begin MonoManager ReloadAssembly
- Loaded All Assemblies, in  2.749 seconds
Refreshing native plugins compatible for Editor in 1.41 ms, found 3 plugins.
Native extension for iOS target not found
Native extension for Android target not found
Native extension for WindowsStandalone target not found
Mono: successfully reloaded assembly
- Finished resetting the current domain, in  2.599 seconds
Domain Reload Profiling: 5353ms
	BeginReloadAssembly (627ms)
		ExecutionOrderSort (0ms)
		DisableScriptedObjects (25ms)
		BackupInstance (0ms)
		ReleaseScriptingObjects (0ms)
		CreateAndSetChildDomain (150ms)
	RebuildCommonClasses (114ms)
	RebuildNativeTypeToScriptingClass (41ms)
	initialDomainReloadingComplete (117ms)
	LoadAllAssembliesAndSetupDomain (1851ms)
		LoadAssemblies (1345ms)
		RebuildTransferFunctionScriptingTraits (0ms)
		AnalyzeDomain (856ms)
			TypeCache.Refresh (38ms)
				TypeCache.ScanAssembly (3ms)
			BuildScriptInfoCaches (749ms)
			ResolveRequiredComponents (48ms)
	FinalizeReload (2603ms)
		ReleaseScriptCaches (0ms)
		RebuildScriptCaches (0ms)
		SetupLoadedEditorAssemblies (1997ms)
			LogAssemblyErrors (0ms)
			InitializePlatformSupportModulesInManaged (54ms)
			SetLoadedEditorAssemblies (19ms)
			BeforeProcessingInitializeOnLoad (414ms)
			ProcessInitializeOnLoadAttributes (1226ms)
			ProcessInitializeOnLoadMethodAttributes (265ms)
			AfterProcessingInitializeOnLoad (18ms)
			EditorAssembliesLoaded (1ms)
		ExecutionOrderSort2 (0ms)
		AwakeInstancesAfterBackupRestoration (68ms)
Refreshing native plugins compatible for Editor in 2.42 ms, found 3 plugins.
Preloading 0 native plugins for Editor in 0.00 ms.
Unloading 35 Unused Serialized files (Serialized files now loaded: 0)
Unloading 5974 unused Assets / (7.7 MB). Loaded Objects now: 6763.
Memory consumption went from 158.6 MB to 150.9 MB.
Total: 27.806800 ms (FindLiveObjects: 2.128000 ms CreateObjectMapping: 0.818900 ms MarkObjects: 11.494600 ms  DeleteObjects: 13.361500 ms)

Prepare: number of updated asset objects reloaded= 0
========================================================================
Received Prepare
Begin MonoManager ReloadAssembly
- Loaded All Assemblies, in  1.831 seconds
Refreshing native plugins compatible for Editor in 2.16 ms, found 3 plugins.
Native extension for iOS target not found
Native extension for Android target not found
Native extension for WindowsStandalone target not found
Mono: successfully reloaded assembly
- Finished resetting the current domain, in  2.155 seconds
Domain Reload Profiling: 3995ms
	BeginReloadAssembly (462ms)
		ExecutionOrderSort (0ms)
		DisableScriptedObjects (14ms)
		BackupInstance (0ms)
		ReleaseScriptingObjects (0ms)
		CreateAndSetChildDomain (76ms)
	RebuildCommonClasses (146ms)
	RebuildNativeTypeToScriptingClass (33ms)
	initialDomainReloadingComplete (84ms)
	LoadAllAssembliesAndSetupDomain (1103ms)
		LoadAssemblies (891ms)
		RebuildTransferFunctionScriptingTraits (0ms)
		AnalyzeDomain (506ms)
			TypeCache.Refresh (16ms)
				TypeCache.ScanAssembly (0ms)
			BuildScriptInfoCaches (453ms)
			ResolveRequiredComponents (24ms)
	FinalizeReload (2166ms)
		ReleaseScriptCaches (0ms)
		RebuildScriptCaches (0ms)
		SetupLoadedEditorAssemblies (1566ms)
			LogAssemblyErrors (0ms)
			InitializePlatformSupportModulesInManaged (44ms)
			SetLoadedEditorAssemblies (12ms)
			BeforeProcessingInitializeOnLoad (411ms)
			ProcessInitializeOnLoadAttributes (912ms)
			ProcessInitializeOnLoadMethodAttributes (177ms)
			AfterProcessingInitializeOnLoad (9ms)
			EditorAssembliesLoaded (1ms)
		ExecutionOrderSort2 (0ms)
		AwakeInstancesAfterBackupRestoration (56ms)
Refreshing native plugins compatible for Editor in 2.35 ms, found 3 plugins.
Preloading 0 native plugins for Editor in 0.00 ms.
Unloading 35 Unused Serialized files (Serialized files now loaded: 0)
Unloading 5974 unused Assets / (6.9 MB). Loaded Objects now: 6765.
Memory consumption went from 158.6 MB to 151.7 MB.
Total: 27.159300 ms (FindLiveObjects: 2.196500 ms CreateObjectMapping: 0.717600 ms MarkObjects: 12.258100 ms  DeleteObjects: 11.983000 ms)

Prepare: number of updated asset objects reloaded= 0
========================================================================
Received Prepare
Refreshing native plugins compatible for Editor in 25.78 ms, found 3 plugins.
Preloading 0 native plugins for Editor in 0.00 ms.
Unloading 34 Unused Serialized files (Serialized files now loaded: 0)
Unloading 5967 unused Assets / (6.9 MB). Loaded Objects now: 6765.
Memory consumption went from 158.6 MB to 151.7 MB.
Total: 67.519400 ms (FindLiveObjects: 1.696500 ms CreateObjectMapping: 2.845400 ms MarkObjects: 50.031300 ms  DeleteObjects: 12.747400 ms)

Prepare: number of updated asset objects reloaded= 0
========================================================================
Received Prepare
Begin MonoManager ReloadAssembly
- Loaded All Assemblies, in  1.488 seconds
Refreshing native plugins compatible for Editor in 3.86 ms, found 3 plugins.
Native extension for iOS target not found
Native extension for Android target not found
Native extension for WindowsStandalone target not found
Mono: successfully reloaded assembly
- Finished resetting the current domain, in  2.924 seconds
Domain Reload Profiling: 4412ms
	BeginReloadAssembly (379ms)
		ExecutionOrderSort (0ms)
		DisableScriptedObjects (16ms)
		BackupInstance (0ms)
		ReleaseScriptingObjects (0ms)
		CreateAndSetChildDomain (83ms)
	RebuildCommonClasses (75ms)
	RebuildNativeTypeToScriptingClass (32ms)
	initialDomainReloadingComplete (59ms)
	LoadAllAssembliesAndSetupDomain (942ms)
		LoadAssemblies (722ms)
		RebuildTransferFunctionScriptingTraits (0ms)
		AnalyzeDomain (417ms)
			TypeCache.Refresh (19ms)
				TypeCache.ScanAssembly (0ms)
			BuildScriptInfoCaches (362ms)
			ResolveRequiredComponents (24ms)
	FinalizeReload (2926ms)
		ReleaseScriptCaches (0ms)
		RebuildScriptCaches (0ms)
		SetupLoadedEditorAssemblies (2394ms)
			LogAssemblyErrors (0ms)
			InitializePlatformSupportModulesInManaged (42ms)
			SetLoadedEditorAssemblies (14ms)
			BeforeProcessingInitializeOnLoad (357ms)
			ProcessInitializeOnLoadAttributes (1677ms)
			ProcessInitializeOnLoadMethodAttributes (287ms)
			AfterProcessingInitializeOnLoad (17ms)
			EditorAssembliesLoaded (1ms)
		ExecutionOrderSort2 (0ms)
		AwakeInstancesAfterBackupRestoration (77ms)
Refreshing native plugins compatible for Editor in 7.33 ms, found 3 plugins.
Preloading 0 native plugins for Editor in 0.00 ms.
Unloading 35 Unused Serialized files (Serialized files now loaded: 0)
Unloading 5974 unused Assets / (5.2 MB). Loaded Objects now: 6767.
Memory consumption went from 158.6 MB to 153.3 MB.
Total: 31.316700 ms (FindLiveObjects: 2.257100 ms CreateObjectMapping: 2.352000 ms MarkObjects: 18.554100 ms  DeleteObjects: 8.149500 ms)

Prepare: number of updated asset objects reloaded= 0
========================================================================
Received Prepare
Refreshing native plugins compatible for Editor in 7.30 ms, found 3 plugins.
Preloading 0 native plugins for Editor in 0.00 ms.
Unloading 34 Unused Serialized files (Serialized files now loaded: 0)
Unloading 5967 unused Assets / (6.9 MB). Loaded Objects now: 6767.
Memory consumption went from 158.6 MB to 151.7 MB.
Total: 56.552500 ms (FindLiveObjects: 3.353500 ms CreateObjectMapping: 2.476600 ms MarkObjects: 29.024000 ms  DeleteObjects: 21.692500 ms)

Prepare: number of updated asset objects reloaded= 0
========================================================================
Received Prepare
Begin MonoManager ReloadAssembly
- Loaded All Assemblies, in  4.756 seconds
Refreshing native plugins compatible for Editor in 1.17 ms, found 3 plugins.
Native extension for iOS target not found
Native extension for Android target not found
Native extension for WindowsStandalone target not found
Mono: successfully reloaded assembly
- Finished resetting the current domain, in  3.545 seconds
Domain Reload Profiling: 8284ms
	BeginReloadAssembly (969ms)
		ExecutionOrderSort (0ms)
		DisableScriptedObjects (35ms)
		BackupInstance (0ms)
		ReleaseScriptingObjects (0ms)
		CreateAndSetChildDomain (204ms)
	RebuildCommonClasses (186ms)
	RebuildNativeTypeToScriptingClass (68ms)
	initialDomainReloadingComplete (151ms)
	LoadAllAssembliesAndSetupDomain (3363ms)
		LoadAssemblies (1958ms)
		RebuildTransferFunctionScriptingTraits (0ms)
		AnalyzeDomain (1946ms)
			TypeCache.Refresh (63ms)
				TypeCache.ScanAssembly (10ms)
			BuildScriptInfoCaches (1745ms)
			ResolveRequiredComponents (119ms)
	FinalizeReload (3547ms)
		ReleaseScriptCaches (0ms)
		RebuildScriptCaches (0ms)
		SetupLoadedEditorAssemblies (2843ms)
			LogAssemblyErrors (0ms)
			InitializePlatformSupportModulesInManaged (41ms)
			SetLoadedEditorAssemblies (15ms)
			BeforeProcessingInitializeOnLoad (770ms)
			ProcessInitializeOnLoadAttributes (1629ms)
			ProcessInitializeOnLoadMethodAttributes (378ms)
			AfterProcessingInitializeOnLoad (9ms)
			EditorAssembliesLoaded (0ms)
		ExecutionOrderSort2 (0ms)
		AwakeInstancesAfterBackupRestoration (52ms)
Refreshing native plugins compatible for Editor in 1.60 ms, found 3 plugins.
Preloading 0 native plugins for Editor in 0.00 ms.
Unloading 35 Unused Serialized files (Serialized files now loaded: 0)
Unloading 5974 unused Assets / (5.3 MB). Loaded Objects now: 6769.
Memory consumption went from 158.6 MB to 153.3 MB.
Total: 18.633500 ms (FindLiveObjects: 0.846700 ms CreateObjectMapping: 0.507500 ms MarkObjects: 11.125300 ms  DeleteObjects: 6.150900 ms)

Prepare: number of updated asset objects reloaded= 0
========================================================================
Received Prepare
Begin MonoManager ReloadAssembly
- Loaded All Assemblies, in  2.332 seconds
Refreshing native plugins compatible for Editor in 2.28 ms, found 3 plugins.
Native extension for iOS target not found
Native extension for Android target not found
Native extension for WindowsStandalone target not found
Mono: successfully reloaded assembly
- Finished resetting the current domain, in  3.033 seconds
Domain Reload Profiling: 5365ms
	BeginReloadAssembly (489ms)
		ExecutionOrderSort (0ms)
		DisableScriptedObjects (22ms)
		BackupInstance (0ms)
		ReleaseScriptingObjects (1ms)
		CreateAndSetChildDomain (102ms)
	RebuildCommonClasses (109ms)
	RebuildNativeTypeToScriptingClass (55ms)
	initialDomainReloadingComplete (119ms)
	LoadAllAssembliesAndSetupDomain (1556ms)
		LoadAssemblies (1169ms)
		RebuildTransferFunctionScriptingTraits (0ms)
		AnalyzeDomain (655ms)
			TypeCache.Refresh (22ms)
				TypeCache.ScanAssembly (0ms)
			BuildScriptInfoCaches (586ms)
			ResolveRequiredComponents (32ms)
	FinalizeReload (3035ms)
		ReleaseScriptCaches (0ms)
		RebuildScriptCaches (0ms)
		SetupLoadedEditorAssemblies (2232ms)
			LogAssemblyErrors (0ms)
			InitializePlatformSupportModulesInManaged (45ms)
			SetLoadedEditorAssemblies (16ms)
			BeforeProcessingInitializeOnLoad (448ms)
			ProcessInitializeOnLoadAttributes (1398ms)
			ProcessInitializeOnLoadMethodAttributes (305ms)
			AfterProcessingInitializeOnLoad (18ms)
			EditorAssembliesLoaded (1ms)
		ExecutionOrderSort2 (0ms)
		AwakeInstancesAfterBackupRestoration (127ms)
Refreshing native plugins compatible for Editor in 7.10 ms, found 3 plugins.
Preloading 0 native plugins for Editor in 0.00 ms.
Unloading 35 Unused Serialized files (Serialized files now loaded: 0)
Unloading 5974 unused Assets / (8.8 MB). Loaded Objects now: 6771.
Memory consumption went from 158.6 MB to 149.8 MB.
Total: 48.610200 ms (FindLiveObjects: 2.256400 ms CreateObjectMapping: 2.614800 ms MarkObjects: 18.867400 ms  DeleteObjects: 24.868100 ms)

Prepare: number of updated asset objects reloaded= 0
========================================================================
Received Prepare
Refreshing native plugins compatible for Editor in 4.45 ms, found 3 plugins.
Preloading 0 native plugins for Editor in 0.00 ms.
Unloading 34 Unused Serialized files (Serialized files now loaded: 0)
Unloading 5967 unused Assets / (6.3 MB). Loaded Objects now: 6771.
Memory consumption went from 158.6 MB to 152.3 MB.
Total: 32.301100 ms (FindLiveObjects: 1.284800 ms CreateObjectMapping: 1.363400 ms MarkObjects: 18.020300 ms  DeleteObjects: 11.628600 ms)

Prepare: number of updated asset objects reloaded= 0
========================================================================
Received Prepare
Begin MonoManager ReloadAssembly
- Loaded All Assemblies, in  3.365 seconds
Refreshing native plugins compatible for Editor in 8.09 ms, found 3 plugins.
Native extension for iOS target not found
Native extension for Android target not found
Native extension for WindowsStandalone target not found
Mono: successfully reloaded assembly
- Finished resetting the current domain, in  2.644 seconds
Domain Reload Profiling: 5992ms
	BeginReloadAssembly (837ms)
		ExecutionOrderSort (0ms)
		DisableScriptedObjects (41ms)
		BackupInstance (0ms)
		ReleaseScriptingObjects (1ms)
		CreateAndSetChildDomain (176ms)
	RebuildCommonClasses (164ms)
	RebuildNativeTypeToScriptingClass (61ms)
	initialDomainReloadingComplete (156ms)
	LoadAllAssembliesAndSetupDomain (2129ms)
		LoadAssemblies (1740ms)
		RebuildTransferFunctionScriptingTraits (0ms)
		AnalyzeDomain (855ms)
			TypeCache.Refresh (40ms)
				TypeCache.ScanAssembly (2ms)
			BuildScriptInfoCaches (748ms)
			ResolveRequiredComponents (47ms)
	FinalizeReload (2645ms)
		ReleaseScriptCaches (0ms)
		RebuildScriptCaches (0ms)
		SetupLoadedEditorAssemblies (1879ms)
			LogAssemblyErrors (0ms)
			InitializePlatformSupportModulesInManaged (53ms)
			SetLoadedEditorAssemblies (19ms)
			BeforeProcessingInitializeOnLoad (423ms)
			ProcessInitializeOnLoadAttributes (1173ms)
			ProcessInitializeOnLoadMethodAttributes (192ms)
			AfterProcessingInitializeOnLoad (19ms)
			EditorAssembliesLoaded (1ms)
		ExecutionOrderSort2 (0ms)
		AwakeInstancesAfterBackupRestoration (68ms)
Refreshing native plugins compatible for Editor in 3.78 ms, found 3 plugins.
Preloading 0 native plugins for Editor in 0.00 ms.
Unloading 35 Unused Serialized files (Serialized files now loaded: 0)
Unloading 5974 unused Assets / (8.6 MB). Loaded Objects now: 6773.
Memory consumption went from 158.6 MB to 150.0 MB.
Total: 33.265200 ms (FindLiveObjects: 1.310400 ms CreateObjectMapping: 1.180600 ms MarkObjects: 14.604500 ms  DeleteObjects: 16.166000 ms)

Prepare: number of updated asset objects reloaded= 0
========================================================================
Received Prepare
Refreshing native plugins compatible for Editor in 2.17 ms, found 3 plugins.
Preloading 0 native plugins for Editor in 0.00 ms.
Unloading 34 Unused Serialized files (Serialized files now loaded: 0)
Unloading 5967 unused Assets / (6.5 MB). Loaded Objects now: 6773.
Memory consumption went from 158.6 MB to 152.1 MB.
Total: 15.544700 ms (FindLiveObjects: 0.862100 ms CreateObjectMapping: 0.874800 ms MarkObjects: 7.678100 ms  DeleteObjects: 6.127500 ms)

Prepare: number of updated asset objects reloaded= 0
========================================================================
Received Prepare
Begin MonoManager ReloadAssembly
- Loaded All Assemblies, in  2.619 seconds
Refreshing native plugins compatible for Editor in 1.56 ms, found 3 plugins.
Native extension for iOS target not found
Native extension for Android target not found
Native extension for WindowsStandalone target not found
Mono: successfully reloaded assembly
- Finished resetting the current domain, in  2.729 seconds
Domain Reload Profiling: 5337ms
	BeginReloadAssembly (716ms)
		ExecutionOrderSort (0ms)
		DisableScriptedObjects (29ms)
		BackupInstance (0ms)
		ReleaseScriptingObjects (0ms)
		CreateAndSetChildDomain (160ms)
	RebuildCommonClasses (131ms)
	RebuildNativeTypeToScriptingClass (47ms)
	initialDomainReloadingComplete (113ms)
	LoadAllAssembliesAndSetupDomain (1600ms)
		LoadAssemblies (1342ms)
		RebuildTransferFunctionScriptingTraits (0ms)
		AnalyzeDomain (667ms)
			TypeCache.Refresh (34ms)
				TypeCache.ScanAssembly (1ms)
			BuildScriptInfoCaches (585ms)
			ResolveRequiredComponents (36ms)
	FinalizeReload (2730ms)
		ReleaseScriptCaches (0ms)
		RebuildScriptCaches (0ms)
		SetupLoadedEditorAssemblies (2122ms)
			LogAssemblyErrors (0ms)
			InitializePlatformSupportModulesInManaged (50ms)
			SetLoadedEditorAssemblies (17ms)
			BeforeProcessingInitializeOnLoad (413ms)
			ProcessInitializeOnLoadAttributes (1517ms)
			ProcessInitializeOnLoadMethodAttributes (113ms)
			AfterProcessingInitializeOnLoad (12ms)
			EditorAssembliesLoaded (1ms)
		ExecutionOrderSort2 (0ms)
		AwakeInstancesAfterBackupRestoration (48ms)
Refreshing native plugins compatible for Editor in 1.52 ms, found 3 plugins.
Preloading 0 native plugins for Editor in 0.00 ms.
Unloading 35 Unused Serialized files (Serialized files now loaded: 0)
Unloading 5974 unused Assets / (6.0 MB). Loaded Objects now: 6775.
Memory consumption went from 158.6 MB to 152.6 MB.
Total: 13.722100 ms (FindLiveObjects: 0.676300 ms CreateObjectMapping: 0.467000 ms MarkObjects: 7.760600 ms  DeleteObjects: 4.815900 ms)

Prepare: number of updated asset objects reloaded= 0
========================================================================
Received Prepare
Begin MonoManager ReloadAssembly
- Loaded All Assemblies, in  1.512 seconds
Refreshing native plugins compatible for Editor in 1.75 ms, found 3 plugins.
Native extension for iOS target not found
Native extension for Android target not found
Native extension for WindowsStandalone target not found
Mono: successfully reloaded assembly
- Finished resetting the current domain, in  2.485 seconds
Domain Reload Profiling: 3998ms
	BeginReloadAssembly (346ms)
		ExecutionOrderSort (0ms)
		DisableScriptedObjects (11ms)
		BackupInstance (0ms)
		ReleaseScriptingObjects (0ms)
		CreateAndSetChildDomain (60ms)
	RebuildCommonClasses (77ms)
	RebuildNativeTypeToScriptingClass (29ms)
	initialDomainReloadingComplete (67ms)
	LoadAllAssembliesAndSetupDomain (992ms)
		LoadAssemblies (759ms)
		RebuildTransferFunctionScriptingTraits (0ms)
		AnalyzeDomain (436ms)
			TypeCache.Refresh (16ms)
				TypeCache.ScanAssembly (0ms)
			BuildScriptInfoCaches (389ms)
			ResolveRequiredComponents (21ms)
	FinalizeReload (2488ms)
		ReleaseScriptCaches (0ms)
		RebuildScriptCaches (0ms)
		SetupLoadedEditorAssemblies (1944ms)
			LogAssemblyErrors (0ms)
			InitializePlatformSupportModulesInManaged (35ms)
			SetLoadedEditorAssemblies (11ms)
			BeforeProcessingInitializeOnLoad (303ms)
			ProcessInitializeOnLoadAttributes (1194ms)
			ProcessInitializeOnLoadMethodAttributes (381ms)
			AfterProcessingInitializeOnLoad (19ms)
			EditorAssembliesLoaded (1ms)
		ExecutionOrderSort2 (0ms)
		AwakeInstancesAfterBackupRestoration (89ms)
Refreshing native plugins compatible for Editor in 2.65 ms, found 3 plugins.
Preloading 0 native plugins for Editor in 0.00 ms.
Unloading 35 Unused Serialized files (Serialized files now loaded: 0)
Unloading 5974 unused Assets / (6.0 MB). Loaded Objects now: 6777.
Memory consumption went from 158.6 MB to 152.5 MB.
Total: 136.666300 ms (FindLiveObjects: 1.759200 ms CreateObjectMapping: 1.863800 ms MarkObjects: 17.011000 ms  DeleteObjects: 116.028900 ms)

Prepare: number of updated asset objects reloaded= 0
========================================================================
Received Prepare
Begin MonoManager ReloadAssembly
- Loaded All Assemblies, in  1.735 seconds
Refreshing native plugins compatible for Editor in 1.83 ms, found 3 plugins.
Native extension for iOS target not found
Native extension for Android target not found
Native extension for WindowsStandalone target not found
Mono: successfully reloaded assembly
- Finished resetting the current domain, in  3.005 seconds
Domain Reload Profiling: 4741ms
	BeginReloadAssembly (404ms)
		ExecutionOrderSort (0ms)
		DisableScriptedObjects (15ms)
		BackupInstance (0ms)
		ReleaseScriptingObjects (0ms)
		CreateAndSetChildDomain (86ms)
	RebuildCommonClasses (102ms)
	RebuildNativeTypeToScriptingClass (37ms)
	initialDomainReloadingComplete (69ms)
	LoadAllAssembliesAndSetupDomain (1122ms)
		LoadAssemblies (882ms)
		RebuildTransferFunctionScriptingTraits (0ms)
		AnalyzeDomain (460ms)
			TypeCache.Refresh (16ms)
				TypeCache.ScanAssembly (0ms)
			BuildScriptInfoCaches (403ms)
			ResolveRequiredComponents (26ms)
	FinalizeReload (3006ms)
		ReleaseScriptCaches (0ms)
		RebuildScriptCaches (0ms)
		SetupLoadedEditorAssemblies (2382ms)
			LogAssemblyErrors (0ms)
			InitializePlatformSupportModulesInManaged (56ms)
			SetLoadedEditorAssemblies (24ms)
			BeforeProcessingInitializeOnLoad (386ms)
			ProcessInitializeOnLoadAttributes (1670ms)
			ProcessInitializeOnLoadMethodAttributes (232ms)
			AfterProcessingInitializeOnLoad (14ms)
			EditorAssembliesLoaded (1ms)
		ExecutionOrderSort2 (0ms)
		AwakeInstancesAfterBackupRestoration (66ms)
Refreshing native plugins compatible for Editor in 3.06 ms, found 3 plugins.
Preloading 0 native plugins for Editor in 0.00 ms.
Unloading 35 Unused Serialized files (Serialized files now loaded: 0)
Unloading 5974 unused Assets / (4.6 MB). Loaded Objects now: 6779.
Memory consumption went from 158.6 MB to 154.0 MB.
Total: 41.302800 ms (FindLiveObjects: 1.496700 ms CreateObjectMapping: 1.271500 ms MarkObjects: 31.032900 ms  DeleteObjects: 7.496000 ms)

Prepare: number of updated asset objects reloaded= 0
========================================================================
Received Prepare
Begin MonoManager ReloadAssembly
- Loaded All Assemblies, in  1.548 seconds
Refreshing native plugins compatible for Editor in 2.58 ms, found 3 plugins.
Native extension for iOS target not found
Native extension for Android target not found
Native extension for WindowsStandalone target not found
Mono: successfully reloaded assembly
- Finished resetting the current domain, in  2.678 seconds
Domain Reload Profiling: 4232ms
	BeginReloadAssembly (362ms)
		ExecutionOrderSort (0ms)
		DisableScriptedObjects (14ms)
		BackupInstance (0ms)
		ReleaseScriptingObjects (0ms)
		CreateAndSetChildDomain (72ms)
	RebuildCommonClasses (78ms)
	RebuildNativeTypeToScriptingClass (28ms)
	initialDomainReloadingComplete (65ms)
	LoadAllAssembliesAndSetupDomain (1013ms)
		LoadAssemblies (767ms)
		RebuildTransferFunctionScriptingTraits (0ms)
		AnalyzeDomain (452ms)
			TypeCache.Refresh (16ms)
				TypeCache.ScanAssembly (0ms)
			BuildScriptInfoCaches (401ms)
			ResolveRequiredComponents (21ms)
	FinalizeReload (2686ms)
		ReleaseScriptCaches (0ms)
		RebuildScriptCaches (0ms)
		SetupLoadedEditorAssemblies (2128ms)
			LogAssemblyErrors (0ms)
			InitializePlatformSupportModulesInManaged (38ms)
			SetLoadedEditorAssemblies (13ms)
			BeforeProcessingInitializeOnLoad (326ms)
			ProcessInitializeOnLoadAttributes (1355ms)
			ProcessInitializeOnLoadMethodAttributes (375ms)
			AfterProcessingInitializeOnLoad (21ms)
			EditorAssembliesLoaded (1ms)
		ExecutionOrderSort2 (0ms)
		AwakeInstancesAfterBackupRestoration (75ms)
Refreshing native plugins compatible for Editor in 6.10 ms, found 3 plugins.
Preloading 0 native plugins for Editor in 0.00 ms.
Unloading 35 Unused Serialized files (Serialized files now loaded: 0)
Unloading 5974 unused Assets / (6.4 MB). Loaded Objects now: 6781.
Memory consumption went from 158.6 MB to 152.2 MB.
Total: 30.239200 ms (FindLiveObjects: 2.682100 ms CreateObjectMapping: 0.956300 ms MarkObjects: 16.815400 ms  DeleteObjects: 9.781700 ms)

Prepare: number of updated asset objects reloaded= 0
========================================================================
Received Import Request.
  Time since last request: 846.905528 seconds.
  path: Assets/Stylized_Astronaut/Character/Astronaut.fbx
  artifactKey: Guid(02dd6406ed1ebc248b2fafd0485e0de9) Importer(815301076,1909f56bfc062723c751e8b465ee728b)
Start importing Assets/Stylized_Astronaut/Character/Astronaut.fbx using Guid(02dd6406ed1ebc248b2fafd0485e0de9) Importer(815301076,1909f56bfc062723c751e8b465ee728b) (PreviewImporter) -> (artifact id: '69acb83f263cac252092cb6e31492216') in 0.8834179 seconds
Number of updated asset objects reloaded before import = 0Number of asset objects unloaded after import = 74

========================================================================
Received Prepare
Refreshing native plugins compatible for Editor in 8.12 ms, found 3 plugins.
Preloading 0 native plugins for Editor in 0.00 ms.
Unloading 34 Unused Serialized files (Serialized files now loaded: 0)
Unloading 5968 unused Assets / (6.8 MB). Loaded Objects now: 6926.
Memory consumption went from 176.0 MB to 169.1 MB.
Total: 33.839100 ms (FindLiveObjects: 1.332700 ms CreateObjectMapping: 1.346600 ms MarkObjects: 22.914400 ms  DeleteObjects: 8.242800 ms)

Prepare: number of updated asset objects reloaded= 0
========================================================================
Received Prepare
Begin MonoManager ReloadAssembly
- Loaded All Assemblies, in  2.659 seconds
Refreshing native plugins compatible for Editor in 3.81 ms, found 3 plugins.
Native extension for iOS target not found
Native extension for Android target not found
Native extension for WindowsStandalone target not found
Mono: successfully reloaded assembly
- Finished resetting the current domain, in  2.425 seconds
Domain Reload Profiling: 5078ms
	BeginReloadAssembly (757ms)
		ExecutionOrderSort (0ms)
		DisableScriptedObjects (83ms)
		BackupInstance (0ms)
		ReleaseScriptingObjects (0ms)
		CreateAndSetChildDomain (176ms)
	RebuildCommonClasses (133ms)
	RebuildNativeTypeToScriptingClass (46ms)
	initialDomainReloadingComplete (103ms)
	LoadAllAssembliesAndSetupDomain (1612ms)
		LoadAssemblies (1287ms)
		RebuildTransferFunctionScriptingTraits (0ms)
		AnalyzeDomain (703ms)
			TypeCache.Refresh (27ms)
				TypeCache.ScanAssembly (1ms)
			BuildScriptInfoCaches (617ms)
			ResolveRequiredComponents (42ms)
	FinalizeReload (2426ms)
		ReleaseScriptCaches (0ms)
		RebuildScriptCaches (0ms)
		SetupLoadedEditorAssemblies (1861ms)
			LogAssemblyErrors (0ms)
			InitializePlatformSupportModulesInManaged (55ms)
			SetLoadedEditorAssemblies (16ms)
			BeforeProcessingInitializeOnLoad (409ms)
			ProcessInitializeOnLoadAttributes (1162ms)
			ProcessInitializeOnLoadMethodAttributes (212ms)
			AfterProcessingInitializeOnLoad (7ms)
			EditorAssembliesLoaded (0ms)
		ExecutionOrderSort2 (0ms)
		AwakeInstancesAfterBackupRestoration (43ms)
Refreshing native plugins compatible for Editor in 2.84 ms, found 3 plugins.
Preloading 0 native plugins for Editor in 0.00 ms.
Unloading 35 Unused Serialized files (Serialized files now loaded: 0)
Unloading 5974 unused Assets / (6.6 MB). Loaded Objects now: 6807.
Memory consumption went from 172.3 MB to 165.7 MB.
Total: 27.323100 ms (FindLiveObjects: 1.922600 ms CreateObjectMapping: 2.054800 ms MarkObjects: 13.758000 ms  DeleteObjects: 9.584500 ms)

Prepare: number of updated asset objects reloaded= 0
========================================================================
Received Prepare
Begin MonoManager ReloadAssembly
- Loaded All Assemblies, in  1.422 seconds
Refreshing native plugins compatible for Editor in 1.54 ms, found 3 plugins.
Native extension for iOS target not found
Native extension for Android target not found
Native extension for WindowsStandalone target not found
Mono: successfully reloaded assembly
- Finished resetting the current domain, in  2.685 seconds
Domain Reload Profiling: 4108ms
	BeginReloadAssembly (351ms)
		ExecutionOrderSort (0ms)
		DisableScriptedObjects (13ms)
		BackupInstance (0ms)
		ReleaseScriptingObjects (0ms)
		CreateAndSetChildDomain (74ms)
	RebuildCommonClasses (73ms)
	RebuildNativeTypeToScriptingClass (25ms)
	initialDomainReloadingComplete (58ms)
	LoadAllAssembliesAndSetupDomain (913ms)
		LoadAssemblies (685ms)
		RebuildTransferFunctionScriptingTraits (0ms)
		AnalyzeDomain (418ms)
			TypeCache.Refresh (13ms)
				TypeCache.ScanAssembly (0ms)
			BuildScriptInfoCaches (371ms)
			ResolveRequiredComponents (25ms)
	FinalizeReload (2688ms)
		ReleaseScriptCaches (0ms)
		RebuildScriptCaches (0ms)
		SetupLoadedEditorAssemblies (2084ms)
			LogAssemblyErrors (0ms)
			InitializePlatformSupportModulesInManaged (37ms)
			SetLoadedEditorAssemblies (14ms)
			BeforeProcessingInitializeOnLoad (289ms)
			ProcessInitializeOnLoadAttributes (1381ms)
			ProcessInitializeOnLoadMethodAttributes (345ms)
			AfterProcessingInitializeOnLoad (17ms)
			EditorAssembliesLoaded (1ms)
		ExecutionOrderSort2 (0ms)
		AwakeInstancesAfterBackupRestoration (124ms)
Refreshing native plugins compatible for Editor in 5.73 ms, found 3 plugins.
Preloading 0 native plugins for Editor in 0.00 ms.
Unloading 35 Unused Serialized files (Serialized files now loaded: 0)
Unloading 5974 unused Assets / (7.1 MB). Loaded Objects now: 6809.
Memory consumption went from 172.2 MB to 165.0 MB.
Total: 86.767300 ms (FindLiveObjects: 1.671200 ms CreateObjectMapping: 1.643600 ms MarkObjects: 72.603600 ms  DeleteObjects: 10.844800 ms)

Prepare: number of updated asset objects reloaded= 0
========================================================================
Received Prepare
Refreshing native plugins compatible for Editor in 2.41 ms, found 3 plugins.
Preloading 0 native plugins for Editor in 0.00 ms.
Unloading 34 Unused Serialized files (Serialized files now loaded: 0)
Unloading 5967 unused Assets / (7.0 MB). Loaded Objects now: 6809.
Memory consumption went from 172.2 MB to 165.2 MB.
Total: 20.410600 ms (FindLiveObjects: 1.015100 ms CreateObjectMapping: 0.994600 ms MarkObjects: 11.982400 ms  DeleteObjects: 6.415600 ms)

Prepare: number of updated asset objects reloaded= 0
========================================================================
Received Prepare
Begin MonoManager ReloadAssembly
- Loaded All Assemblies, in  2.544 seconds
Refreshing native plugins compatible for Editor in 2.36 ms, found 3 plugins.
Native extension for iOS target not found
Native extension for Android target not found
Native extension for WindowsStandalone target not found
Mono: successfully reloaded assembly
- Finished resetting the current domain, in  1.954 seconds
Domain Reload Profiling: 4490ms
	BeginReloadAssembly (631ms)
		ExecutionOrderSort (0ms)
		DisableScriptedObjects (17ms)
		BackupInstance (0ms)
		ReleaseScriptingObjects (0ms)
		CreateAndSetChildDomain (122ms)
	RebuildCommonClasses (135ms)
	RebuildNativeTypeToScriptingClass (50ms)
	initialDomainReloadingComplete (131ms)
	LoadAllAssembliesAndSetupDomain (1587ms)
		LoadAssemblies (1378ms)
		RebuildTransferFunctionScriptingTraits (0ms)
		AnalyzeDomain (611ms)
			TypeCache.Refresh (37ms)
				TypeCache.ScanAssembly (1ms)
			BuildScriptInfoCaches (538ms)
			ResolveRequiredComponents (23ms)
	FinalizeReload (1956ms)
		ReleaseScriptCaches (0ms)
		RebuildScriptCaches (0ms)
		SetupLoadedEditorAssemblies (1540ms)
			LogAssemblyErrors (0ms)
			InitializePlatformSupportModulesInManaged (28ms)
			SetLoadedEditorAssemblies (10ms)
			BeforeProcessingInitializeOnLoad (222ms)
			ProcessInitializeOnLoadAttributes (1127ms)
			ProcessInitializeOnLoadMethodAttributes (143ms)
			AfterProcessingInitializeOnLoad (9ms)
			EditorAssembliesLoaded (0ms)
		ExecutionOrderSort2 (0ms)
		AwakeInstancesAfterBackupRestoration (50ms)
Refreshing native plugins compatible for Editor in 3.31 ms, found 3 plugins.
Preloading 0 native plugins for Editor in 0.00 ms.
Unloading 35 Unused Serialized files (Serialized files now loaded: 0)
Unloading 5974 unused Assets / (6.6 MB). Loaded Objects now: 6811.
Memory consumption went from 172.2 MB to 165.6 MB.
Total: 24.288100 ms (FindLiveObjects: 1.934800 ms CreateObjectMapping: 1.903300 ms MarkObjects: 11.275300 ms  DeleteObjects: 9.171400 ms)

Prepare: number of updated asset objects reloaded= 0
========================================================================
Received Prepare
Begin MonoManager ReloadAssembly
- Loaded All Assemblies, in  1.472 seconds
Refreshing native plugins compatible for Editor in 1.45 ms, found 3 plugins.
Native extension for iOS target not found
Native extension for Android target not found
Native extension for WindowsStandalone target not found
Mono: successfully reloaded assembly
- Finished resetting the current domain, in  2.466 seconds
Domain Reload Profiling: 3938ms
	BeginReloadAssembly (444ms)
		ExecutionOrderSort (0ms)
		DisableScriptedObjects (14ms)
		BackupInstance (0ms)
		ReleaseScriptingObjects (0ms)
		CreateAndSetChildDomain (63ms)
	RebuildCommonClasses (76ms)
	RebuildNativeTypeToScriptingClass (25ms)
	initialDomainReloadingComplete (52ms)
	LoadAllAssembliesAndSetupDomain (873ms)
		LoadAssemblies (775ms)
		RebuildTransferFunctionScriptingTraits (0ms)
		AnalyzeDomain (400ms)
			TypeCache.Refresh (13ms)
				TypeCache.ScanAssembly (0ms)
			BuildScriptInfoCaches (352ms)
			ResolveRequiredComponents (25ms)
	FinalizeReload (2468ms)
		ReleaseScriptCaches (0ms)
		RebuildScriptCaches (0ms)
		SetupLoadedEditorAssemblies (1948ms)
			LogAssemblyErrors (0ms)
			InitializePlatformSupportModulesInManaged (33ms)
			SetLoadedEditorAssemblies (13ms)
			BeforeProcessingInitializeOnLoad (347ms)
			ProcessInitializeOnLoadAttributes (1239ms)
			ProcessInitializeOnLoadMethodAttributes (294ms)
			AfterProcessingInitializeOnLoad (21ms)
			EditorAssembliesLoaded (1ms)
		ExecutionOrderSort2 (0ms)
		AwakeInstancesAfterBackupRestoration (97ms)
Refreshing native plugins compatible for Editor in 3.38 ms, found 3 plugins.
Preloading 0 native plugins for Editor in 0.00 ms.
Unloading 35 Unused Serialized files (Serialized files now loaded: 0)
Unloading 5974 unused Assets / (6.9 MB). Loaded Objects now: 6813.
Memory consumption went from 172.2 MB to 165.3 MB.
Total: 28.674900 ms (FindLiveObjects: 1.827800 ms CreateObjectMapping: 1.015800 ms MarkObjects: 14.875200 ms  DeleteObjects: 10.950800 ms)

Prepare: number of updated asset objects reloaded= 0
========================================================================
Received Import Request.
  Time since last request: 310.603513 seconds.
  path: Assets/Stylized_Astronaut/Character/AstronautPlayer.cs
  artifactKey: Guid(51c7b5abfedd4e741bef70712caf60fd) Importer(815301076,1909f56bfc062723c751e8b465ee728b)
Start importing Assets/Stylized_Astronaut/Character/AstronautPlayer.cs using Guid(51c7b5abfedd4e741bef70712caf60fd) Importer(815301076,1909f56bfc062723c751e8b465ee728b) (PreviewImporter) -> (artifact id: 'ff7dca9ecfde21e886b864cdc50e797d') in 0.0086718 seconds
Number of updated asset objects reloaded before import = 0Number of asset objects unloaded after import = 0

========================================================================
Received Import Request.
  Time since last request: 3.545445 seconds.
  path: Assets/Stylized_Astronaut/Character/AstronautThirdPersonCamera.cs
  artifactKey: Guid(036f7dcabd9944343aec7d56821fdd7e) Importer(815301076,1909f56bfc062723c751e8b465ee728b)
Start importing Assets/Stylized_Astronaut/Character/AstronautThirdPersonCamera.cs using Guid(036f7dcabd9944343aec7d56821fdd7e) Importer(815301076,1909f56bfc062723c751e8b465ee728b) (PreviewImporter) -> (artifact id: 'd8dc55edb37fe799e8e820cfaab8dee3') in 0.0022239 seconds
Number of updated asset objects reloaded before import = 0Number of asset objects unloaded after import = 0

========================================================================
Received Prepare
Refreshing native plugins compatible for Editor in 0.99 ms, found 3 plugins.
Preloading 0 native plugins for Editor in 0.00 ms.
Unloading 34 Unused Serialized files (Serialized files now loaded: 0)
Unloading 5966 unused Assets / (6.1 MB). Loaded Objects now: 6812.
Memory consumption went from 172.2 MB to 166.1 MB.
Total: 10.982500 ms (FindLiveObjects: 0.577900 ms CreateObjectMapping: 0.367500 ms MarkObjects: 5.718100 ms  DeleteObjects: 4.317100 ms)

Prepare: number of updated asset objects reloaded= 0
========================================================================
Received Prepare
Begin MonoManager ReloadAssembly
- Loaded All Assemblies, in  3.285 seconds
Refreshing native plugins compatible for Editor in 1.76 ms, found 3 plugins.
Native extension for iOS target not found
Native extension for Android target not found
Native extension for WindowsStandalone target not found
Mono: successfully reloaded assembly
- Finished resetting the current domain, in  5.923 seconds
Domain Reload Profiling: 9202ms
	BeginReloadAssembly (799ms)
		ExecutionOrderSort (0ms)
		DisableScriptedObjects (28ms)
		BackupInstance (0ms)
		ReleaseScriptingObjects (1ms)
		CreateAndSetChildDomain (171ms)
	RebuildCommonClasses (142ms)
	RebuildNativeTypeToScriptingClass (75ms)
	initialDomainReloadingComplete (166ms)
	LoadAllAssembliesAndSetupDomain (2096ms)
		LoadAssemblies (1572ms)
		RebuildTransferFunctionScriptingTraits (0ms)
		AnalyzeDomain (960ms)
			TypeCache.Refresh (43ms)
				TypeCache.ScanAssembly (1ms)
			BuildScriptInfoCaches (854ms)
			ResolveRequiredComponents (46ms)
	FinalizeReload (5924ms)
		ReleaseScriptCaches (0ms)
		RebuildScriptCaches (0ms)
		SetupLoadedEditorAssemblies (4643ms)
			LogAssemblyErrors (0ms)
			InitializePlatformSupportModulesInManaged (75ms)
			SetLoadedEditorAssemblies (20ms)
			BeforeProcessingInitializeOnLoad (1146ms)
			ProcessInitializeOnLoadAttributes (3272ms)
			ProcessInitializeOnLoadMethodAttributes (122ms)
			AfterProcessingInitializeOnLoad (7ms)
			EditorAssembliesLoaded (0ms)
		ExecutionOrderSort2 (0ms)
		AwakeInstancesAfterBackupRestoration (36ms)
Refreshing native plugins compatible for Editor in 2.01 ms, found 3 plugins.
Preloading 0 native plugins for Editor in 0.00 ms.
Unloading 35 Unused Serialized files (Serialized files now loaded: 0)
Unloading 5973 unused Assets / (5.5 MB). Loaded Objects now: 6814.
Memory consumption went from 172.2 MB to 166.7 MB.
Total: 18.965400 ms (FindLiveObjects: 1.208800 ms CreateObjectMapping: 0.595200 ms MarkObjects: 11.049800 ms  DeleteObjects: 6.108800 ms)

Prepare: number of updated asset objects reloaded= 0
========================================================================
Received Import Request.
  Time since last request: 81.554967 seconds.
  path: Assets/Stylized_Astronaut/Character/Materials/Grey_Mat.mat
  artifactKey: Guid(bd5105e1f39844b4daded70961d0174f) Importer(815301076,1909f56bfc062723c751e8b465ee728b)
Start importing Assets/Stylized_Astronaut/Character/Materials/Grey_Mat.mat using Guid(bd5105e1f39844b4daded70961d0174f) Importer(815301076,1909f56bfc062723c751e8b465ee728b) (PreviewImporter) -> (artifact id: 'c84a112db109a859b51949f980f38ec1') in 0.9327471 seconds
Number of updated asset objects reloaded before import = 0Number of asset objects unloaded after import = 2

========================================================================
Received Import Request.
  Time since last request: 0.000052 seconds.
  path: Assets/Stylized_Astronaut/Character/Materials/Yellow_Mat.mat
  artifactKey: Guid(d2c8f925eb40c4748811efdd803f25c6) Importer(815301076,1909f56bfc062723c751e8b465ee728b)
Start importing Assets/Stylized_Astronaut/Character/Materials/Yellow_Mat.mat using Guid(d2c8f925eb40c4748811efdd803f25c6) Importer(815301076,1909f56bfc062723c751e8b465ee728b) (PreviewImporter) -> (artifact id: 'a73d32de59bd6fad9e8bb4f566ea9ab7') in 0.0799653 seconds
Number of updated asset objects reloaded before import = 0Number of asset objects unloaded after import = 1

========================================================================
Received Prepare
Begin MonoManager ReloadAssembly
- Loaded All Assemblies, in  1.513 seconds
Refreshing native plugins compatible for Editor in 1.41 ms, found 3 plugins.
Native extension for iOS target not found
Native extension for Android target not found
Native extension for WindowsStandalone target not found
Mono: successfully reloaded assembly
- Finished resetting the current domain, in  2.356 seconds
Domain Reload Profiling: 3868ms
	BeginReloadAssembly (407ms)
		ExecutionOrderSort (0ms)
		DisableScriptedObjects (33ms)
		BackupInstance (0ms)
		ReleaseScriptingObjects (0ms)
		CreateAndSetChildDomain (88ms)
	RebuildCommonClasses (75ms)
	RebuildNativeTypeToScriptingClass (27ms)
	initialDomainReloadingComplete (58ms)
	LoadAllAssembliesAndSetupDomain (945ms)
		LoadAssemblies (732ms)
		RebuildTransferFunctionScriptingTraits (0ms)
		AnalyzeDomain (419ms)
			TypeCache.Refresh (16ms)
				TypeCache.ScanAssembly (0ms)
			BuildScriptInfoCaches (371ms)
			ResolveRequiredComponents (23ms)
	FinalizeReload (2358ms)
		ReleaseScriptCaches (0ms)
		RebuildScriptCaches (0ms)
		SetupLoadedEditorAssemblies (1817ms)
			LogAssemblyErrors (0ms)
			InitializePlatformSupportModulesInManaged (34ms)
			SetLoadedEditorAssemblies (11ms)
			BeforeProcessingInitializeOnLoad (322ms)
			ProcessInitializeOnLoadAttributes (1132ms)
			ProcessInitializeOnLoadMethodAttributes (291ms)
			AfterProcessingInitializeOnLoad (25ms)
			EditorAssembliesLoaded (1ms)
		ExecutionOrderSort2 (0ms)
		AwakeInstancesAfterBackupRestoration (114ms)
Refreshing native plugins compatible for Editor in 6.26 ms, found 3 plugins.
Preloading 0 native plugins for Editor in 0.00 ms.
Unloading 35 Unused Serialized files (Serialized files now loaded: 0)
Unloading 5974 unused Assets / (7.5 MB). Loaded Objects now: 6836.
Memory consumption went from 176.5 MB to 169.0 MB.
Total: 43.506700 ms (FindLiveObjects: 2.201100 ms CreateObjectMapping: 1.473100 ms MarkObjects: 21.904700 ms  DeleteObjects: 17.922000 ms)

Prepare: number of updated asset objects reloaded= 0
========================================================================
Received Import Request.
  Time since last request: 158.575430 seconds.
  path: Assets/Script
  artifactKey: Guid(491dc21e593fd7441a3eabc9263d84e9) Importer(815301076,1909f56bfc062723c751e8b465ee728b)
Start importing Assets/Script using Guid(491dc21e593fd7441a3eabc9263d84e9) Importer(815301076,1909f56bfc062723c751e8b465ee728b) (PreviewImporter) -> (artifact id: '675ff2f48e4fed1daac3635a9b74aa54') in 0.0066319 seconds
Number of updated asset objects reloaded before import = 0Number of asset objects unloaded after import = 0

========================================================================
Received Prepare
Refreshing native plugins compatible for Editor in 1.43 ms, found 3 plugins.
Preloading 0 native plugins for Editor in 0.00 ms.
Unloading 34 Unused Serialized files (Serialized files now loaded: 0)
Unloading 5966 unused Assets / (5.8 MB). Loaded Objects now: 6836.
Memory consumption went from 176.3 MB to 170.6 MB.
Total: 15.119100 ms (FindLiveObjects: 0.692600 ms CreateObjectMapping: 0.484300 ms MarkObjects: 9.258100 ms  DeleteObjects: 4.681800 ms)

Prepare: number of updated asset objects reloaded= 0
========================================================================
Received Prepare
Refreshing native plugins compatible for Editor in 5.89 ms, found 3 plugins.
Preloading 0 native plugins for Editor in 0.00 ms.
Unloading 34 Unused Serialized files (Serialized files now loaded: 0)
Unloading 5966 unused Assets / (7.0 MB). Loaded Objects now: 6836.
Memory consumption went from 176.3 MB to 169.4 MB.
Total: 43.910000 ms (FindLiveObjects: 2.300200 ms CreateObjectMapping: 2.451400 ms MarkObjects: 21.800700 ms  DeleteObjects: 17.352700 ms)

Prepare: number of updated asset objects reloaded= 0
========================================================================
Received Prepare
Refreshing native plugins compatible for Editor in 2.41 ms, found 3 plugins.
Preloading 0 native plugins for Editor in 0.00 ms.
Unloading 34 Unused Serialized files (Serialized files now loaded: 0)
Unloading 5966 unused Assets / (5.3 MB). Loaded Objects now: 6836.
Memory consumption went from 176.3 MB to 171.0 MB.
Total: 19.100800 ms (FindLiveObjects: 1.135200 ms CreateObjectMapping: 0.725300 ms MarkObjects: 10.742300 ms  DeleteObjects: 6.495200 ms)

Prepare: number of updated asset objects reloaded= 0
========================================================================
Received Import Request.
  Time since last request: 12.068233 seconds.
  path: Assets/Script/Player.cs
  artifactKey: Guid(cd7cd5734cf31ce45b7febce4b5114c6) Importer(815301076,1909f56bfc062723c751e8b465ee728b)
Start importing Assets/Script/Player.cs using Guid(cd7cd5734cf31ce45b7febce4b5114c6) Importer(815301076,1909f56bfc062723c751e8b465ee728b) (PreviewImporter) -> (artifact id: '38a3cbda07001ec5d22167256de4408f') in 0.0114117 seconds
Number of updated asset objects reloaded before import = 0Number of asset objects unloaded after import = 0

========================================================================
Received Prepare
Refreshing native plugins compatible for Editor in 12.92 ms, found 3 plugins.
Preloading 0 native plugins for Editor in 0.00 ms.
Unloading 34 Unused Serialized files (Serialized files now loaded: 0)
Unloading 5965 unused Assets / (5.5 MB). Loaded Objects now: 6835.
Memory consumption went from 176.3 MB to 170.8 MB.
Total: 59.024000 ms (FindLiveObjects: 3.719900 ms CreateObjectMapping: 5.237500 ms MarkObjects: 30.621200 ms  DeleteObjects: 19.441400 ms)

Prepare: number of updated asset objects reloaded= 0
========================================================================
Received Prepare
Begin MonoManager ReloadAssembly
- Loaded All Assemblies, in  1.435 seconds
Refreshing native plugins compatible for Editor in 1.77 ms, found 3 plugins.
Native extension for iOS target not found
Native extension for Android target not found
Native extension for WindowsStandalone target not found
Mono: successfully reloaded assembly
- Finished resetting the current domain, in  1.618 seconds
Domain Reload Profiling: 3052ms
	BeginReloadAssembly (376ms)
		ExecutionOrderSort (0ms)
		DisableScriptedObjects (17ms)
		BackupInstance (0ms)
		ReleaseScriptingObjects (0ms)
		CreateAndSetChildDomain (77ms)
	RebuildCommonClasses (91ms)
	RebuildNativeTypeToScriptingClass (25ms)
	initialDomainReloadingComplete (62ms)
	LoadAllAssembliesAndSetupDomain (880ms)
		LoadAssemblies (719ms)
		RebuildTransferFunctionScriptingTraits (0ms)
		AnalyzeDomain (369ms)
			TypeCache.Refresh (17ms)
				TypeCache.ScanAssembly (0ms)
			BuildScriptInfoCaches (321ms)
			ResolveRequiredComponents (22ms)
	FinalizeReload (1619ms)
		ReleaseScriptCaches (0ms)
		RebuildScriptCaches (0ms)
		SetupLoadedEditorAssemblies (1147ms)
			LogAssemblyErrors (0ms)
			InitializePlatformSupportModulesInManaged (39ms)
			SetLoadedEditorAssemblies (11ms)
			BeforeProcessingInitializeOnLoad (228ms)
			ProcessInitializeOnLoadAttributes (743ms)
			ProcessInitializeOnLoadMethodAttributes (116ms)
			AfterProcessingInitializeOnLoad (9ms)
			EditorAssembliesLoaded (1ms)
		ExecutionOrderSort2 (0ms)
		AwakeInstancesAfterBackupRestoration (41ms)
Refreshing native plugins compatible for Editor in 2.20 ms, found 3 plugins.
Preloading 0 native plugins for Editor in 0.00 ms.
Unloading 35 Unused Serialized files (Serialized files now loaded: 0)
Unloading 5972 unused Assets / (6.3 MB). Loaded Objects now: 6837.
Memory consumption went from 176.3 MB to 170.0 MB.
Total: 15.477400 ms (FindLiveObjects: 0.733700 ms CreateObjectMapping: 0.502400 ms MarkObjects: 8.081200 ms  DeleteObjects: 6.157700 ms)

Prepare: number of updated asset objects reloaded= 0
========================================================================
Received Prepare
Refreshing native plugins compatible for Editor in 2.52 ms, found 3 plugins.
Preloading 0 native plugins for Editor in 0.00 ms.
Unloading 34 Unused Serialized files (Serialized files now loaded: 0)
Unloading 5965 unused Assets / (6.8 MB). Loaded Objects now: 6837.
Memory consumption went from 176.3 MB to 169.5 MB.
Total: 14.841600 ms (FindLiveObjects: 0.791500 ms CreateObjectMapping: 0.502400 ms MarkObjects: 7.316700 ms  DeleteObjects: 6.227800 ms)

Prepare: number of updated asset objects reloaded= 0
========================================================================
Received Prepare
Begin MonoManager ReloadAssembly
- Loaded All Assemblies, in  1.793 seconds
Refreshing native plugins compatible for Editor in 2.33 ms, found 3 plugins.
Native extension for iOS target not found
Native extension for Android target not found
Native extension for WindowsStandalone target not found
Mono: successfully reloaded assembly
- Finished resetting the current domain, in  2.460 seconds
Domain Reload Profiling: 4256ms
	BeginReloadAssembly (466ms)
		ExecutionOrderSort (0ms)
		DisableScriptedObjects (15ms)
		BackupInstance (0ms)
		ReleaseScriptingObjects (0ms)
		CreateAndSetChildDomain (87ms)
	RebuildCommonClasses (68ms)
	RebuildNativeTypeToScriptingClass (30ms)
	initialDomainReloadingComplete (61ms)
	LoadAllAssembliesAndSetupDomain (1170ms)
		LoadAssemblies (1022ms)
		RebuildTransferFunctionScriptingTraits (0ms)
		AnalyzeDomain (410ms)
			TypeCache.Refresh (18ms)
				TypeCache.ScanAssembly (0ms)
			BuildScriptInfoCaches (356ms)
			ResolveRequiredComponents (22ms)
	FinalizeReload (2461ms)
		ReleaseScriptCaches (0ms)
		RebuildScriptCaches (0ms)
		SetupLoadedEditorAssemblies (1812ms)
			LogAssemblyErrors (0ms)
			InitializePlatformSupportModulesInManaged (37ms)
			SetLoadedEditorAssemblies (13ms)
			BeforeProcessingInitializeOnLoad (385ms)
			ProcessInitializeOnLoadAttributes (1196ms)
			ProcessInitializeOnLoadMethodAttributes (167ms)
			AfterProcessingInitializeOnLoad (14ms)
			EditorAssembliesLoaded (1ms)
		ExecutionOrderSort2 (0ms)
		AwakeInstancesAfterBackupRestoration (49ms)
Refreshing native plugins compatible for Editor in 9.21 ms, found 3 plugins.
Preloading 0 native plugins for Editor in 0.00 ms.
Unloading 35 Unused Serialized files (Serialized files now loaded: 0)
Unloading 5972 unused Assets / (5.7 MB). Loaded Objects now: 6839.
Memory consumption went from 176.3 MB to 170.6 MB.
Total: 30.757100 ms (FindLiveObjects: 1.468500 ms CreateObjectMapping: 0.825600 ms MarkObjects: 18.713800 ms  DeleteObjects: 9.745900 ms)

Prepare: number of updated asset objects reloaded= 0
========================================================================
Received Prepare
Refreshing native plugins compatible for Editor in 4.09 ms, found 3 plugins.
Preloading 0 native plugins for Editor in 0.00 ms.
Unloading 34 Unused Serialized files (Serialized files now loaded: 0)
Unloading 5965 unused Assets / (6.4 MB). Loaded Objects now: 6839.
Memory consumption went from 176.3 MB to 170.0 MB.
Total: 31.827100 ms (FindLiveObjects: 2.282700 ms CreateObjectMapping: 2.106400 ms MarkObjects: 15.827700 ms  DeleteObjects: 11.606100 ms)

Prepare: number of updated asset objects reloaded= 0
========================================================================
Received Prepare
Begin MonoManager ReloadAssembly
- Loaded All Assemblies, in  1.407 seconds
Refreshing native plugins compatible for Editor in 3.10 ms, found 3 plugins.
Native extension for iOS target not found
Native extension for Android target not found
Native extension for WindowsStandalone target not found
Mono: successfully reloaded assembly
- Finished resetting the current domain, in  1.842 seconds
Domain Reload Profiling: 3251ms
	BeginReloadAssembly (332ms)
		ExecutionOrderSort (0ms)
		DisableScriptedObjects (12ms)
		BackupInstance (0ms)
		ReleaseScriptingObjects (0ms)
		CreateAndSetChildDomain (73ms)
	RebuildCommonClasses (65ms)
	RebuildNativeTypeToScriptingClass (24ms)
	initialDomainReloadingComplete (56ms)
	LoadAllAssembliesAndSetupDomain (931ms)
		LoadAssemblies (701ms)
		RebuildTransferFunctionScriptingTraits (0ms)
		AnalyzeDomain (405ms)
			TypeCache.Refresh (19ms)
				TypeCache.ScanAssembly (1ms)
			BuildScriptInfoCaches (348ms)
			ResolveRequiredComponents (23ms)
	FinalizeReload (1843ms)
		ReleaseScriptCaches (0ms)
		RebuildScriptCaches (0ms)
		SetupLoadedEditorAssemblies (1329ms)
			LogAssemblyErrors (0ms)
			InitializePlatformSupportModulesInManaged (42ms)
			SetLoadedEditorAssemblies (12ms)
			BeforeProcessingInitializeOnLoad (294ms)
			ProcessInitializeOnLoadAttributes (815ms)
			ProcessInitializeOnLoadMethodAttributes (148ms)
			AfterProcessingInitializeOnLoad (17ms)
			EditorAssembliesLoaded (1ms)
		ExecutionOrderSort2 (0ms)
		AwakeInstancesAfterBackupRestoration (43ms)
Refreshing native plugins compatible for Editor in 2.63 ms, found 3 plugins.
Preloading 0 native plugins for Editor in 0.00 ms.
Unloading 35 Unused Serialized files (Serialized files now loaded: 0)
Unloading 5972 unused Assets / (6.0 MB). Loaded Objects now: 6841.
Memory consumption went from 176.3 MB to 170.3 MB.
Total: 17.615200 ms (FindLiveObjects: 0.913400 ms CreateObjectMapping: 0.623400 ms MarkObjects: 9.325500 ms  DeleteObjects: 6.750100 ms)

Prepare: number of updated asset objects reloaded= 0
========================================================================
Received Import Request.
  Time since last request: 58.849711 seconds.
  path: Assets/Stylized_Astronaut/Stylized Astronaut.prefab
  artifactKey: Guid(4be7a99d429a19840a38df28f88a8680) Importer(815301076,1909f56bfc062723c751e8b465ee728b)
Start importing Assets/Stylized_Astronaut/Stylized Astronaut.prefab using Guid(4be7a99d429a19840a38df28f88a8680) Importer(815301076,1909f56bfc062723c751e8b465ee728b) (PreviewImporter) -> (artifact id: 'b92f3c34e798ab7f56d691723564b746') in 0.8522077 seconds
Number of updated asset objects reloaded before import = 0Number of asset objects unloaded after import = 81

========================================================================
Received Prepare
Refreshing native plugins compatible for Editor in 1.45 ms, found 3 plugins.
Preloading 0 native plugins for Editor in 0.00 ms.
Unloading 34 Unused Serialized files (Serialized files now loaded: 0)
Unloading 5966 unused Assets / (6.2 MB). Loaded Objects now: 6982.
Memory consumption went from 184.1 MB to 177.9 MB.
Total: 14.393400 ms (FindLiveObjects: 0.690700 ms CreateObjectMapping: 0.458700 ms MarkObjects: 8.888500 ms  DeleteObjects: 4.353500 ms)

Prepare: number of updated asset objects reloaded= 0
========================================================================
Received Prepare
Begin MonoManager ReloadAssembly
- Loaded All Assemblies, in  1.943 seconds
Refreshing native plugins compatible for Editor in 5.73 ms, found 3 plugins.
Native extension for iOS target not found
Native extension for Android target not found
Native extension for WindowsStandalone target not found
Mono: successfully reloaded assembly
- Finished resetting the current domain, in  2.309 seconds
Domain Reload Profiling: 4253ms
	BeginReloadAssembly (533ms)
		ExecutionOrderSort (0ms)
		DisableScriptedObjects (43ms)
		BackupInstance (0ms)
		ReleaseScriptingObjects (1ms)
		CreateAndSetChildDomain (142ms)
	RebuildCommonClasses (109ms)
	RebuildNativeTypeToScriptingClass (38ms)
	initialDomainReloadingComplete (87ms)
	LoadAllAssembliesAndSetupDomain (1176ms)
		LoadAssemblies (936ms)
		RebuildTransferFunctionScriptingTraits (0ms)
		AnalyzeDomain (506ms)
			TypeCache.Refresh (23ms)
				TypeCache.ScanAssembly (1ms)
			BuildScriptInfoCaches (440ms)
			ResolveRequiredComponents (28ms)
	FinalizeReload (2311ms)
		ReleaseScriptCaches (0ms)
		RebuildScriptCaches (0ms)
		SetupLoadedEditorAssemblies (1685ms)
			LogAssemblyErrors (0ms)
			InitializePlatformSupportModulesInManaged (69ms)
			SetLoadedEditorAssemblies (16ms)
			BeforeProcessingInitializeOnLoad (362ms)
			ProcessInitializeOnLoadAttributes (1060ms)
			ProcessInitializeOnLoadMethodAttributes (163ms)
			AfterProcessingInitializeOnLoad (14ms)
			EditorAssembliesLoaded (0ms)
		ExecutionOrderSort2 (0ms)
		AwakeInstancesAfterBackupRestoration (43ms)
Refreshing native plugins compatible for Editor in 2.72 ms, found 3 plugins.
Preloading 0 native plugins for Editor in 0.00 ms.
Unloading 35 Unused Serialized files (Serialized files now loaded: 0)
Unloading 5972 unused Assets / (6.3 MB). Loaded Objects now: 6863.
Memory consumption went from 180.6 MB to 174.3 MB.
Total: 18.591800 ms (FindLiveObjects: 1.026100 ms CreateObjectMapping: 0.721100 ms MarkObjects: 10.260800 ms  DeleteObjects: 6.580900 ms)

Prepare: number of updated asset objects reloaded= 0
========================================================================
Received Import Request.
  Time since last request: 31.081083 seconds.
  path: Assets/Script/MouseLook.cs
  artifactKey: Guid(db1eb80d23081514a838390e14212565) Importer(815301076,1909f56bfc062723c751e8b465ee728b)
Start importing Assets/Script/MouseLook.cs using Guid(db1eb80d23081514a838390e14212565) Importer(815301076,1909f56bfc062723c751e8b465ee728b) (PreviewImporter) -> (artifact id: '0b9c8aeae1a21dbf4345d697afd44639') in 0.0136005 seconds
Number of updated asset objects reloaded before import = 0Number of asset objects unloaded after import = 0

========================================================================
Received Prepare
Refreshing native plugins compatible for Editor in 8.38 ms, found 3 plugins.
Preloading 0 native plugins for Editor in 0.00 ms.
Unloading 34 Unused Serialized files (Serialized files now loaded: 0)
Unloading 5965 unused Assets / (6.7 MB). Loaded Objects now: 6863.
Memory consumption went from 180.5 MB to 173.8 MB.
Total: 39.953800 ms (FindLiveObjects: 2.050200 ms CreateObjectMapping: 2.041400 ms MarkObjects: 20.330000 ms  DeleteObjects: 15.527500 ms)

Prepare: number of updated asset objects reloaded= 0
========================================================================
Received Import Request.
  Time since last request: 29.804428 seconds.
  path: Assets/Script/MouseLook.cs
  artifactKey: Guid(db1eb80d23081514a838390e14212565) Importer(815301076,1909f56bfc062723c751e8b465ee728b)
Start importing Assets/Script/MouseLook.cs using Guid(db1eb80d23081514a838390e14212565) Importer(815301076,1909f56bfc062723c751e8b465ee728b) (PreviewImporter) -> (artifact id: 'ce9fcff2b9fc3e74b418681fb0153155') in 0.0082336 seconds
Number of updated asset objects reloaded before import = 0Number of asset objects unloaded after import = 0

========================================================================
Received Prepare
Begin MonoManager ReloadAssembly
- Loaded All Assemblies, in  2.437 seconds
Refreshing native plugins compatible for Editor in 7.38 ms, found 3 plugins.
Native extension for iOS target not found
Native extension for Android target not found
Native extension for WindowsStandalone target not found
Mono: successfully reloaded assembly
- Finished resetting the current domain, in  2.367 seconds
Domain Reload Profiling: 4803ms
	BeginReloadAssembly (642ms)
		ExecutionOrderSort (0ms)
		DisableScriptedObjects (32ms)
		BackupInstance (0ms)
		ReleaseScriptingObjects (0ms)
		CreateAndSetChildDomain (143ms)
	RebuildCommonClasses (134ms)
	RebuildNativeTypeToScriptingClass (51ms)
	initialDomainReloadingComplete (105ms)
	LoadAllAssembliesAndSetupDomain (1503ms)
		LoadAssemblies (1129ms)
		RebuildTransferFunctionScriptingTraits (0ms)
		AnalyzeDomain (702ms)
			TypeCache.Refresh (25ms)
				TypeCache.ScanAssembly (0ms)
			BuildScriptInfoCaches (611ms)
			ResolveRequiredComponents (51ms)
	FinalizeReload (2368ms)
		ReleaseScriptCaches (0ms)
		RebuildScriptCaches (0ms)
		SetupLoadedEditorAssemblies (1482ms)
			LogAssemblyErrors (0ms)
			InitializePlatformSupportModulesInManaged (49ms)
			SetLoadedEditorAssemblies (12ms)
			BeforeProcessingInitializeOnLoad (391ms)
			ProcessInitializeOnLoadAttributes (875ms)
			ProcessInitializeOnLoadMethodAttributes (146ms)
			AfterProcessingInitializeOnLoad (8ms)
			EditorAssembliesLoaded (1ms)
		ExecutionOrderSort2 (0ms)
		AwakeInstancesAfterBackupRestoration (47ms)
Refreshing native plugins compatible for Editor in 1.71 ms, found 3 plugins.
Preloading 0 native plugins for Editor in 0.00 ms.
Unloading 35 Unused Serialized files (Serialized files now loaded: 0)
Unloading 5972 unused Assets / (6.7 MB). Loaded Objects now: 6865.
Memory consumption went from 180.5 MB to 173.8 MB.
Total: 17.866200 ms (FindLiveObjects: 0.884400 ms CreateObjectMapping: 0.528200 ms MarkObjects: 10.622500 ms  DeleteObjects: 5.828100 ms)

Prepare: number of updated asset objects reloaded= 0
========================================================================
Received Prepare
Refreshing native plugins compatible for Editor in 1.81 ms, found 3 plugins.
Preloading 0 native plugins for Editor in 0.00 ms.
Unloading 34 Unused Serialized files (Serialized files now loaded: 0)
Unloading 5965 unused Assets / (5.9 MB). Loaded Objects now: 6865.
Memory consumption went from 180.5 MB to 174.6 MB.
Total: 9.013200 ms (FindLiveObjects: 0.604200 ms CreateObjectMapping: 0.508400 ms MarkObjects: 4.921000 ms  DeleteObjects: 2.978000 ms)

Prepare: number of updated asset objects reloaded= 0
========================================================================
Received Import Request.
  Time since last request: 23.155952 seconds.
  path: Assets/Script/MainCamera.cs
  artifactKey: Guid(db1eb80d23081514a838390e14212565) Importer(815301076,1909f56bfc062723c751e8b465ee728b)
Start importing Assets/Script/MainCamera.cs using Guid(db1eb80d23081514a838390e14212565) Importer(815301076,1909f56bfc062723c751e8b465ee728b) (PreviewImporter) -> (artifact id: 'a6289feff14b113a40de4170c201d5a9') in 0.0065417 seconds
Number of updated asset objects reloaded before import = 0Number of asset objects unloaded after import = 0

========================================================================
Received Import Request.
  Time since last request: 2.328238 seconds.
  path: Assets/Script/AstronautPlayer.cs
  artifactKey: Guid(51c7b5abfedd4e741bef70712caf60fd) Importer(815301076,1909f56bfc062723c751e8b465ee728b)
Start importing Assets/Script/AstronautPlayer.cs using Guid(51c7b5abfedd4e741bef70712caf60fd) Importer(815301076,1909f56bfc062723c751e8b465ee728b) (PreviewImporter) -> (artifact id: 'e78eb4ca259b0cd554b693af179e71f9') in 0.002526 seconds
Number of updated asset objects reloaded before import = 0Number of asset objects unloaded after import = 0

========================================================================
Received Prepare
Begin MonoManager ReloadAssembly
- Loaded All Assemblies, in  1.370 seconds
Refreshing native plugins compatible for Editor in 2.53 ms, found 3 plugins.
Native extension for iOS target not found
Native extension for Android target not found
Native extension for WindowsStandalone target not found
Mono: successfully reloaded assembly
- Finished resetting the current domain, in  1.572 seconds
Domain Reload Profiling: 2939ms
	BeginReloadAssembly (310ms)
		ExecutionOrderSort (0ms)
		DisableScriptedObjects (13ms)
		BackupInstance (0ms)
		ReleaseScriptingObjects (0ms)
		CreateAndSetChildDomain (62ms)
	RebuildCommonClasses (74ms)
	RebuildNativeTypeToScriptingClass (25ms)
	initialDomainReloadingComplete (63ms)
	LoadAllAssembliesAndSetupDomain (894ms)
		LoadAssemblies (691ms)
		RebuildTransferFunctionScriptingTraits (0ms)
		AnalyzeDomain (369ms)
			TypeCache.Refresh (19ms)
				TypeCache.ScanAssembly (1ms)
			BuildScriptInfoCaches (321ms)
			ResolveRequiredComponents (20ms)
	FinalizeReload (1572ms)
		ReleaseScriptCaches (0ms)
		RebuildScriptCaches (0ms)
		SetupLoadedEditorAssemblies (1139ms)
			LogAssemblyErrors (0ms)
			InitializePlatformSupportModulesInManaged (39ms)
			SetLoadedEditorAssemblies (16ms)
			BeforeProcessingInitializeOnLoad (287ms)
			ProcessInitializeOnLoadAttributes (677ms)
			ProcessInitializeOnLoadMethodAttributes (112ms)
			AfterProcessingInitializeOnLoad (8ms)
			EditorAssembliesLoaded (0ms)
		ExecutionOrderSort2 (0ms)
		AwakeInstancesAfterBackupRestoration (36ms)
Refreshing native plugins compatible for Editor in 2.08 ms, found 3 plugins.
Preloading 0 native plugins for Editor in 0.00 ms.
Unloading 35 Unused Serialized files (Serialized files now loaded: 0)
Unloading 5972 unused Assets / (5.5 MB). Loaded Objects now: 6867.
Memory consumption went from 180.5 MB to 175.0 MB.
Total: 14.682200 ms (FindLiveObjects: 0.759000 ms CreateObjectMapping: 0.501000 ms MarkObjects: 8.435000 ms  DeleteObjects: 4.984800 ms)

Prepare: number of updated asset objects reloaded= 0
========================================================================
Received Prepare
Refreshing native plugins compatible for Editor in 2.80 ms, found 3 plugins.
Preloading 0 native plugins for Editor in 0.00 ms.
Unloading 34 Unused Serialized files (Serialized files now loaded: 0)
Unloading 5965 unused Assets / (6.8 MB). Loaded Objects now: 6867.
Memory consumption went from 180.5 MB to 173.6 MB.
Total: 15.375700 ms (FindLiveObjects: 1.021200 ms CreateObjectMapping: 0.743100 ms MarkObjects: 7.238500 ms  DeleteObjects: 6.370800 ms)

Prepare: number of updated asset objects reloaded= 0
========================================================================
Received Import Request.
  Time since last request: 19.156076 seconds.
  path: Assets/Script/Player.cs
  artifactKey: Guid(51c7b5abfedd4e741bef70712caf60fd) Importer(815301076,1909f56bfc062723c751e8b465ee728b)
Start importing Assets/Script/Player.cs using Guid(51c7b5abfedd4e741bef70712caf60fd) Importer(815301076,1909f56bfc062723c751e8b465ee728b) (PreviewImporter) -> (artifact id: '17b8e021f356fd734bde3b7ae52549b6') in 0.0089221 seconds
Number of updated asset objects reloaded before import = 0Number of asset objects unloaded after import = 0

========================================================================
Received Prepare
Begin MonoManager ReloadAssembly
- Loaded All Assemblies, in  2.471 seconds
Refreshing native plugins compatible for Editor in 5.84 ms, found 3 plugins.
Native extension for iOS target not found
Native extension for Android target not found
Native extension for WindowsStandalone target not found
Mono: successfully reloaded assembly
- Finished resetting the current domain, in  3.138 seconds
Domain Reload Profiling: 5603ms
	BeginReloadAssembly (711ms)
		ExecutionOrderSort (0ms)
		DisableScriptedObjects (17ms)
		BackupInstance (0ms)
		ReleaseScriptingObjects (0ms)
		CreateAndSetChildDomain (152ms)
	RebuildCommonClasses (156ms)
	RebuildNativeTypeToScriptingClass (36ms)
	initialDomainReloadingComplete (87ms)
	LoadAllAssembliesAndSetupDomain (1473ms)
		LoadAssemblies (1251ms)
		RebuildTransferFunctionScriptingTraits (0ms)
		AnalyzeDomain (662ms)
			TypeCache.Refresh (28ms)
				TypeCache.ScanAssembly (1ms)
			BuildScriptInfoCaches (574ms)
			ResolveRequiredComponents (45ms)
	FinalizeReload (3140ms)
		ReleaseScriptCaches (0ms)
		RebuildScriptCaches (0ms)
		SetupLoadedEditorAssemblies (2403ms)
			LogAssemblyErrors (0ms)
			InitializePlatformSupportModulesInManaged (40ms)
			SetLoadedEditorAssemblies (14ms)
			BeforeProcessingInitializeOnLoad (356ms)
			ProcessInitializeOnLoadAttributes (1634ms)
			ProcessInitializeOnLoadMethodAttributes (328ms)
			AfterProcessingInitializeOnLoad (29ms)
			EditorAssembliesLoaded (1ms)
		ExecutionOrderSort2 (0ms)
		AwakeInstancesAfterBackupRestoration (112ms)
Refreshing native plugins compatible for Editor in 1.99 ms, found 3 plugins.
Preloading 0 native plugins for Editor in 0.00 ms.
Unloading 35 Unused Serialized files (Serialized files now loaded: 0)
Unloading 5972 unused Assets / (5.4 MB). Loaded Objects now: 6869.
Memory consumption went from 180.5 MB to 175.1 MB.
Total: 19.103100 ms (FindLiveObjects: 0.870700 ms CreateObjectMapping: 0.573900 ms MarkObjects: 11.789000 ms  DeleteObjects: 5.865400 ms)

Prepare: number of updated asset objects reloaded= 0
========================================================================
Received Import Request.
  Time since last request: 21.164181 seconds.
  path: Assets/Script/Player.cs
  artifactKey: Guid(51c7b5abfedd4e741bef70712caf60fd) Importer(815301076,1909f56bfc062723c751e8b465ee728b)
Start importing Assets/Script/Player.cs using Guid(51c7b5abfedd4e741bef70712caf60fd) Importer(815301076,1909f56bfc062723c751e8b465ee728b) (PreviewImporter) -> (artifact id: 'b374168dac09e97a55328c1ee3eb8ce8') in 0.0067587 seconds
Number of updated asset objects reloaded before import = 0Number of asset objects unloaded after import = 0

========================================================================
Received Prepare
Refreshing native plugins compatible for Editor in 7.30 ms, found 3 plugins.
Preloading 0 native plugins for Editor in 0.00 ms.
Unloading 34 Unused Serialized files (Serialized files now loaded: 0)
Unloading 5965 unused Assets / (7.4 MB). Loaded Objects now: 6869.
Memory consumption went from 180.5 MB to 173.1 MB.
Total: 70.723100 ms (FindLiveObjects: 1.570000 ms CreateObjectMapping: 1.628600 ms MarkObjects: 30.623200 ms  DeleteObjects: 36.897100 ms)

Prepare: number of updated asset objects reloaded= 0
========================================================================
Received Import Request.
  Time since last request: 67.975970 seconds.
  path: Assets/Script/Player.cs
  artifactKey: Guid(51c7b5abfedd4e741bef70712caf60fd) Importer(815301076,1909f56bfc062723c751e8b465ee728b)
Start importing Assets/Script/Player.cs using Guid(51c7b5abfedd4e741bef70712caf60fd) Importer(815301076,1909f56bfc062723c751e8b465ee728b) (PreviewImporter) -> (artifact id: '73da380d03f8c5d6604e2034ca22bfcf') in 0.2159105 seconds
Number of updated asset objects reloaded before import = 0Number of asset objects unloaded after import = 0

========================================================================
Received Prepare
Begin MonoManager ReloadAssembly
- Loaded All Assemblies, in  2.734 seconds
Refreshing native plugins compatible for Editor in 3.52 ms, found 3 plugins.
Native extension for iOS target not found
Native extension for Android target not found
Native extension for WindowsStandalone target not found
Mono: successfully reloaded assembly
- Finished resetting the current domain, in  3.577 seconds
Domain Reload Profiling: 6313ms
	BeginReloadAssembly (687ms)
		ExecutionOrderSort (0ms)
		DisableScriptedObjects (24ms)
		BackupInstance (0ms)
		ReleaseScriptingObjects (1ms)
		CreateAndSetChildDomain (184ms)
	RebuildCommonClasses (180ms)
	RebuildNativeTypeToScriptingClass (59ms)
	initialDomainReloadingComplete (105ms)
	LoadAllAssembliesAndSetupDomain (1703ms)
		LoadAssemblies (1408ms)
		RebuildTransferFunctionScriptingTraits (0ms)
		AnalyzeDomain (616ms)
			TypeCache.Refresh (23ms)
				TypeCache.ScanAssembly (1ms)
			BuildScriptInfoCaches (558ms)
			ResolveRequiredComponents (24ms)
	FinalizeReload (3579ms)
		ReleaseScriptCaches (0ms)
		RebuildScriptCaches (0ms)
		SetupLoadedEditorAssemblies (2868ms)
			LogAssemblyErrors (0ms)
			InitializePlatformSupportModulesInManaged (46ms)
			SetLoadedEditorAssemblies (13ms)
			BeforeProcessingInitializeOnLoad (418ms)
			ProcessInitializeOnLoadAttributes (2071ms)
			ProcessInitializeOnLoadMethodAttributes (292ms)
			AfterProcessingInitializeOnLoad (27ms)
			EditorAssembliesLoaded (1ms)
		ExecutionOrderSort2 (0ms)
		AwakeInstancesAfterBackupRestoration (84ms)
Refreshing native plugins compatible for Editor in 6.24 ms, found 3 plugins.
Preloading 0 native plugins for Editor in 0.00 ms.
Unloading 35 Unused Serialized files (Serialized files now loaded: 0)
Unloading 5972 unused Assets / (6.5 MB). Loaded Objects now: 6871.
Memory consumption went from 180.5 MB to 174.0 MB.
Total: 41.876300 ms (FindLiveObjects: 1.887400 ms CreateObjectMapping: 1.424400 ms MarkObjects: 25.090200 ms  DeleteObjects: 13.468500 ms)

Prepare: number of updated asset objects reloaded= 0
========================================================================
Received Import Request.
  Time since last request: 21.437880 seconds.
  path: Assets/Script/Player.cs
  artifactKey: Guid(51c7b5abfedd4e741bef70712caf60fd) Importer(815301076,1909f56bfc062723c751e8b465ee728b)
Start importing Assets/Script/Player.cs using Guid(51c7b5abfedd4e741bef70712caf60fd) Importer(815301076,1909f56bfc062723c751e8b465ee728b) (PreviewImporter) -> (artifact id: 'bac861ee3f688a0df4d276efd8e1dc79') in 0.0097347 seconds
Number of updated asset objects reloaded before import = 0Number of asset objects unloaded after import = 0

========================================================================
Received Import Request.
  Time since last request: 5.306409 seconds.
  path: Assets/Script/MainCamera.cs
  artifactKey: Guid(db1eb80d23081514a838390e14212565) Importer(815301076,1909f56bfc062723c751e8b465ee728b)
Start importing Assets/Script/MainCamera.cs using Guid(db1eb80d23081514a838390e14212565) Importer(815301076,1909f56bfc062723c751e8b465ee728b) (PreviewImporter) -> (artifact id: 'db77a7ea098348941b662d89c3c46795') in 0.0038162 seconds
Number of updated asset objects reloaded before import = 0Number of asset objects unloaded after import = 0

========================================================================
Received Prepare
Begin MonoManager ReloadAssembly
- Loaded All Assemblies, in  2.143 seconds
Refreshing native plugins compatible for Editor in 2.84 ms, found 3 plugins.
Native extension for iOS target not found
Native extension for Android target not found
Native extension for WindowsStandalone target not found
Mono: successfully reloaded assembly
- Finished resetting the current domain, in  4.322 seconds
Domain Reload Profiling: 6465ms
	BeginReloadAssembly (552ms)
		ExecutionOrderSort (0ms)
		DisableScriptedObjects (24ms)
		BackupInstance (0ms)
		ReleaseScriptingObjects (0ms)
		CreateAndSetChildDomain (96ms)
	RebuildCommonClasses (126ms)
	RebuildNativeTypeToScriptingClass (94ms)
	initialDomainReloadingComplete (95ms)
	LoadAllAssembliesAndSetupDomain (1274ms)
		LoadAssemblies (1127ms)
		RebuildTransferFunctionScriptingTraits (0ms)
		AnalyzeDomain (477ms)
			TypeCache.Refresh (15ms)
				TypeCache.ScanAssembly (0ms)
			BuildScriptInfoCaches (427ms)
			ResolveRequiredComponents (24ms)
	FinalizeReload (4324ms)
		ReleaseScriptCaches (0ms)
		RebuildScriptCaches (0ms)
		SetupLoadedEditorAssemblies (3431ms)
			LogAssemblyErrors (0ms)
			InitializePlatformSupportModulesInManaged (78ms)
			SetLoadedEditorAssemblies (25ms)
			BeforeProcessingInitializeOnLoad (631ms)
			ProcessInitializeOnLoadAttributes (2351ms)
			ProcessInitializeOnLoadMethodAttributes (333ms)
			AfterProcessingInitializeOnLoad (11ms)
			EditorAssembliesLoaded (1ms)
		ExecutionOrderSort2 (0ms)
		AwakeInstancesAfterBackupRestoration (105ms)
Refreshing native plugins compatible for Editor in 4.37 ms, found 3 plugins.
Preloading 0 native plugins for Editor in 0.00 ms.
Unloading 35 Unused Serialized files (Serialized files now loaded: 0)
Unloading 5972 unused Assets / (6.5 MB). Loaded Objects now: 6873.
Memory consumption went from 180.5 MB to 174.0 MB.
Total: 24.569300 ms (FindLiveObjects: 1.082800 ms CreateObjectMapping: 0.817900 ms MarkObjects: 14.289900 ms  DeleteObjects: 8.374300 ms)

Prepare: number of updated asset objects reloaded= 0
========================================================================
Received Prepare
Begin MonoManager ReloadAssembly
- Loaded All Assemblies, in  2.067 seconds
Refreshing native plugins compatible for Editor in 5.51 ms, found 3 plugins.
Native extension for iOS target not found
Native extension for Android target not found
Native extension for WindowsStandalone target not found
Mono: successfully reloaded assembly
- Finished resetting the current domain, in  6.185 seconds
Domain Reload Profiling: 8258ms
	BeginReloadAssembly (506ms)
		ExecutionOrderSort (0ms)
		DisableScriptedObjects (14ms)
		BackupInstance (0ms)
		ReleaseScriptingObjects (1ms)
		CreateAndSetChildDomain (173ms)
	RebuildCommonClasses (105ms)
	RebuildNativeTypeToScriptingClass (32ms)
	initialDomainReloadingComplete (71ms)
	LoadAllAssembliesAndSetupDomain (1355ms)
		LoadAssemblies (975ms)
		RebuildTransferFunctionScriptingTraits (0ms)
		AnalyzeDomain (606ms)
			TypeCache.Refresh (19ms)
				TypeCache.ScanAssembly (0ms)
			BuildScriptInfoCaches (548ms)
			ResolveRequiredComponents (27ms)
	FinalizeReload (6190ms)
		ReleaseScriptCaches (0ms)
		RebuildScriptCaches (0ms)
		SetupLoadedEditorAssemblies (5018ms)
			LogAssemblyErrors (0ms)
			InitializePlatformSupportModulesInManaged (83ms)
			SetLoadedEditorAssemblies (28ms)
			BeforeProcessingInitializeOnLoad (629ms)
			ProcessInitializeOnLoadAttributes (3950ms)
			ProcessInitializeOnLoadMethodAttributes (291ms)
			AfterProcessingInitializeOnLoad (36ms)
			EditorAssembliesLoaded (1ms)
		ExecutionOrderSort2 (0ms)
		AwakeInstancesAfterBackupRestoration (138ms)
Refreshing native plugins compatible for Editor in 4.18 ms, found 3 plugins.
Preloading 0 native plugins for Editor in 0.00 ms.
Unloading 35 Unused Serialized files (Serialized files now loaded: 0)
Unloading 5972 unused Assets / (6.4 MB). Loaded Objects now: 6875.
Memory consumption went from 180.5 MB to 174.1 MB.
Total: 38.776800 ms (FindLiveObjects: 1.439000 ms CreateObjectMapping: 1.054900 ms MarkObjects: 21.800700 ms  DeleteObjects: 14.477200 ms)

Prepare: number of updated asset objects reloaded= 0
========================================================================
Received Prepare
Begin MonoManager ReloadAssembly
- Loaded All Assemblies, in  2.863 seconds
Refreshing native plugins compatible for Editor in 7.82 ms, found 3 plugins.
Native extension for iOS target not found
Native extension for Android target not found
Native extension for WindowsStandalone target not found
Mono: successfully reloaded assembly
- Finished resetting the current domain, in 18.183 seconds
Domain Reload Profiling: 21048ms
	BeginReloadAssembly (822ms)
		ExecutionOrderSort (0ms)
		DisableScriptedObjects (34ms)
		BackupInstance (0ms)
		ReleaseScriptingObjects (1ms)
		CreateAndSetChildDomain (153ms)
	RebuildCommonClasses (152ms)
	RebuildNativeTypeToScriptingClass (57ms)
	initialDomainReloadingComplete (190ms)
	LoadAllAssembliesAndSetupDomain (1640ms)
		LoadAssemblies (1345ms)
		RebuildTransferFunctionScriptingTraits (0ms)
		AnalyzeDomain (724ms)
			TypeCache.Refresh (29ms)
				TypeCache.ScanAssembly (0ms)
			BuildScriptInfoCaches (632ms)
			ResolveRequiredComponents (45ms)
	FinalizeReload (18186ms)
		ReleaseScriptCaches (0ms)
		RebuildScriptCaches (0ms)
		SetupLoadedEditorAssemblies (14429ms)
			LogAssemblyErrors (0ms)
			InitializePlatformSupportModulesInManaged (145ms)
			SetLoadedEditorAssemblies (108ms)
			BeforeProcessingInitializeOnLoad (3005ms)
			ProcessInitializeOnLoadAttributes (9461ms)
			ProcessInitializeOnLoadMethodAttributes (1671ms)
			AfterProcessingInitializeOnLoad (40ms)
			EditorAssembliesLoaded (1ms)
		ExecutionOrderSort2 (0ms)
		AwakeInstancesAfterBackupRestoration (54ms)
Refreshing native plugins compatible for Editor in 9.00 ms, found 3 plugins.
Preloading 0 native plugins for Editor in 0.00 ms.
Unloading 35 Unused Serialized files (Serialized files now loaded: 0)
Unloading 5972 unused Assets / (5.8 MB). Loaded Objects now: 6877.
Memory consumption went from 180.5 MB to 174.7 MB.
Total: 36.036100 ms (FindLiveObjects: 2.736500 ms CreateObjectMapping: 1.913100 ms MarkObjects: 18.709700 ms  DeleteObjects: 12.671200 ms)

Prepare: number of updated asset objects reloaded= 0
========================================================================
Received Prepare
Refreshing native plugins compatible for Editor in 2.18 ms, found 3 plugins.
Preloading 0 native plugins for Editor in 0.00 ms.
Unloading 34 Unused Serialized files (Serialized files now loaded: 0)
Unloading 5965 unused Assets / (5.2 MB). Loaded Objects now: 6877.
Memory consumption went from 180.5 MB to 175.4 MB.
Total: 24.381200 ms (FindLiveObjects: 1.103200 ms CreateObjectMapping: 0.795400 ms MarkObjects: 16.011200 ms  DeleteObjects: 6.467300 ms)

Prepare: number of updated asset objects reloaded= 0
========================================================================
Received Prepare
Refreshing native plugins compatible for Editor in 2.72 ms, found 3 plugins.
Preloading 0 native plugins for Editor in 0.00 ms.
Unloading 34 Unused Serialized files (Serialized files now loaded: 0)
Unloading 5965 unused Assets / (6.4 MB). Loaded Objects now: 6877.
Memory consumption went from 180.5 MB to 174.1 MB.
Total: 37.415100 ms (FindLiveObjects: 2.183500 ms CreateObjectMapping: 1.003600 ms MarkObjects: 20.662700 ms  DeleteObjects: 13.560600 ms)

Prepare: number of updated asset objects reloaded= 0
========================================================================
Received Prepare
Begin MonoManager ReloadAssembly
- Loaded All Assemblies, in  1.899 seconds
Refreshing native plugins compatible for Editor in 2.17 ms, found 3 plugins.
Native extension for iOS target not found
Native extension for Android target not found
Native extension for WindowsStandalone target not found
Mono: successfully reloaded assembly
- Finished resetting the current domain, in  2.715 seconds
Domain Reload Profiling: 4612ms
	BeginReloadAssembly (455ms)
		ExecutionOrderSort (0ms)
		DisableScriptedObjects (15ms)
		BackupInstance (0ms)
		ReleaseScriptingObjects (0ms)
		CreateAndSetChildDomain (84ms)
	RebuildCommonClasses (96ms)
	RebuildNativeTypeToScriptingClass (33ms)
	initialDomainReloadingComplete (78ms)
	LoadAllAssembliesAndSetupDomain (1235ms)
		LoadAssemblies (965ms)
		RebuildTransferFunctionScriptingTraits (0ms)
		AnalyzeDomain (531ms)
			TypeCache.Refresh (29ms)
				TypeCache.ScanAssembly (1ms)
			BuildScriptInfoCaches (463ms)
			ResolveRequiredComponents (25ms)
	FinalizeReload (2716ms)
		ReleaseScriptCaches (0ms)
		RebuildScriptCaches (0ms)
		SetupLoadedEditorAssemblies (1972ms)
			LogAssemblyErrors (0ms)
			InitializePlatformSupportModulesInManaged (59ms)
			SetLoadedEditorAssemblies (25ms)
			BeforeProcessingInitializeOnLoad (429ms)
			ProcessInitializeOnLoadAttributes (1203ms)
			ProcessInitializeOnLoadMethodAttributes (236ms)
			AfterProcessingInitializeOnLoad (20ms)
			EditorAssembliesLoaded (1ms)
		ExecutionOrderSort2 (0ms)
		AwakeInstancesAfterBackupRestoration (75ms)
Refreshing native plugins compatible for Editor in 2.67 ms, found 3 plugins.
Preloading 0 native plugins for Editor in 0.00 ms.
Unloading 35 Unused Serialized files (Serialized files now loaded: 0)
Unloading 5972 unused Assets / (5.3 MB). Loaded Objects now: 6879.
Memory consumption went from 180.5 MB to 175.2 MB.
Total: 24.412200 ms (FindLiveObjects: 1.053200 ms CreateObjectMapping: 0.705700 ms MarkObjects: 12.011300 ms  DeleteObjects: 10.638300 ms)

Prepare: number of updated asset objects reloaded= 0
========================================================================
Received Prepare
Begin MonoManager ReloadAssembly
- Loaded All Assemblies, in  1.922 seconds
Refreshing native plugins compatible for Editor in 2.12 ms, found 3 plugins.
Native extension for iOS target not found
Native extension for Android target not found
Native extension for WindowsStandalone target not found
Mono: successfully reloaded assembly
- Finished resetting the current domain, in  2.714 seconds
Domain Reload Profiling: 4640ms
	BeginReloadAssembly (499ms)
		ExecutionOrderSort (0ms)
		DisableScriptedObjects (23ms)
		BackupInstance (0ms)
		ReleaseScriptingObjects (0ms)
		CreateAndSetChildDomain (119ms)
	RebuildCommonClasses (87ms)
	RebuildNativeTypeToScriptingClass (39ms)
	initialDomainReloadingComplete (79ms)
	LoadAllAssembliesAndSetupDomain (1220ms)
		LoadAssemblies (978ms)
		RebuildTransferFunctionScriptingTraits (0ms)
		AnalyzeDomain (491ms)
			TypeCache.Refresh (16ms)
				TypeCache.ScanAssembly (0ms)
			BuildScriptInfoCaches (439ms)
			ResolveRequiredComponents (26ms)
	FinalizeReload (2717ms)
		ReleaseScriptCaches (0ms)
		RebuildScriptCaches (0ms)
		SetupLoadedEditorAssemblies (2045ms)
			LogAssemblyErrors (0ms)
			InitializePlatformSupportModulesInManaged (45ms)
			SetLoadedEditorAssemblies (14ms)
			BeforeProcessingInitializeOnLoad (363ms)
			ProcessInitializeOnLoadAttributes (1280ms)
			ProcessInitializeOnLoadMethodAttributes (313ms)
			AfterProcessingInitializeOnLoad (29ms)
			EditorAssembliesLoaded (1ms)
		ExecutionOrderSort2 (0ms)
		AwakeInstancesAfterBackupRestoration (123ms)
Refreshing native plugins compatible for Editor in 7.48 ms, found 3 plugins.
Preloading 0 native plugins for Editor in 0.00 ms.
Unloading 35 Unused Serialized files (Serialized files now loaded: 0)
Unloading 5972 unused Assets / (7.4 MB). Loaded Objects now: 6881.
Memory consumption went from 180.5 MB to 173.1 MB.
Total: 35.398600 ms (FindLiveObjects: 1.182100 ms CreateObjectMapping: 1.454000 ms MarkObjects: 16.546200 ms  DeleteObjects: 16.210900 ms)

Prepare: number of updated asset objects reloaded= 0
========================================================================
Received Prepare
Refreshing native plugins compatible for Editor in 4.21 ms, found 3 plugins.
Preloading 0 native plugins for Editor in 0.00 ms.
Unloading 34 Unused Serialized files (Serialized files now loaded: 0)
Unloading 5965 unused Assets / (7.0 MB). Loaded Objects now: 6881.
Memory consumption went from 180.5 MB to 173.5 MB.
Total: 30.712400 ms (FindLiveObjects: 1.809200 ms CreateObjectMapping: 1.712500 ms MarkObjects: 15.869000 ms  DeleteObjects: 11.317700 ms)

Prepare: number of updated asset objects reloaded= 0
========================================================================
Received Prepare
Begin MonoManager ReloadAssembly
- Loaded All Assemblies, in  3.988 seconds
Refreshing native plugins compatible for Editor in 11.86 ms, found 3 plugins.
Native extension for iOS target not found
Native extension for Android target not found
Native extension for WindowsStandalone target not found
Mono: successfully reloaded assembly
- Finished resetting the current domain, in  2.921 seconds
Domain Reload Profiling: 6886ms
	BeginReloadAssembly (1716ms)
		ExecutionOrderSort (0ms)
		DisableScriptedObjects (86ms)
		BackupInstance (0ms)
		ReleaseScriptingObjects (0ms)
		CreateAndSetChildDomain (159ms)
	RebuildCommonClasses (218ms)
	RebuildNativeTypeToScriptingClass (58ms)
	initialDomainReloadingComplete (140ms)
	LoadAllAssembliesAndSetupDomain (1832ms)
		LoadAssemblies (2341ms)
		RebuildTransferFunctionScriptingTraits (0ms)
		AnalyzeDomain (759ms)
			TypeCache.Refresh (50ms)
				TypeCache.ScanAssembly (0ms)
			BuildScriptInfoCaches (680ms)
			ResolveRequiredComponents (20ms)
	FinalizeReload (2922ms)
		ReleaseScriptCaches (0ms)
		RebuildScriptCaches (0ms)
		SetupLoadedEditorAssemblies (2044ms)
			LogAssemblyErrors (0ms)
			InitializePlatformSupportModulesInManaged (75ms)
			SetLoadedEditorAssemblies (64ms)
			BeforeProcessingInitializeOnLoad (874ms)
			ProcessInitializeOnLoadAttributes (811ms)
			ProcessInitializeOnLoadMethodAttributes (211ms)
			AfterProcessingInitializeOnLoad (8ms)
			EditorAssembliesLoaded (0ms)
		ExecutionOrderSort2 (0ms)
		AwakeInstancesAfterBackupRestoration (46ms)
Refreshing native plugins compatible for Editor in 1.95 ms, found 3 plugins.
Preloading 0 native plugins for Editor in 0.00 ms.
Unloading 35 Unused Serialized files (Serialized files now loaded: 0)
Unloading 5972 unused Assets / (6.2 MB). Loaded Objects now: 6883.
Memory consumption went from 180.5 MB to 174.2 MB.
Total: 16.923800 ms (FindLiveObjects: 0.934900 ms CreateObjectMapping: 0.628700 ms MarkObjects: 9.386600 ms  DeleteObjects: 5.970900 ms)

Prepare: number of updated asset objects reloaded= 0
========================================================================
Received Prepare
Begin MonoManager ReloadAssembly
- Loaded All Assemblies, in  2.132 seconds
Refreshing native plugins compatible for Editor in 2.05 ms, found 3 plugins.
Native extension for iOS target not found
Native extension for Android target not found
Native extension for WindowsStandalone target not found
Mono: successfully reloaded assembly
- Finished resetting the current domain, in  6.283 seconds
Domain Reload Profiling: 8416ms
	BeginReloadAssembly (427ms)
		ExecutionOrderSort (0ms)
		DisableScriptedObjects (17ms)
		BackupInstance (0ms)
		ReleaseScriptingObjects (1ms)
		CreateAndSetChildDomain (119ms)
	RebuildCommonClasses (79ms)
	RebuildNativeTypeToScriptingClass (30ms)
	initialDomainReloadingComplete (79ms)
	LoadAllAssembliesAndSetupDomain (1515ms)
		LoadAssemblies (1012ms)
		RebuildTransferFunctionScriptingTraits (0ms)
		AnalyzeDomain (707ms)
			TypeCache.Refresh (16ms)
				TypeCache.ScanAssembly (0ms)
			BuildScriptInfoCaches (638ms)
			ResolveRequiredComponents (31ms)
	FinalizeReload (6286ms)
		ReleaseScriptCaches (0ms)
		RebuildScriptCaches (0ms)
		SetupLoadedEditorAssemblies (5550ms)
			LogAssemblyErrors (0ms)
			InitializePlatformSupportModulesInManaged (57ms)
			SetLoadedEditorAssemblies (15ms)
			BeforeProcessingInitializeOnLoad (604ms)
			ProcessInitializeOnLoadAttributes (3149ms)
			ProcessInitializeOnLoadMethodAttributes (1702ms)
			AfterProcessingInitializeOnLoad (23ms)
			EditorAssembliesLoaded (1ms)
		ExecutionOrderSort2 (0ms)
		AwakeInstancesAfterBackupRestoration (126ms)
Refreshing native plugins compatible for Editor in 3.44 ms, found 3 plugins.
Preloading 0 native plugins for Editor in 0.00 ms.
Unloading 35 Unused Serialized files (Serialized files now loaded: 0)
Unloading 5972 unused Assets / (5.2 MB). Loaded Objects now: 6885.
Memory consumption went from 180.5 MB to 175.3 MB.
Total: 21.784900 ms (FindLiveObjects: 1.104100 ms CreateObjectMapping: 0.705700 ms MarkObjects: 13.008200 ms  DeleteObjects: 6.963900 ms)

Prepare: number of updated asset objects reloaded= 0
========================================================================
Received Prepare
Refreshing native plugins compatible for Editor in 8.75 ms, found 3 plugins.
Preloading 0 native plugins for Editor in 0.00 ms.
Unloading 34 Unused Serialized files (Serialized files now loaded: 0)
Unloading 5965 unused Assets / (6.8 MB). Loaded Objects now: 6885.
Memory consumption went from 180.5 MB to 173.7 MB.
Total: 65.192500 ms (FindLiveObjects: 2.301800 ms CreateObjectMapping: 2.104700 ms MarkObjects: 44.991500 ms  DeleteObjects: 15.788800 ms)

Prepare: number of updated asset objects reloaded= 0
========================================================================
Received Prepare
Begin MonoManager ReloadAssembly
- Loaded All Assemblies, in  4.646 seconds
Refreshing native plugins compatible for Editor in 4.06 ms, found 3 plugins.
Native extension for iOS target not found
Native extension for Android target not found
Native extension for WindowsStandalone target not found
Mono: successfully reloaded assembly
- Finished resetting the current domain, in  4.890 seconds
Domain Reload Profiling: 9529ms
	BeginReloadAssembly (1121ms)
		ExecutionOrderSort (0ms)
		DisableScriptedObjects (53ms)
		BackupInstance (0ms)
		ReleaseScriptingObjects (1ms)
		CreateAndSetChildDomain (253ms)
	RebuildCommonClasses (197ms)
	RebuildNativeTypeToScriptingClass (65ms)
	initialDomainReloadingComplete (146ms)
	LoadAllAssembliesAndSetupDomain (3106ms)
		LoadAssemblies (2937ms)
		RebuildTransferFunctionScriptingTraits (0ms)
		AnalyzeDomain (759ms)
			TypeCache.Refresh (36ms)
				TypeCache.ScanAssembly (1ms)
			BuildScriptInfoCaches (657ms)
			ResolveRequiredComponents (48ms)
	FinalizeReload (4894ms)
		ReleaseScriptCaches (0ms)
		RebuildScriptCaches (0ms)
		SetupLoadedEditorAssemblies (3871ms)
			LogAssemblyErrors (0ms)
			InitializePlatformSupportModulesInManaged (63ms)
			SetLoadedEditorAssemblies (13ms)
			BeforeProcessingInitializeOnLoad (458ms)
			ProcessInitializeOnLoadAttributes (2828ms)
			ProcessInitializeOnLoadMethodAttributes (482ms)
			AfterProcessingInitializeOnLoad (26ms)
			EditorAssembliesLoaded (1ms)
		ExecutionOrderSort2 (0ms)
		AwakeInstancesAfterBackupRestoration (167ms)
Refreshing native plugins compatible for Editor in 2.88 ms, found 3 plugins.
Preloading 0 native plugins for Editor in 0.00 ms.
Unloading 35 Unused Serialized files (Serialized files now loaded: 0)
Unloading 5972 unused Assets / (6.2 MB). Loaded Objects now: 6887.
Memory consumption went from 180.5 MB to 174.3 MB.
Total: 24.470300 ms (FindLiveObjects: 1.454300 ms CreateObjectMapping: 0.843000 ms MarkObjects: 11.875100 ms  DeleteObjects: 10.293900 ms)

Prepare: number of updated asset objects reloaded= 0
========================================================================
Received Prepare
Begin MonoManager ReloadAssembly
- Loaded All Assemblies, in  2.446 seconds
Refreshing native plugins compatible for Editor in 2.43 ms, found 3 plugins.
Native extension for iOS target not found
Native extension for Android target not found
Native extension for WindowsStandalone target not found
Mono: successfully reloaded assembly
- Finished resetting the current domain, in  3.512 seconds
Domain Reload Profiling: 5954ms
	BeginReloadAssembly (602ms)
		ExecutionOrderSort (0ms)
		DisableScriptedObjects (34ms)
		BackupInstance (0ms)
		ReleaseScriptingObjects (1ms)
		CreateAndSetChildDomain (117ms)
	RebuildCommonClasses (150ms)
	RebuildNativeTypeToScriptingClass (51ms)
	initialDomainReloadingComplete (135ms)
	LoadAllAssembliesAndSetupDomain (1500ms)
		LoadAssemblies (1175ms)
		RebuildTransferFunctionScriptingTraits (0ms)
		AnalyzeDomain (655ms)
			TypeCache.Refresh (25ms)
				TypeCache.ScanAssembly (0ms)
			BuildScriptInfoCaches (563ms)
			ResolveRequiredComponents (46ms)
	FinalizeReload (3515ms)
		ReleaseScriptCaches (0ms)
		RebuildScriptCaches (0ms)
		SetupLoadedEditorAssemblies (2831ms)
			LogAssemblyErrors (0ms)
			InitializePlatformSupportModulesInManaged (56ms)
			SetLoadedEditorAssemblies (19ms)
			BeforeProcessingInitializeOnLoad (469ms)
			ProcessInitializeOnLoadAttributes (1497ms)
			ProcessInitializeOnLoadMethodAttributes (768ms)
			AfterProcessingInitializeOnLoad (22ms)
			EditorAssembliesLoaded (1ms)
		ExecutionOrderSort2 (0ms)
		AwakeInstancesAfterBackupRestoration (97ms)
Refreshing native plugins compatible for Editor in 3.94 ms, found 3 plugins.
Preloading 0 native plugins for Editor in 0.00 ms.
Unloading 35 Unused Serialized files (Serialized files now loaded: 0)
Unloading 5972 unused Assets / (6.6 MB). Loaded Objects now: 6889.
Memory consumption went from 180.5 MB to 173.9 MB.
Total: 30.605100 ms (FindLiveObjects: 1.615100 ms CreateObjectMapping: 1.012800 ms MarkObjects: 17.120700 ms  DeleteObjects: 10.852700 ms)

Prepare: number of updated asset objects reloaded= 0
========================================================================
Received Prepare
Refreshing native plugins compatible for Editor in 13.59 ms, found 3 plugins.
Preloading 0 native plugins for Editor in 0.00 ms.
Unloading 34 Unused Serialized files (Serialized files now loaded: 0)
Unloading 5965 unused Assets / (7.1 MB). Loaded Objects now: 6889.
Memory consumption went from 180.5 MB to 173.4 MB.
Total: 88.515200 ms (FindLiveObjects: 1.647600 ms CreateObjectMapping: 12.068100 ms MarkObjects: 52.634800 ms  DeleteObjects: 22.158500 ms)

Prepare: number of updated asset objects reloaded= 0
========================================================================
Received Prepare
Begin MonoManager ReloadAssembly
- Loaded All Assemblies, in  4.465 seconds
Refreshing native plugins compatible for Editor in 5.56 ms, found 3 plugins.
Native extension for iOS target not found
Native extension for Android target not found
Native extension for WindowsStandalone target not found
Mono: successfully reloaded assembly
- Finished resetting the current domain, in  3.737 seconds
Domain Reload Profiling: 8193ms
	BeginReloadAssembly (1349ms)
		ExecutionOrderSort (0ms)
		DisableScriptedObjects (155ms)
		BackupInstance (0ms)
		ReleaseScriptingObjects (1ms)
		CreateAndSetChildDomain (194ms)
	RebuildCommonClasses (213ms)
	RebuildNativeTypeToScriptingClass (70ms)
	initialDomainReloadingComplete (175ms)
	LoadAllAssembliesAndSetupDomain (2648ms)
		LoadAssemblies (2470ms)
		RebuildTransferFunctionScriptingTraits (0ms)
		AnalyzeDomain (921ms)
			TypeCache.Refresh (49ms)
				TypeCache.ScanAssembly (1ms)
			BuildScriptInfoCaches (804ms)
			ResolveRequiredComponents (52ms)
	FinalizeReload (3738ms)
		ReleaseScriptCaches (0ms)
		RebuildScriptCaches (0ms)
		SetupLoadedEditorAssemblies (2650ms)
			LogAssemblyErrors (0ms)
			InitializePlatformSupportModulesInManaged (127ms)
			SetLoadedEditorAssemblies (81ms)
			BeforeProcessingInitializeOnLoad (639ms)
			ProcessInitializeOnLoadAttributes (1466ms)
			ProcessInitializeOnLoadMethodAttributes (311ms)
			AfterProcessingInitializeOnLoad (25ms)
			EditorAssembliesLoaded (1ms)
		ExecutionOrderSort2 (0ms)
		AwakeInstancesAfterBackupRestoration (78ms)
Refreshing native plugins compatible for Editor in 4.89 ms, found 3 plugins.
Preloading 0 native plugins for Editor in 0.00 ms.
Unloading 35 Unused Serialized files (Serialized files now loaded: 0)
Unloading 5972 unused Assets / (7.7 MB). Loaded Objects now: 6891.
Memory consumption went from 180.5 MB to 172.8 MB.
Total: 22.671800 ms (FindLiveObjects: 1.022400 ms CreateObjectMapping: 0.863000 ms MarkObjects: 12.311700 ms  DeleteObjects: 8.472300 ms)

Prepare: number of updated asset objects reloaded= 0
========================================================================
Received Import Request.
  Time since last request: 1582.857077 seconds.
  path: Assets/Script/Player.cs
  artifactKey: Guid(51c7b5abfedd4e741bef70712caf60fd) Importer(815301076,1909f56bfc062723c751e8b465ee728b)
Start importing Assets/Script/Player.cs using Guid(51c7b5abfedd4e741bef70712caf60fd) Importer(815301076,1909f56bfc062723c751e8b465ee728b) (PreviewImporter) -> (artifact id: '37f21fba2d8af497067b95a76008ed39') in 0.0347698 seconds
Number of updated asset objects reloaded before import = 0Number of asset objects unloaded after import = 0

========================================================================
Received Prepare
Refreshing native plugins compatible for Editor in 0.82 ms, found 3 plugins.
Preloading 0 native plugins for Editor in 0.00 ms.
Unloading 34 Unused Serialized files (Serialized files now loaded: 0)
Unloading 5965 unused Assets / (6.1 MB). Loaded Objects now: 6891.
Memory consumption went from 180.5 MB to 174.4 MB.
Total: 9.352700 ms (FindLiveObjects: 0.556600 ms CreateObjectMapping: 0.314300 ms MarkObjects: 5.543400 ms  DeleteObjects: 2.937200 ms)

Prepare: number of updated asset objects reloaded= 0
========================================================================
Received Prepare
Begin MonoManager ReloadAssembly
- Loaded All Assemblies, in  2.953 seconds
Refreshing native plugins compatible for Editor in 9.84 ms, found 3 plugins.
Native extension for iOS target not found
Native extension for Android target not found
Native extension for WindowsStandalone target not found
Mono: successfully reloaded assembly
- Finished resetting the current domain, in  3.141 seconds
Domain Reload Profiling: 6083ms
	BeginReloadAssembly (728ms)
		ExecutionOrderSort (0ms)
		DisableScriptedObjects (30ms)
		BackupInstance (0ms)
		ReleaseScriptingObjects (0ms)
		CreateAndSetChildDomain (251ms)
	RebuildCommonClasses (123ms)
	RebuildNativeTypeToScriptingClass (42ms)
	initialDomainReloadingComplete (117ms)
	LoadAllAssembliesAndSetupDomain (1931ms)
		LoadAssemblies (1333ms)
		RebuildTransferFunctionScriptingTraits (0ms)
		AnalyzeDomain (936ms)
			TypeCache.Refresh (20ms)
				TypeCache.ScanAssembly (0ms)
			BuildScriptInfoCaches (826ms)
			ResolveRequiredComponents (64ms)
	FinalizeReload (3142ms)
		ReleaseScriptCaches (0ms)
		RebuildScriptCaches (0ms)
		SetupLoadedEditorAssemblies (2339ms)
			LogAssemblyErrors (0ms)
			InitializePlatformSupportModulesInManaged (64ms)
			SetLoadedEditorAssemblies (20ms)
			BeforeProcessingInitializeOnLoad (528ms)
			ProcessInitializeOnLoadAttributes (1523ms)
			ProcessInitializeOnLoadMethodAttributes (188ms)
			AfterProcessingInitializeOnLoad (15ms)
			EditorAssembliesLoaded (1ms)
		ExecutionOrderSort2 (0ms)
		AwakeInstancesAfterBackupRestoration (54ms)
Refreshing native plugins compatible for Editor in 5.20 ms, found 3 plugins.
Preloading 0 native plugins for Editor in 0.00 ms.
Unloading 35 Unused Serialized files (Serialized files now loaded: 0)
Unloading 5972 unused Assets / (4.9 MB). Loaded Objects now: 6893.
Memory consumption went from 180.5 MB to 175.6 MB.
Total: 29.750700 ms (FindLiveObjects: 1.207000 ms CreateObjectMapping: 2.369500 ms MarkObjects: 16.164800 ms  DeleteObjects: 10.004200 ms)

Prepare: number of updated asset objects reloaded= 0
========================================================================
Received Prepare
Refreshing native plugins compatible for Editor in 1.74 ms, found 3 plugins.
Preloading 0 native plugins for Editor in 0.00 ms.
Unloading 34 Unused Serialized files (Serialized files now loaded: 0)
Unloading 5965 unused Assets / (8.4 MB). Loaded Objects now: 6893.
Memory consumption went from 180.6 MB to 172.2 MB.
Total: 18.707500 ms (FindLiveObjects: 0.871200 ms CreateObjectMapping: 0.559900 ms MarkObjects: 8.346500 ms  DeleteObjects: 8.926900 ms)

Prepare: number of updated asset objects reloaded= 0
========================================================================
Received Import Request.
  Time since last request: 32.704911 seconds.
  path: Assets/Script/PlayerController.cs
  artifactKey: Guid(51c7b5abfedd4e741bef70712caf60fd) Importer(815301076,1909f56bfc062723c751e8b465ee728b)
Start importing Assets/Script/PlayerController.cs using Guid(51c7b5abfedd4e741bef70712caf60fd) Importer(815301076,1909f56bfc062723c751e8b465ee728b) (PreviewImporter) -> (artifact id: 'a3734d7304b11075775eb27074d6e6bf') in 0.020744 seconds
Number of updated asset objects reloaded before import = 0Number of asset objects unloaded after import = 0

========================================================================
Received Prepare
Begin MonoManager ReloadAssembly
- Loaded All Assemblies, in  2.810 seconds
Refreshing native plugins compatible for Editor in 2.30 ms, found 3 plugins.
Native extension for iOS target not found
Native extension for Android target not found
Native extension for WindowsStandalone target not found
Mono: successfully reloaded assembly
- Finished resetting the current domain, in  6.116 seconds
Domain Reload Profiling: 8921ms
	BeginReloadAssembly (666ms)
		ExecutionOrderSort (0ms)
		DisableScriptedObjects (22ms)
		BackupInstance (0ms)
		ReleaseScriptingObjects (1ms)
		CreateAndSetChildDomain (135ms)
	RebuildCommonClasses (181ms)
	RebuildNativeTypeToScriptingClass (57ms)
	initialDomainReloadingComplete (141ms)
	LoadAllAssembliesAndSetupDomain (1758ms)
		LoadAssemblies (1404ms)
		RebuildTransferFunctionScriptingTraits (0ms)
		AnalyzeDomain (748ms)
			TypeCache.Refresh (38ms)
				TypeCache.ScanAssembly (1ms)
			BuildScriptInfoCaches (660ms)
			ResolveRequiredComponents (35ms)
	FinalizeReload (6118ms)
		ReleaseScriptCaches (0ms)
		RebuildScriptCaches (0ms)
		SetupLoadedEditorAssemblies (4165ms)
			LogAssemblyErrors (0ms)
			InitializePlatformSupportModulesInManaged (62ms)
			SetLoadedEditorAssemblies (34ms)
			BeforeProcessingInitializeOnLoad (497ms)
			ProcessInitializeOnLoadAttributes (2947ms)
			ProcessInitializeOnLoadMethodAttributes (606ms)
			AfterProcessingInitializeOnLoad (18ms)
			EditorAssembliesLoaded (1ms)
		ExecutionOrderSort2 (0ms)
		AwakeInstancesAfterBackupRestoration (549ms)
Refreshing native plugins compatible for Editor in 7.62 ms, found 3 plugins.
Preloading 0 native plugins for Editor in 0.00 ms.
Unloading 35 Unused Serialized files (Serialized files now loaded: 0)
Unloading 5972 unused Assets / (4.1 MB). Loaded Objects now: 6895.
Memory consumption went from 180.5 MB to 176.4 MB.
Total: 30.045000 ms (FindLiveObjects: 1.225400 ms CreateObjectMapping: 2.269600 ms MarkObjects: 18.325500 ms  DeleteObjects: 8.219900 ms)

Prepare: number of updated asset objects reloaded= 0
========================================================================
Received Import Request.
  Time since last request: 59.961318 seconds.
  path: Assets/Script/PlayerController.cs
  artifactKey: Guid(51c7b5abfedd4e741bef70712caf60fd) Importer(815301076,1909f56bfc062723c751e8b465ee728b)
Start importing Assets/Script/PlayerController.cs using Guid(51c7b5abfedd4e741bef70712caf60fd) Importer(815301076,1909f56bfc062723c751e8b465ee728b) (PreviewImporter) -> (artifact id: '1ed80a51f4f82b381924b22f416e2d9f') in 0.0078935 seconds
Number of updated asset objects reloaded before import = 0Number of asset objects unloaded after import = 0

========================================================================
Received Prepare
Begin MonoManager ReloadAssembly
- Loaded All Assemblies, in  1.666 seconds
Refreshing native plugins compatible for Editor in 1.47 ms, found 3 plugins.
Native extension for iOS target not found
Native extension for Android target not found
Native extension for WindowsStandalone target not found
Mono: successfully reloaded assembly
- Finished resetting the current domain, in  2.694 seconds
Domain Reload Profiling: 4362ms
	BeginReloadAssembly (413ms)
		ExecutionOrderSort (0ms)
		DisableScriptedObjects (17ms)
		BackupInstance (0ms)
		ReleaseScriptingObjects (0ms)
		CreateAndSetChildDomain (87ms)
	RebuildCommonClasses (73ms)
	RebuildNativeTypeToScriptingClass (29ms)
	initialDomainReloadingComplete (66ms)
	LoadAllAssembliesAndSetupDomain (1085ms)
		LoadAssemblies (852ms)
		RebuildTransferFunctionScriptingTraits (0ms)
		AnalyzeDomain (460ms)
			TypeCache.Refresh (16ms)
				TypeCache.ScanAssembly (0ms)
			BuildScriptInfoCaches (413ms)
			ResolveRequiredComponents (22ms)
	FinalizeReload (2696ms)
		ReleaseScriptCaches (0ms)
		RebuildScriptCaches (0ms)
		SetupLoadedEditorAssemblies (2091ms)
			LogAssemblyErrors (0ms)
			InitializePlatformSupportModulesInManaged (49ms)
			SetLoadedEditorAssemblies (16ms)
			BeforeProcessingInitializeOnLoad (309ms)
			ProcessInitializeOnLoadAttributes (1331ms)
			ProcessInitializeOnLoadMethodAttributes (367ms)
			AfterProcessingInitializeOnLoad (17ms)
			EditorAssembliesLoaded (1ms)
		ExecutionOrderSort2 (0ms)
		AwakeInstancesAfterBackupRestoration (105ms)
Refreshing native plugins compatible for Editor in 6.01 ms, found 3 plugins.
Preloading 0 native plugins for Editor in 0.00 ms.
Unloading 35 Unused Serialized files (Serialized files now loaded: 0)
Unloading 5972 unused Assets / (6.4 MB). Loaded Objects now: 6897.
Memory consumption went from 180.5 MB to 174.1 MB.
Total: 33.363700 ms (FindLiveObjects: 2.194600 ms CreateObjectMapping: 1.875200 ms MarkObjects: 16.030500 ms  DeleteObjects: 13.259500 ms)

Prepare: number of updated asset objects reloaded= 0
========================================================================
Received Prepare
Begin MonoManager ReloadAssembly
- Loaded All Assemblies, in  1.963 seconds
Refreshing native plugins compatible for Editor in 3.71 ms, found 3 plugins.
Native extension for iOS target not found
Native extension for Android target not found
Native extension for WindowsStandalone target not found
Mono: successfully reloaded assembly
- Finished resetting the current domain, in  2.763 seconds
Domain Reload Profiling: 4722ms
	BeginReloadAssembly (463ms)
		ExecutionOrderSort (0ms)
		DisableScriptedObjects (17ms)
		BackupInstance (0ms)
		ReleaseScriptingObjects (0ms)
		CreateAndSetChildDomain (90ms)
	RebuildCommonClasses (108ms)
	RebuildNativeTypeToScriptingClass (34ms)
	initialDomainReloadingComplete (100ms)
	LoadAllAssembliesAndSetupDomain (1251ms)
		LoadAssemblies (1029ms)
		RebuildTransferFunctionScriptingTraits (0ms)
		AnalyzeDomain (493ms)
			TypeCache.Refresh (14ms)
				TypeCache.ScanAssembly (0ms)
			BuildScriptInfoCaches (440ms)
			ResolveRequiredComponents (24ms)
	FinalizeReload (2765ms)
		ReleaseScriptCaches (0ms)
		RebuildScriptCaches (0ms)
		SetupLoadedEditorAssemblies (2037ms)
			LogAssemblyErrors (0ms)
			InitializePlatformSupportModulesInManaged (43ms)
			SetLoadedEditorAssemblies (22ms)
			BeforeProcessingInitializeOnLoad (358ms)
			ProcessInitializeOnLoadAttributes (1280ms)
			ProcessInitializeOnLoadMethodAttributes (304ms)
			AfterProcessingInitializeOnLoad (28ms)
			EditorAssembliesLoaded (1ms)
		ExecutionOrderSort2 (0ms)
		AwakeInstancesAfterBackupRestoration (131ms)
Refreshing native plugins compatible for Editor in 2.64 ms, found 3 plugins.
Preloading 0 native plugins for Editor in 0.00 ms.
Unloading 35 Unused Serialized files (Serialized files now loaded: 0)
Unloading 5972 unused Assets / (3.8 MB). Loaded Objects now: 6899.
Memory consumption went from 180.5 MB to 176.7 MB.
Total: 23.445100 ms (FindLiveObjects: 1.137600 ms CreateObjectMapping: 1.057900 ms MarkObjects: 13.956000 ms  DeleteObjects: 7.288200 ms)

Prepare: number of updated asset objects reloaded= 0
========================================================================
Received Prepare
Begin MonoManager ReloadAssembly
- Loaded All Assemblies, in  2.247 seconds
Refreshing native plugins compatible for Editor in 3.68 ms, found 3 plugins.
Native extension for iOS target not found
Native extension for Android target not found
Native extension for WindowsStandalone target not found
Mono: successfully reloaded assembly
- Finished resetting the current domain, in  3.709 seconds
Domain Reload Profiling: 5955ms
	BeginReloadAssembly (605ms)
		ExecutionOrderSort (0ms)
		DisableScriptedObjects (39ms)
		BackupInstance (0ms)
		ReleaseScriptingObjects (0ms)
		CreateAndSetChildDomain (159ms)
	RebuildCommonClasses (197ms)
	RebuildNativeTypeToScriptingClass (41ms)
	initialDomainReloadingComplete (102ms)
	LoadAllAssembliesAndSetupDomain (1299ms)
		LoadAssemblies (1039ms)
		RebuildTransferFunctionScriptingTraits (0ms)
		AnalyzeDomain (559ms)
			TypeCache.Refresh (16ms)
				TypeCache.ScanAssembly (0ms)
			BuildScriptInfoCaches (511ms)
			ResolveRequiredComponents (20ms)
	FinalizeReload (3710ms)
		ReleaseScriptCaches (0ms)
		RebuildScriptCaches (0ms)
		SetupLoadedEditorAssemblies (2984ms)
			LogAssemblyErrors (0ms)
			InitializePlatformSupportModulesInManaged (50ms)
			SetLoadedEditorAssemblies (16ms)
			BeforeProcessingInitializeOnLoad (383ms)
			ProcessInitializeOnLoadAttributes (2215ms)
			ProcessInitializeOnLoadMethodAttributes (299ms)
			AfterProcessingInitializeOnLoad (20ms)
			EditorAssembliesLoaded (1ms)
		ExecutionOrderSort2 (0ms)
		AwakeInstancesAfterBackupRestoration (123ms)
Refreshing native plugins compatible for Editor in 3.04 ms, found 3 plugins.
Preloading 0 native plugins for Editor in 0.00 ms.
Unloading 35 Unused Serialized files (Serialized files now loaded: 0)
Unloading 5972 unused Assets / (5.6 MB). Loaded Objects now: 6901.
Memory consumption went from 180.6 MB to 174.9 MB.
Total: 28.257600 ms (FindLiveObjects: 1.296800 ms CreateObjectMapping: 0.910800 ms MarkObjects: 15.905500 ms  DeleteObjects: 10.138800 ms)

Prepare: number of updated asset objects reloaded= 0
========================================================================
Received Prepare
Refreshing native plugins compatible for Editor in 4.41 ms, found 3 plugins.
Preloading 0 native plugins for Editor in 0.00 ms.
Unloading 34 Unused Serialized files (Serialized files now loaded: 0)
Unloading 5965 unused Assets / (7.1 MB). Loaded Objects now: 6901.
Memory consumption went from 180.6 MB to 173.5 MB.
Total: 30.371200 ms (FindLiveObjects: 1.549800 ms CreateObjectMapping: 1.515000 ms MarkObjects: 15.689500 ms  DeleteObjects: 11.614000 ms)

Prepare: number of updated asset objects reloaded= 0
========================================================================
Received Prepare
Begin MonoManager ReloadAssembly
- Loaded All Assemblies, in  2.791 seconds
Refreshing native plugins compatible for Editor in 8.23 ms, found 3 plugins.
Native extension for iOS target not found
Native extension for Android target not found
Native extension for WindowsStandalone target not found
Mono: successfully reloaded assembly
- Finished resetting the current domain, in  1.504 seconds
Domain Reload Profiling: 4287ms
	BeginReloadAssembly (759ms)
		ExecutionOrderSort (0ms)
		DisableScriptedObjects (44ms)
		BackupInstance (0ms)
		ReleaseScriptingObjects (0ms)
		CreateAndSetChildDomain (158ms)
	RebuildCommonClasses (129ms)
	RebuildNativeTypeToScriptingClass (45ms)
	initialDomainReloadingComplete (109ms)
	LoadAllAssembliesAndSetupDomain (1740ms)
		LoadAssemblies (1437ms)
		RebuildTransferFunctionScriptingTraits (0ms)
		AnalyzeDomain (704ms)
			TypeCache.Refresh (34ms)
				TypeCache.ScanAssembly (1ms)
			BuildScriptInfoCaches (612ms)
			ResolveRequiredComponents (41ms)
	FinalizeReload (1505ms)
		ReleaseScriptCaches (0ms)
		RebuildScriptCaches (0ms)
		SetupLoadedEditorAssemblies (805ms)
			LogAssemblyErrors (0ms)
			InitializePlatformSupportModulesInManaged (73ms)
			SetLoadedEditorAssemblies (23ms)
			BeforeProcessingInitializeOnLoad (219ms)
			ProcessInitializeOnLoadAttributes (410ms)
			ProcessInitializeOnLoadMethodAttributes (75ms)
			AfterProcessingInitializeOnLoad (5ms)
			EditorAssembliesLoaded (0ms)
		ExecutionOrderSort2 (0ms)
		AwakeInstancesAfterBackupRestoration (23ms)
Refreshing native plugins compatible for Editor in 1.14 ms, found 3 plugins.
Preloading 0 native plugins for Editor in 0.00 ms.
Unloading 35 Unused Serialized files (Serialized files now loaded: 0)
Unloading 5972 unused Assets / (6.6 MB). Loaded Objects now: 6903.
Memory consumption went from 180.6 MB to 174.0 MB.
Total: 10.482700 ms (FindLiveObjects: 0.539700 ms CreateObjectMapping: 0.362700 ms MarkObjects: 5.759100 ms  DeleteObjects: 3.819400 ms)

Prepare: number of updated asset objects reloaded= 0
========================================================================
Received Prepare
Begin MonoManager ReloadAssembly
- Loaded All Assemblies, in  0.743 seconds
Refreshing native plugins compatible for Editor in 0.82 ms, found 3 plugins.
Native extension for iOS target not found
Native extension for Android target not found
Native extension for WindowsStandalone target not found
Mono: successfully reloaded assembly
- Finished resetting the current domain, in  0.853 seconds
Domain Reload Profiling: 1597ms
	BeginReloadAssembly (183ms)
		ExecutionOrderSort (0ms)
		DisableScriptedObjects (7ms)
		BackupInstance (0ms)
		ReleaseScriptingObjects (0ms)
		CreateAndSetChildDomain (42ms)
	RebuildCommonClasses (48ms)
	RebuildNativeTypeToScriptingClass (12ms)
	initialDomainReloadingComplete (35ms)
	LoadAllAssembliesAndSetupDomain (466ms)
		LoadAssemblies (364ms)
		RebuildTransferFunctionScriptingTraits (0ms)
		AnalyzeDomain (193ms)
			TypeCache.Refresh (8ms)
				TypeCache.ScanAssembly (0ms)
			BuildScriptInfoCaches (170ms)
			ResolveRequiredComponents (9ms)
	FinalizeReload (853ms)
		ReleaseScriptCaches (0ms)
		RebuildScriptCaches (0ms)
		SetupLoadedEditorAssemblies (622ms)
			LogAssemblyErrors (0ms)
			InitializePlatformSupportModulesInManaged (17ms)
			SetLoadedEditorAssemblies (9ms)
			BeforeProcessingInitializeOnLoad (142ms)
			ProcessInitializeOnLoadAttributes (383ms)
			ProcessInitializeOnLoadMethodAttributes (68ms)
			AfterProcessingInitializeOnLoad (4ms)
			EditorAssembliesLoaded (0ms)
		ExecutionOrderSort2 (0ms)
		AwakeInstancesAfterBackupRestoration (25ms)
Refreshing native plugins compatible for Editor in 1.13 ms, found 3 plugins.
Preloading 0 native plugins for Editor in 0.00 ms.
Unloading 35 Unused Serialized files (Serialized files now loaded: 0)
Unloading 5972 unused Assets / (5.9 MB). Loaded Objects now: 6905.
Memory consumption went from 180.6 MB to 174.7 MB.
Total: 10.332200 ms (FindLiveObjects: 0.679500 ms CreateObjectMapping: 0.588500 ms MarkObjects: 5.216200 ms  DeleteObjects: 3.846300 ms)

Prepare: number of updated asset objects reloaded= 0
========================================================================
Received Prepare
Refreshing native plugins compatible for Editor in 4.48 ms, found 3 plugins.
Preloading 0 native plugins for Editor in 0.00 ms.
Unloading 34 Unused Serialized files (Serialized files now loaded: 0)
Unloading 5965 unused Assets / (6.5 MB). Loaded Objects now: 6905.
Memory consumption went from 180.6 MB to 174.1 MB.
Total: 30.253200 ms (FindLiveObjects: 1.568000 ms CreateObjectMapping: 1.529000 ms MarkObjects: 16.972100 ms  DeleteObjects: 10.180700 ms)

Prepare: number of updated asset objects reloaded= 0
========================================================================
Received Prepare
Begin MonoManager ReloadAssembly
- Loaded All Assemblies, in  0.781 seconds
Refreshing native plugins compatible for Editor in 1.48 ms, found 3 plugins.
Native extension for iOS target not found
Native extension for Android target not found
Native extension for WindowsStandalone target not found
Mono: successfully reloaded assembly
- Finished resetting the current domain, in  0.953 seconds
Domain Reload Profiling: 1735ms
	BeginReloadAssembly (209ms)
		ExecutionOrderSort (0ms)
		DisableScriptedObjects (7ms)
		BackupInstance (0ms)
		ReleaseScriptingObjects (0ms)
		CreateAndSetChildDomain (43ms)
	RebuildCommonClasses (42ms)
	RebuildNativeTypeToScriptingClass (14ms)
	initialDomainReloadingComplete (31ms)
	LoadAllAssembliesAndSetupDomain (484ms)
		LoadAssemblies (384ms)
		RebuildTransferFunctionScriptingTraits (0ms)
		AnalyzeDomain (213ms)
			TypeCache.Refresh (11ms)
				TypeCache.ScanAssembly (0ms)
			BuildScriptInfoCaches (186ms)
			ResolveRequiredComponents (10ms)
	FinalizeReload (954ms)
		ReleaseScriptCaches (0ms)
		RebuildScriptCaches (0ms)
		SetupLoadedEditorAssemblies (696ms)
			LogAssemblyErrors (0ms)
			InitializePlatformSupportModulesInManaged (18ms)
			SetLoadedEditorAssemblies (7ms)
			BeforeProcessingInitializeOnLoad (151ms)
			ProcessInitializeOnLoadAttributes (424ms)
			ProcessInitializeOnLoadMethodAttributes (91ms)
			AfterProcessingInitializeOnLoad (5ms)
			EditorAssembliesLoaded (0ms)
		ExecutionOrderSort2 (0ms)
		AwakeInstancesAfterBackupRestoration (23ms)
Refreshing native plugins compatible for Editor in 0.87 ms, found 3 plugins.
Preloading 0 native plugins for Editor in 0.00 ms.
Unloading 35 Unused Serialized files (Serialized files now loaded: 0)
Unloading 5972 unused Assets / (5.8 MB). Loaded Objects now: 6907.
Memory consumption went from 180.6 MB to 174.8 MB.
Total: 8.223600 ms (FindLiveObjects: 0.607000 ms CreateObjectMapping: 0.467100 ms MarkObjects: 4.480400 ms  DeleteObjects: 2.667600 ms)

Prepare: number of updated asset objects reloaded= 0
========================================================================
Received Prepare
Begin MonoManager ReloadAssembly
- Loaded All Assemblies, in  0.669 seconds
Refreshing native plugins compatible for Editor in 0.66 ms, found 3 plugins.
Native extension for iOS target not found
Native extension for Android target not found
Native extension for WindowsStandalone target not found
Mono: successfully reloaded assembly
- Finished resetting the current domain, in  0.800 seconds
Domain Reload Profiling: 1470ms
	BeginReloadAssembly (188ms)
		ExecutionOrderSort (0ms)
		DisableScriptedObjects (10ms)
		BackupInstance (0ms)
		ReleaseScriptingObjects (0ms)
		CreateAndSetChildDomain (43ms)
	RebuildCommonClasses (34ms)
	RebuildNativeTypeToScriptingClass (12ms)
	initialDomainReloadingComplete (30ms)
	LoadAllAssembliesAndSetupDomain (404ms)
		LoadAssemblies (334ms)
		RebuildTransferFunctionScriptingTraits (0ms)
		AnalyzeDomain (163ms)
			TypeCache.Refresh (10ms)
				TypeCache.ScanAssembly (0ms)
			BuildScriptInfoCaches (140ms)
			ResolveRequiredComponents (8ms)
	FinalizeReload (801ms)
		ReleaseScriptCaches (0ms)
		RebuildScriptCaches (0ms)
		SetupLoadedEditorAssemblies (591ms)
			LogAssemblyErrors (0ms)
			InitializePlatformSupportModulesInManaged (17ms)
			SetLoadedEditorAssemblies (6ms)
			BeforeProcessingInitializeOnLoad (118ms)
			ProcessInitializeOnLoadAttributes (377ms)
			ProcessInitializeOnLoadMethodAttributes (67ms)
			AfterProcessingInitializeOnLoad (5ms)
			EditorAssembliesLoaded (0ms)
		ExecutionOrderSort2 (0ms)
		AwakeInstancesAfterBackupRestoration (20ms)
Refreshing native plugins compatible for Editor in 0.82 ms, found 3 plugins.
Preloading 0 native plugins for Editor in 0.00 ms.
Unloading 35 Unused Serialized files (Serialized files now loaded: 0)
Unloading 5972 unused Assets / (6.5 MB). Loaded Objects now: 6909.
Memory consumption went from 180.6 MB to 174.1 MB.
Total: 11.655900 ms (FindLiveObjects: 0.641400 ms CreateObjectMapping: 0.384000 ms MarkObjects: 6.223300 ms  DeleteObjects: 4.405600 ms)

Prepare: number of updated asset objects reloaded= 0
========================================================================
Received Prepare
Refreshing native plugins compatible for Editor in 2.50 ms, found 3 plugins.
Preloading 0 native plugins for Editor in 0.00 ms.
Unloading 34 Unused Serialized files (Serialized files now loaded: 0)
Unloading 5965 unused Assets / (6.3 MB). Loaded Objects now: 6909.
Memory consumption went from 180.6 MB to 174.3 MB.
Total: 22.101900 ms (FindLiveObjects: 0.957200 ms CreateObjectMapping: 0.882200 ms MarkObjects: 13.676600 ms  DeleteObjects: 6.581800 ms)

Prepare: number of updated asset objects reloaded= 0
========================================================================
Received Prepare
Begin MonoManager ReloadAssembly
- Loaded All Assemblies, in  2.663 seconds
Refreshing native plugins compatible for Editor in 4.33 ms, found 3 plugins.
Native extension for iOS target not found
Native extension for Android target not found
Native extension for WindowsStandalone target not found
Mono: successfully reloaded assembly
- Finished resetting the current domain, in  2.550 seconds
Domain Reload Profiling: 5204ms
	BeginReloadAssembly (701ms)
		ExecutionOrderSort (1ms)
		DisableScriptedObjects (52ms)
		BackupInstance (0ms)
		ReleaseScriptingObjects (0ms)
		CreateAndSetChildDomain (131ms)
	RebuildCommonClasses (130ms)
	RebuildNativeTypeToScriptingClass (58ms)
	initialDomainReloadingComplete (157ms)
	LoadAllAssembliesAndSetupDomain (1608ms)
		LoadAssemblies (1254ms)
		RebuildTransferFunctionScriptingTraits (0ms)
		AnalyzeDomain (729ms)
			TypeCache.Refresh (35ms)
				TypeCache.ScanAssembly (1ms)
			BuildScriptInfoCaches (633ms)
			ResolveRequiredComponents (42ms)
	FinalizeReload (2551ms)
		ReleaseScriptCaches (0ms)
		RebuildScriptCaches (0ms)
		SetupLoadedEditorAssemblies (1908ms)
			LogAssemblyErrors (0ms)
			InitializePlatformSupportModulesInManaged (51ms)
			SetLoadedEditorAssemblies (15ms)
			BeforeProcessingInitializeOnLoad (391ms)
			ProcessInitializeOnLoadAttributes (1253ms)
			ProcessInitializeOnLoadMethodAttributes (192ms)
			AfterProcessingInitializeOnLoad (4ms)
			EditorAssembliesLoaded (0ms)
		ExecutionOrderSort2 (0ms)
		AwakeInstancesAfterBackupRestoration (23ms)
Refreshing native plugins compatible for Editor in 1.11 ms, found 3 plugins.
Preloading 0 native plugins for Editor in 0.00 ms.
Unloading 35 Unused Serialized files (Serialized files now loaded: 0)
Unloading 5972 unused Assets / (6.1 MB). Loaded Objects now: 6911.
Memory consumption went from 180.6 MB to 174.4 MB.
Total: 10.613300 ms (FindLiveObjects: 0.743800 ms CreateObjectMapping: 0.530100 ms MarkObjects: 5.733100 ms  DeleteObjects: 3.604100 ms)

Prepare: number of updated asset objects reloaded= 0
========================================================================
Received Prepare
Begin MonoManager ReloadAssembly
- Loaded All Assemblies, in  0.667 seconds
Refreshing native plugins compatible for Editor in 1.19 ms, found 3 plugins.
Native extension for iOS target not found
Native extension for Android target not found
Native extension for WindowsStandalone target not found
Mono: successfully reloaded assembly
- Finished resetting the current domain, in  0.814 seconds
Domain Reload Profiling: 1482ms
	BeginReloadAssembly (180ms)
		ExecutionOrderSort (0ms)
		DisableScriptedObjects (7ms)
		BackupInstance (0ms)
		ReleaseScriptingObjects (0ms)
		CreateAndSetChildDomain (42ms)
	RebuildCommonClasses (32ms)
	RebuildNativeTypeToScriptingClass (11ms)
	initialDomainReloadingComplete (25ms)
	LoadAllAssembliesAndSetupDomain (420ms)
		LoadAssemblies (327ms)
		RebuildTransferFunctionScriptingTraits (0ms)
		AnalyzeDomain (179ms)
			TypeCache.Refresh (7ms)
				TypeCache.ScanAssembly (0ms)
			BuildScriptInfoCaches (152ms)
			ResolveRequiredComponents (13ms)
	FinalizeReload (814ms)
		ReleaseScriptCaches (0ms)
		RebuildScriptCaches (0ms)
		SetupLoadedEditorAssemblies (587ms)
			LogAssemblyErrors (0ms)
			InitializePlatformSupportModulesInManaged (15ms)
			SetLoadedEditorAssemblies (6ms)
			BeforeProcessingInitializeOnLoad (112ms)
			ProcessInitializeOnLoadAttributes (384ms)
			ProcessInitializeOnLoadMethodAttributes (65ms)
			AfterProcessingInitializeOnLoad (6ms)
			EditorAssembliesLoaded (0ms)
		ExecutionOrderSort2 (0ms)
		AwakeInstancesAfterBackupRestoration (24ms)
Refreshing native plugins compatible for Editor in 0.88 ms, found 3 plugins.
Preloading 0 native plugins for Editor in 0.00 ms.
Unloading 35 Unused Serialized files (Serialized files now loaded: 0)
Unloading 5972 unused Assets / (5.6 MB). Loaded Objects now: 6913.
Memory consumption went from 180.6 MB to 174.9 MB.
Total: 9.046500 ms (FindLiveObjects: 0.626100 ms CreateObjectMapping: 0.404600 ms MarkObjects: 4.868000 ms  DeleteObjects: 3.146300 ms)

Prepare: number of updated asset objects reloaded= 0
========================================================================
Received Prepare
Begin MonoManager ReloadAssembly
- Loaded All Assemblies, in  0.727 seconds
Refreshing native plugins compatible for Editor in 0.75 ms, found 3 plugins.
Native extension for iOS target not found
Native extension for Android target not found
Native extension for WindowsStandalone target not found
Mono: successfully reloaded assembly
- Finished resetting the current domain, in  0.768 seconds
Domain Reload Profiling: 1497ms
	BeginReloadAssembly (207ms)
		ExecutionOrderSort (0ms)
		DisableScriptedObjects (10ms)
		BackupInstance (0ms)
		ReleaseScriptingObjects (0ms)
		CreateAndSetChildDomain (51ms)
	RebuildCommonClasses (35ms)
	RebuildNativeTypeToScriptingClass (16ms)
	initialDomainReloadingComplete (36ms)
	LoadAllAssembliesAndSetupDomain (434ms)
		LoadAssemblies (357ms)
		RebuildTransferFunctionScriptingTraits (0ms)
		AnalyzeDomain (175ms)
			TypeCache.Refresh (6ms)
				TypeCache.ScanAssembly (0ms)
			BuildScriptInfoCaches (154ms)
			ResolveRequiredComponents (9ms)
	FinalizeReload (769ms)
		ReleaseScriptCaches (0ms)
		RebuildScriptCaches (0ms)
		SetupLoadedEditorAssemblies (566ms)
			LogAssemblyErrors (0ms)
			InitializePlatformSupportModulesInManaged (17ms)
			SetLoadedEditorAssemblies (8ms)
			BeforeProcessingInitializeOnLoad (114ms)
			ProcessInitializeOnLoadAttributes (354ms)
			ProcessInitializeOnLoadMethodAttributes (69ms)
			AfterProcessingInitializeOnLoad (4ms)
			EditorAssembliesLoaded (0ms)
		ExecutionOrderSort2 (0ms)
		AwakeInstancesAfterBackupRestoration (24ms)
Refreshing native plugins compatible for Editor in 0.93 ms, found 3 plugins.
Preloading 0 native plugins for Editor in 0.00 ms.
Unloading 35 Unused Serialized files (Serialized files now loaded: 0)
Unloading 5972 unused Assets / (6.2 MB). Loaded Objects now: 6915.
Memory consumption went from 180.6 MB to 174.3 MB.
Total: 13.136700 ms (FindLiveObjects: 0.933600 ms CreateObjectMapping: 0.767900 ms MarkObjects: 6.517000 ms  DeleteObjects: 4.915600 ms)

Prepare: number of updated asset objects reloaded= 0
========================================================================
Received Import Request.
  Time since last request: 1196.548405 seconds.
  path: Assets/fantasySpider/spider_myOldOne.FBX
  artifactKey: Guid(bc600cce01eb57a409f4e69025868a2c) Importer(815301076,1909f56bfc062723c751e8b465ee728b)
Start importing Assets/fantasySpider/spider_myOldOne.FBX using Guid(bc600cce01eb57a409f4e69025868a2c) Importer(815301076,1909f56bfc062723c751e8b465ee728b) (PreviewImporter) -> (artifact id: 'aa4f9abc8f03bb13c6a4622a04d68f5a') in 5.3719364 seconds
Number of updated asset objects reloaded before import = 0Number of asset objects unloaded after import = 163

========================================================================
Received Prepare
Refreshing native plugins compatible for Editor in 0.97 ms, found 3 plugins.
Preloading 0 native plugins for Editor in 0.00 ms.
Unloading 34 Unused Serialized files (Serialized files now loaded: 0)
Unloading 5965 unused Assets / (6.4 MB). Loaded Objects now: 7055.
Memory consumption went from 188.4 MB to 182.0 MB.
Total: 12.433800 ms (FindLiveObjects: 0.519500 ms CreateObjectMapping: 0.317900 ms MarkObjects: 8.746800 ms  DeleteObjects: 2.848300 ms)

Prepare: number of updated asset objects reloaded= 0
========================================================================
Received Prepare
Begin MonoManager ReloadAssembly
- Loaded All Assemblies, in  2.444 seconds
Refreshing native plugins compatible for Editor in 1.14 ms, found 3 plugins.
Native extension for iOS target not found
Native extension for Android target not found
Native extension for WindowsStandalone target not found
Mono: successfully reloaded assembly
- Finished resetting the current domain, in  1.017 seconds
Domain Reload Profiling: 3451ms
	BeginReloadAssembly (704ms)
		ExecutionOrderSort (0ms)
		DisableScriptedObjects (67ms)
		BackupInstance (0ms)
		ReleaseScriptingObjects (0ms)
		CreateAndSetChildDomain (172ms)
	RebuildCommonClasses (145ms)
	RebuildNativeTypeToScriptingClass (68ms)
	initialDomainReloadingComplete (113ms)
	LoadAllAssembliesAndSetupDomain (1403ms)
		LoadAssemblies (1502ms)
		RebuildTransferFunctionScriptingTraits (0ms)
		AnalyzeDomain (256ms)
			TypeCache.Refresh (13ms)
				TypeCache.ScanAssembly (0ms)
			BuildScriptInfoCaches (224ms)
			ResolveRequiredComponents (12ms)
	FinalizeReload (1017ms)
		ReleaseScriptCaches (0ms)
		RebuildScriptCaches (0ms)
		SetupLoadedEditorAssemblies (731ms)
			LogAssemblyErrors (0ms)
			InitializePlatformSupportModulesInManaged (14ms)
			SetLoadedEditorAssemblies (7ms)
			BeforeProcessingInitializeOnLoad (151ms)
			ProcessInitializeOnLoadAttributes (472ms)
			ProcessInitializeOnLoadMethodAttributes (81ms)
			AfterProcessingInitializeOnLoad (5ms)
			EditorAssembliesLoaded (0ms)
		ExecutionOrderSort2 (0ms)
		AwakeInstancesAfterBackupRestoration (29ms)
Refreshing native plugins compatible for Editor in 1.55 ms, found 3 plugins.
Preloading 0 native plugins for Editor in 0.00 ms.
Unloading 35 Unused Serialized files (Serialized files now loaded: 0)
Unloading 5971 unused Assets / (6.2 MB). Loaded Objects now: 6936.
Memory consumption went from 184.9 MB to 178.7 MB.
Total: 10.309200 ms (FindLiveObjects: 0.568000 ms CreateObjectMapping: 0.511200 ms MarkObjects: 5.627600 ms  DeleteObjects: 3.600700 ms)

Prepare: number of updated asset objects reloaded= 0
========================================================================
Received Import Request.
  Time since last request: 19.297852 seconds.
  path: Assets/Spider Infestation/Prefabs/spider.prefab
  artifactKey: Guid(e8a98f96516902e4384263b5d25a25c6) Importer(815301076,1909f56bfc062723c751e8b465ee728b)
Start importing Assets/Spider Infestation/Prefabs/spider.prefab using Guid(e8a98f96516902e4384263b5d25a25c6) Importer(815301076,1909f56bfc062723c751e8b465ee728b) (PreviewImporter) -> (artifact id: '099029fd4eadf8cdcffcc193e1f3af63') in 2.9832591 seconds
Number of updated asset objects reloaded before import = 0Number of asset objects unloaded after import = 83

========================================================================
Received Import Request.
  Time since last request: 3.904385 seconds.
  path: Assets/Spider Infestation/Materials/spider.mat
  artifactKey: Guid(07d85dbf1dc3f154f9b69a9cb298a8ea) Importer(815301076,1909f56bfc062723c751e8b465ee728b)
Start importing Assets/Spider Infestation/Materials/spider.mat using Guid(07d85dbf1dc3f154f9b69a9cb298a8ea) Importer(815301076,1909f56bfc062723c751e8b465ee728b) (PreviewImporter) -> (artifact id: '2a35d929893c740b36e2d0b8a5695455') in 0.0511848 seconds
Number of updated asset objects reloaded before import = 0Number of asset objects unloaded after import = 4

========================================================================
Received Prepare
Refreshing native plugins compatible for Editor in 0.91 ms, found 3 plugins.
Preloading 0 native plugins for Editor in 0.00 ms.
Unloading 34 Unused Serialized files (Serialized files now loaded: 0)
Unloading 5966 unused Assets / (5.2 MB). Loaded Objects now: 7078.
Memory consumption went from 192.5 MB to 187.3 MB.
Total: 18.951300 ms (FindLiveObjects: 0.647900 ms CreateObjectMapping: 0.471700 ms MarkObjects: 14.866200 ms  DeleteObjects: 2.963300 ms)

Prepare: number of updated asset objects reloaded= 0
========================================================================
Received Import Request.
  Time since last request: 681.858213 seconds.
  path: Assets/Script/PlayerHealth.cs
  artifactKey: Guid(5fbf6b06bb71f8045b184a222393c3d6) Importer(815301076,1909f56bfc062723c751e8b465ee728b)
Start importing Assets/Script/PlayerHealth.cs using Guid(5fbf6b06bb71f8045b184a222393c3d6) Importer(815301076,1909f56bfc062723c751e8b465ee728b) (PreviewImporter) -> (artifact id: '8b5a26c336d59c26603d46d03afebbfa') in 0.0054631 seconds
Number of updated asset objects reloaded before import = 0Number of asset objects unloaded after import = 0

========================================================================
Received Prepare
Begin MonoManager ReloadAssembly
- Loaded All Assemblies, in  5.607 seconds
Refreshing native plugins compatible for Editor in 8.36 ms, found 3 plugins.
Native extension for iOS target not found
Native extension for Android target not found
Native extension for WindowsStandalone target not found
Mono: successfully reloaded assembly
- Finished resetting the current domain, in  3.151 seconds
Domain Reload Profiling: 8751ms
	BeginReloadAssembly (1888ms)
		ExecutionOrderSort (0ms)
		DisableScriptedObjects (151ms)
		BackupInstance (0ms)
		ReleaseScriptingObjects (2ms)
		CreateAndSetChildDomain (754ms)
	RebuildCommonClasses (285ms)
	RebuildNativeTypeToScriptingClass (42ms)
	initialDomainReloadingComplete (125ms)
	LoadAllAssembliesAndSetupDomain (3256ms)
		LoadAssemblies (3400ms)
		RebuildTransferFunctionScriptingTraits (0ms)
		AnalyzeDomain (656ms)
			TypeCache.Refresh (39ms)
				TypeCache.ScanAssembly (1ms)
			BuildScriptInfoCaches (559ms)
			ResolveRequiredComponents (40ms)
	FinalizeReload (3154ms)
		ReleaseScriptCaches (0ms)
		RebuildScriptCaches (0ms)
		SetupLoadedEditorAssemblies (2169ms)
			LogAssemblyErrors (0ms)
			InitializePlatformSupportModulesInManaged (41ms)
			SetLoadedEditorAssemblies (14ms)
			BeforeProcessingInitializeOnLoad (450ms)
			ProcessInitializeOnLoadAttributes (1427ms)
			ProcessInitializeOnLoadMethodAttributes (215ms)
			AfterProcessingInitializeOnLoad (21ms)
			EditorAssembliesLoaded (1ms)
		ExecutionOrderSort2 (0ms)
		AwakeInstancesAfterBackupRestoration (109ms)
Refreshing native plugins compatible for Editor in 4.06 ms, found 3 plugins.
Preloading 0 native plugins for Editor in 0.00 ms.
Unloading 35 Unused Serialized files (Serialized files now loaded: 0)
Unloading 5972 unused Assets / (6.5 MB). Loaded Objects now: 6959.
Memory consumption went from 189.1 MB to 182.6 MB.
Total: 23.276100 ms (FindLiveObjects: 1.583800 ms CreateObjectMapping: 1.634100 ms MarkObjects: 10.713600 ms  DeleteObjects: 9.341700 ms)

Prepare: number of updated asset objects reloaded= 0
========================================================================
Received Import Request.
  Time since last request: 86.191000 seconds.
  path: Assets/Script/Spider.cs
  artifactKey: Guid(cda2df36f61f07d4a9db3c2304605840) Importer(815301076,1909f56bfc062723c751e8b465ee728b)
Start importing Assets/Script/Spider.cs using Guid(cda2df36f61f07d4a9db3c2304605840) Importer(815301076,1909f56bfc062723c751e8b465ee728b) (PreviewImporter) -> (artifact id: '053935eb23a029304413c8027e0cade0') in 0.0091269 seconds
Number of updated asset objects reloaded before import = 0Number of asset objects unloaded after import = 0

========================================================================
Received Prepare
Refreshing native plugins compatible for Editor in 0.82 ms, found 3 plugins.
Preloading 0 native plugins for Editor in 0.00 ms.
Unloading 34 Unused Serialized files (Serialized files now loaded: 0)
Unloading 5965 unused Assets / (8.4 MB). Loaded Objects now: 6959.
Memory consumption went from 188.9 MB to 180.5 MB.
Total: 10.130600 ms (FindLiveObjects: 0.479100 ms CreateObjectMapping: 0.301100 ms MarkObjects: 4.339600 ms  DeleteObjects: 5.009500 ms)

Prepare: number of updated asset objects reloaded= 0
========================================================================
Received Import Request.
  Time since last request: 7.398401 seconds.
  path: Assets/Script/SpiderController.cs
  artifactKey: Guid(cda2df36f61f07d4a9db3c2304605840) Importer(815301076,1909f56bfc062723c751e8b465ee728b)
Start importing Assets/Script/SpiderController.cs using Guid(cda2df36f61f07d4a9db3c2304605840) Importer(815301076,1909f56bfc062723c751e8b465ee728b) (PreviewImporter) -> (artifact id: '251d9510eadac18c778dafc0328ef48f') in 0.0172106 seconds
Number of updated asset objects reloaded before import = 0Number of asset objects unloaded after import = 0

========================================================================
Received Prepare
Refreshing native plugins compatible for Editor in 1.01 ms, found 3 plugins.
Preloading 0 native plugins for Editor in 0.00 ms.
Unloading 34 Unused Serialized files (Serialized files now loaded: 0)
Unloading 5965 unused Assets / (6.6 MB). Loaded Objects now: 6959.
Memory consumption went from 188.9 MB to 182.3 MB.
Total: 11.483100 ms (FindLiveObjects: 0.679200 ms CreateObjectMapping: 0.400900 ms MarkObjects: 5.890700 ms  DeleteObjects: 4.510400 ms)

Prepare: number of updated asset objects reloaded= 0
========================================================================
Received Import Request.
  Time since last request: 0.535082 seconds.
  path: Assets/Script/SpiderController.cs
  artifactKey: Guid(cda2df36f61f07d4a9db3c2304605840) Importer(815301076,1909f56bfc062723c751e8b465ee728b)
Start importing Assets/Script/SpiderController.cs using Guid(cda2df36f61f07d4a9db3c2304605840) Importer(815301076,1909f56bfc062723c751e8b465ee728b) (PreviewImporter) -> (artifact id: '251d9510eadac18c778dafc0328ef48f') in 0.0015444 seconds
Number of updated asset objects reloaded before import = 0Number of asset objects unloaded after import = 0

========================================================================
Received Prepare
Begin MonoManager ReloadAssembly
- Loaded All Assemblies, in  3.079 seconds
Refreshing native plugins compatible for Editor in 5.31 ms, found 3 plugins.
Native extension for iOS target not found
Native extension for Android target not found
Native extension for WindowsStandalone target not found
Mono: successfully reloaded assembly
- Finished resetting the current domain, in  3.167 seconds
Domain Reload Profiling: 6240ms
	BeginReloadAssembly (877ms)
		ExecutionOrderSort (0ms)
		DisableScriptedObjects (29ms)
		BackupInstance (0ms)
		ReleaseScriptingObjects (0ms)
		CreateAndSetChildDomain (166ms)
	RebuildCommonClasses (141ms)
	RebuildNativeTypeToScriptingClass (64ms)
	initialDomainReloadingComplete (148ms)
	LoadAllAssembliesAndSetupDomain (1841ms)
		LoadAssemblies (1641ms)
		RebuildTransferFunctionScriptingTraits (0ms)
		AnalyzeDomain (752ms)
			TypeCache.Refresh (29ms)
				TypeCache.ScanAssembly (1ms)
			BuildScriptInfoCaches (668ms)
			ResolveRequiredComponents (40ms)
	FinalizeReload (3170ms)
		ReleaseScriptCaches (0ms)
		RebuildScriptCaches (0ms)
		SetupLoadedEditorAssemblies (2190ms)
			LogAssemblyErrors (0ms)
			InitializePlatformSupportModulesInManaged (74ms)
			SetLoadedEditorAssemblies (20ms)
			BeforeProcessingInitializeOnLoad (462ms)
			ProcessInitializeOnLoadAttributes (1405ms)
			ProcessInitializeOnLoadMethodAttributes (205ms)
			AfterProcessingInitializeOnLoad (24ms)
			EditorAssembliesLoaded (1ms)
		ExecutionOrderSort2 (0ms)
		AwakeInstancesAfterBackupRestoration (116ms)
Refreshing native plugins compatible for Editor in 4.71 ms, found 3 plugins.
Preloading 0 native plugins for Editor in 0.00 ms.
Unloading 35 Unused Serialized files (Serialized files now loaded: 0)
Unloading 5972 unused Assets / (6.6 MB). Loaded Objects now: 6961.
Memory consumption went from 188.9 MB to 182.4 MB.
Total: 25.267500 ms (FindLiveObjects: 1.439300 ms CreateObjectMapping: 1.785600 ms MarkObjects: 13.489400 ms  DeleteObjects: 8.550800 ms)

Prepare: number of updated asset objects reloaded= 0
========================================================================
Received Prepare
Refreshing native plugins compatible for Editor in 3.29 ms, found 3 plugins.
Preloading 0 native plugins for Editor in 0.00 ms.
Unloading 34 Unused Serialized files (Serialized files now loaded: 0)
Unloading 5965 unused Assets / (6.1 MB). Loaded Objects now: 6961.
Memory consumption went from 188.9 MB to 182.9 MB.
Total: 25.189900 ms (FindLiveObjects: 1.263500 ms CreateObjectMapping: 1.689300 ms MarkObjects: 14.144800 ms  DeleteObjects: 8.089600 ms)

Prepare: number of updated asset objects reloaded= 0
========================================================================
Received Prepare
Begin MonoManager ReloadAssembly
- Loaded All Assemblies, in  2.294 seconds
Refreshing native plugins compatible for Editor in 4.50 ms, found 3 plugins.
Native extension for iOS target not found
Native extension for Android target not found
Native extension for WindowsStandalone target not found
Mono: successfully reloaded assembly
- Finished resetting the current domain, in  2.816 seconds
Domain Reload Profiling: 5099ms
	BeginReloadAssembly (631ms)
		ExecutionOrderSort (0ms)
		DisableScriptedObjects (26ms)
		BackupInstance (0ms)
		ReleaseScriptingObjects (0ms)
		CreateAndSetChildDomain (131ms)
	RebuildCommonClasses (126ms)
	RebuildNativeTypeToScriptingClass (41ms)
	initialDomainReloadingComplete (102ms)
	LoadAllAssembliesAndSetupDomain (1381ms)
		LoadAssemblies (1133ms)
		RebuildTransferFunctionScriptingTraits (0ms)
		AnalyzeDomain (604ms)
			TypeCache.Refresh (23ms)
				TypeCache.ScanAssembly (1ms)
			BuildScriptInfoCaches (528ms)
			ResolveRequiredComponents (42ms)
	FinalizeReload (2818ms)
		ReleaseScriptCaches (0ms)
		RebuildScriptCaches (0ms)
		SetupLoadedEditorAssemblies (1984ms)
			LogAssemblyErrors (0ms)
			InitializePlatformSupportModulesInManaged (55ms)
			SetLoadedEditorAssemblies (33ms)
			BeforeProcessingInitializeOnLoad (395ms)
			ProcessInitializeOnLoadAttributes (1281ms)
			ProcessInitializeOnLoadMethodAttributes (201ms)
			AfterProcessingInitializeOnLoad (15ms)
			EditorAssembliesLoaded (3ms)
		ExecutionOrderSort2 (0ms)
		AwakeInstancesAfterBackupRestoration (68ms)
Refreshing native plugins compatible for Editor in 4.15 ms, found 3 plugins.
Preloading 0 native plugins for Editor in 0.00 ms.
Unloading 35 Unused Serialized files (Serialized files now loaded: 0)
Unloading 5972 unused Assets / (7.7 MB). Loaded Objects now: 6963.
Memory consumption went from 188.9 MB to 181.2 MB.
Total: 29.323100 ms (FindLiveObjects: 1.485700 ms CreateObjectMapping: 1.451600 ms MarkObjects: 14.459100 ms  DeleteObjects: 11.924200 ms)

Prepare: number of updated asset objects reloaded= 0
========================================================================
Received Prepare
Refreshing native plugins compatible for Editor in 0.80 ms, found 3 plugins.
Preloading 0 native plugins for Editor in 0.00 ms.
Unloading 34 Unused Serialized files (Serialized files now loaded: 0)
Unloading 5965 unused Assets / (6.9 MB). Loaded Objects now: 6963.
Memory consumption went from 188.9 MB to 182.1 MB.
Total: 19.353500 ms (FindLiveObjects: 0.797100 ms CreateObjectMapping: 0.503200 ms MarkObjects: 4.471900 ms  DeleteObjects: 13.579700 ms)

Prepare: number of updated asset objects reloaded= 0
========================================================================
Received Prepare
Begin MonoManager ReloadAssembly
- Loaded All Assemblies, in  0.959 seconds
Refreshing native plugins compatible for Editor in 1.35 ms, found 3 plugins.
Native extension for iOS target not found
Native extension for Android target not found
Native extension for WindowsStandalone target not found
Mono: successfully reloaded assembly
- Finished resetting the current domain, in  1.285 seconds
Domain Reload Profiling: 2243ms
	BeginReloadAssembly (210ms)
		ExecutionOrderSort (0ms)
		DisableScriptedObjects (7ms)
		BackupInstance (0ms)
		ReleaseScriptingObjects (0ms)
		CreateAndSetChildDomain (53ms)
	RebuildCommonClasses (49ms)
	RebuildNativeTypeToScriptingClass (21ms)
	initialDomainReloadingComplete (45ms)
	LoadAllAssembliesAndSetupDomain (632ms)
		LoadAssemblies (452ms)
		RebuildTransferFunctionScriptingTraits (0ms)
		AnalyzeDomain (279ms)
			TypeCache.Refresh (15ms)
				TypeCache.ScanAssembly (0ms)
			BuildScriptInfoCaches (245ms)
			ResolveRequiredComponents (13ms)
	FinalizeReload (1286ms)
		ReleaseScriptCaches (0ms)
		RebuildScriptCaches (0ms)
		SetupLoadedEditorAssemblies (923ms)
			LogAssemblyErrors (0ms)
			InitializePlatformSupportModulesInManaged (30ms)
			SetLoadedEditorAssemblies (10ms)
			BeforeProcessingInitializeOnLoad (197ms)
			ProcessInitializeOnLoadAttributes (604ms)
			ProcessInitializeOnLoadMethodAttributes (78ms)
			AfterProcessingInitializeOnLoad (4ms)
			EditorAssembliesLoaded (0ms)
		ExecutionOrderSort2 (0ms)
		AwakeInstancesAfterBackupRestoration (31ms)
Refreshing native plugins compatible for Editor in 1.60 ms, found 3 plugins.
Preloading 0 native plugins for Editor in 0.00 ms.
Unloading 35 Unused Serialized files (Serialized files now loaded: 0)
Unloading 5972 unused Assets / (8.3 MB). Loaded Objects now: 6965.
Memory consumption went from 188.9 MB to 180.6 MB.
Total: 11.311700 ms (FindLiveObjects: 0.794900 ms CreateObjectMapping: 0.585400 ms MarkObjects: 4.885700 ms  DeleteObjects: 5.044400 ms)

Prepare: number of updated asset objects reloaded= 0
========================================================================
Received Import Request.
  Time since last request: 39.950200 seconds.
  path: Assets/Script/SpiderController.cs
  artifactKey: Guid(cda2df36f61f07d4a9db3c2304605840) Importer(815301076,1909f56bfc062723c751e8b465ee728b)
Start importing Assets/Script/SpiderController.cs using Guid(cda2df36f61f07d4a9db3c2304605840) Importer(815301076,1909f56bfc062723c751e8b465ee728b) (PreviewImporter) -> (artifact id: '809ba8d719485050814ecb56e6593c44') in 0.008439 seconds
Number of updated asset objects reloaded before import = 0Number of asset objects unloaded after import = 0

========================================================================
Received Prepare
Begin MonoManager ReloadAssembly
- Loaded All Assemblies, in  0.775 seconds
Refreshing native plugins compatible for Editor in 0.70 ms, found 3 plugins.
Native extension for iOS target not found
Native extension for Android target not found
Native extension for WindowsStandalone target not found
Mono: successfully reloaded assembly
- Finished resetting the current domain, in  0.867 seconds
Domain Reload Profiling: 1642ms
	BeginReloadAssembly (202ms)
		ExecutionOrderSort (0ms)
		DisableScriptedObjects (7ms)
		BackupInstance (0ms)
		ReleaseScriptingObjects (0ms)
		CreateAndSetChildDomain (47ms)
	RebuildCommonClasses (42ms)
	RebuildNativeTypeToScriptingClass (13ms)
	initialDomainReloadingComplete (30ms)
	LoadAllAssembliesAndSetupDomain (487ms)
		LoadAssemblies (403ms)
		RebuildTransferFunctionScriptingTraits (0ms)
		AnalyzeDomain (189ms)
			TypeCache.Refresh (7ms)
				TypeCache.ScanAssembly (0ms)
			BuildScriptInfoCaches (168ms)
			ResolveRequiredComponents (10ms)
	FinalizeReload (868ms)
		ReleaseScriptCaches (0ms)
		RebuildScriptCaches (0ms)
		SetupLoadedEditorAssemblies (632ms)
			LogAssemblyErrors (0ms)
			InitializePlatformSupportModulesInManaged (15ms)
			SetLoadedEditorAssemblies (6ms)
			BeforeProcessingInitializeOnLoad (145ms)
			ProcessInitializeOnLoadAttributes (396ms)
			ProcessInitializeOnLoadMethodAttributes (66ms)
			AfterProcessingInitializeOnLoad (3ms)
			EditorAssembliesLoaded (0ms)
		ExecutionOrderSort2 (0ms)
		AwakeInstancesAfterBackupRestoration (26ms)
Refreshing native plugins compatible for Editor in 1.51 ms, found 3 plugins.
Preloading 0 native plugins for Editor in 0.00 ms.
Unloading 35 Unused Serialized files (Serialized files now loaded: 0)
Unloading 5972 unused Assets / (5.9 MB). Loaded Objects now: 6967.
Memory consumption went from 188.9 MB to 183.0 MB.
Total: 15.277500 ms (FindLiveObjects: 0.729700 ms CreateObjectMapping: 0.546700 ms MarkObjects: 5.711300 ms  DeleteObjects: 8.287600 ms)

Prepare: number of updated asset objects reloaded= 0
========================================================================
Received Prepare
Begin MonoManager ReloadAssembly
- Loaded All Assemblies, in  0.781 seconds
Refreshing native plugins compatible for Editor in 0.93 ms, found 3 plugins.
Native extension for iOS target not found
Native extension for Android target not found
Native extension for WindowsStandalone target not found
Mono: successfully reloaded assembly
- Finished resetting the current domain, in  0.874 seconds
Domain Reload Profiling: 1655ms
	BeginReloadAssembly (216ms)
		ExecutionOrderSort (0ms)
		DisableScriptedObjects (8ms)
		BackupInstance (0ms)
		ReleaseScriptingObjects (0ms)
		CreateAndSetChildDomain (51ms)
	RebuildCommonClasses (42ms)
	RebuildNativeTypeToScriptingClass (15ms)
	initialDomainReloadingComplete (37ms)
	LoadAllAssembliesAndSetupDomain (470ms)
		LoadAssemblies (361ms)
		RebuildTransferFunctionScriptingTraits (0ms)
		AnalyzeDomain (203ms)
			TypeCache.Refresh (8ms)
				TypeCache.ScanAssembly (0ms)
			BuildScriptInfoCaches (180ms)
			ResolveRequiredComponents (9ms)
	FinalizeReload (875ms)
		ReleaseScriptCaches (0ms)
		RebuildScriptCaches (0ms)
		SetupLoadedEditorAssemblies (636ms)
			LogAssemblyErrors (0ms)
			InitializePlatformSupportModulesInManaged (17ms)
			SetLoadedEditorAssemblies (7ms)
			BeforeProcessingInitializeOnLoad (138ms)
			ProcessInitializeOnLoadAttributes (404ms)
			ProcessInitializeOnLoadMethodAttributes (65ms)
			AfterProcessingInitializeOnLoad (4ms)
			EditorAssembliesLoaded (0ms)
		ExecutionOrderSort2 (0ms)
		AwakeInstancesAfterBackupRestoration (28ms)
Refreshing native plugins compatible for Editor in 1.05 ms, found 3 plugins.
Preloading 0 native plugins for Editor in 0.00 ms.
Unloading 35 Unused Serialized files (Serialized files now loaded: 0)
Unloading 5972 unused Assets / (6.4 MB). Loaded Objects now: 6969.
Memory consumption went from 188.9 MB to 182.5 MB.
Total: 11.117600 ms (FindLiveObjects: 0.632300 ms CreateObjectMapping: 0.429900 ms MarkObjects: 5.394400 ms  DeleteObjects: 4.659200 ms)

Prepare: number of updated asset objects reloaded= 0
========================================================================
Received Prepare
Begin MonoManager ReloadAssembly
- Loaded All Assemblies, in  0.723 seconds
Refreshing native plugins compatible for Editor in 1.17 ms, found 3 plugins.
Native extension for iOS target not found
Native extension for Android target not found
Native extension for WindowsStandalone target not found
Mono: successfully reloaded assembly
- Finished resetting the current domain, in  0.850 seconds
Domain Reload Profiling: 1574ms
	BeginReloadAssembly (205ms)
		ExecutionOrderSort (0ms)
		DisableScriptedObjects (7ms)
		BackupInstance (0ms)
		ReleaseScriptingObjects (0ms)
		CreateAndSetChildDomain (49ms)
	RebuildCommonClasses (36ms)
	RebuildNativeTypeToScriptingClass (13ms)
	initialDomainReloadingComplete (26ms)
	LoadAllAssembliesAndSetupDomain (445ms)
		LoadAssemblies (358ms)
		RebuildTransferFunctionScriptingTraits (0ms)
		AnalyzeDomain (187ms)
			TypeCache.Refresh (8ms)
				TypeCache.ScanAssembly (0ms)
			BuildScriptInfoCaches (166ms)
			ResolveRequiredComponents (9ms)
	FinalizeReload (850ms)
		ReleaseScriptCaches (0ms)
		RebuildScriptCaches (0ms)
		SetupLoadedEditorAssemblies (634ms)
			LogAssemblyErrors (0ms)
			InitializePlatformSupportModulesInManaged (15ms)
			SetLoadedEditorAssemblies (6ms)
			BeforeProcessingInitializeOnLoad (145ms)
			ProcessInitializeOnLoadAttributes (397ms)
			ProcessInitializeOnLoadMethodAttributes (66ms)
			AfterProcessingInitializeOnLoad (4ms)
			EditorAssembliesLoaded (0ms)
		ExecutionOrderSort2 (0ms)
		AwakeInstancesAfterBackupRestoration (20ms)
Refreshing native plugins compatible for Editor in 0.87 ms, found 3 plugins.
Preloading 0 native plugins for Editor in 0.00 ms.
Unloading 35 Unused Serialized files (Serialized files now loaded: 0)
Unloading 5972 unused Assets / (6.0 MB). Loaded Objects now: 6971.
Memory consumption went from 188.9 MB to 183.0 MB.
Total: 8.420000 ms (FindLiveObjects: 0.599500 ms CreateObjectMapping: 0.457100 ms MarkObjects: 4.513900 ms  DeleteObjects: 2.848200 ms)

Prepare: number of updated asset objects reloaded= 0
========================================================================
Received Prepare
Begin MonoManager ReloadAssembly
- Loaded All Assemblies, in  0.760 seconds
Refreshing native plugins compatible for Editor in 1.11 ms, found 3 plugins.
Native extension for iOS target not found
Native extension for Android target not found
Native extension for WindowsStandalone target not found
Mono: successfully reloaded assembly
- Finished resetting the current domain, in  0.892 seconds
Domain Reload Profiling: 1652ms
	BeginReloadAssembly (210ms)
		ExecutionOrderSort (0ms)
		DisableScriptedObjects (8ms)
		BackupInstance (0ms)
		ReleaseScriptingObjects (0ms)
		CreateAndSetChildDomain (52ms)
	RebuildCommonClasses (44ms)
	RebuildNativeTypeToScriptingClass (16ms)
	initialDomainReloadingComplete (36ms)
	LoadAllAssembliesAndSetupDomain (453ms)
		LoadAssemblies (364ms)
		RebuildTransferFunctionScriptingTraits (0ms)
		AnalyzeDomain (188ms)
			TypeCache.Refresh (7ms)
				TypeCache.ScanAssembly (0ms)
			BuildScriptInfoCaches (167ms)
			ResolveRequiredComponents (10ms)
	FinalizeReload (892ms)
		ReleaseScriptCaches (0ms)
		RebuildScriptCaches (0ms)
		SetupLoadedEditorAssemblies (644ms)
			LogAssemblyErrors (0ms)
			InitializePlatformSupportModulesInManaged (17ms)
			SetLoadedEditorAssemblies (7ms)
			BeforeProcessingInitializeOnLoad (153ms)
			ProcessInitializeOnLoadAttributes (390ms)
			ProcessInitializeOnLoadMethodAttributes (72ms)
			AfterProcessingInitializeOnLoad (6ms)
			EditorAssembliesLoaded (0ms)
		ExecutionOrderSort2 (0ms)
		AwakeInstancesAfterBackupRestoration (34ms)
Refreshing native plugins compatible for Editor in 1.23 ms, found 3 plugins.
Preloading 0 native plugins for Editor in 0.00 ms.
Unloading 35 Unused Serialized files (Serialized files now loaded: 0)
Unloading 5972 unused Assets / (9.0 MB). Loaded Objects now: 6973.
Memory consumption went from 188.9 MB to 179.9 MB.
Total: 29.411000 ms (FindLiveObjects: 0.866200 ms CreateObjectMapping: 0.857800 ms MarkObjects: 6.620500 ms  DeleteObjects: 21.060100 ms)

Prepare: number of updated asset objects reloaded= 0
========================================================================
Received Prepare
Refreshing native plugins compatible for Editor in 1.16 ms, found 3 plugins.
Preloading 0 native plugins for Editor in 0.00 ms.
Unloading 48 Unused Serialized files (Serialized files now loaded: 0)
Unloading 5979 unused Assets / (6.8 MB). Loaded Objects now: 6973.
Memory consumption went from 193.0 MB to 186.2 MB.
Total: 19.142300 ms (FindLiveObjects: 0.743700 ms CreateObjectMapping: 0.527000 ms MarkObjects: 13.077400 ms  DeleteObjects: 4.792200 ms)

Prepare: number of updated asset objects reloaded= 0
========================================================================
Received Prepare
Begin MonoManager ReloadAssembly
- Loaded All Assemblies, in  1.564 seconds
Refreshing native plugins compatible for Editor in 1.50 ms, found 3 plugins.
Native extension for iOS target not found
Native extension for Android target not found
Native extension for WindowsStandalone target not found
Mono: successfully reloaded assembly
- Finished resetting the current domain, in  0.959 seconds
Domain Reload Profiling: 2523ms
	BeginReloadAssembly (472ms)
		ExecutionOrderSort (0ms)
		DisableScriptedObjects (31ms)
		BackupInstance (0ms)
		ReleaseScriptingObjects (0ms)
		CreateAndSetChildDomain (157ms)
	RebuildCommonClasses (47ms)
	RebuildNativeTypeToScriptingClass (18ms)
	initialDomainReloadingComplete (49ms)
	LoadAllAssembliesAndSetupDomain (977ms)
		LoadAssemblies (859ms)
		RebuildTransferFunctionScriptingTraits (0ms)
		AnalyzeDomain (275ms)
			TypeCache.Refresh (21ms)
				TypeCache.ScanAssembly (0ms)
			BuildScriptInfoCaches (235ms)
			ResolveRequiredComponents (11ms)
	FinalizeReload (960ms)
		ReleaseScriptCaches (0ms)
		RebuildScriptCaches (0ms)
		SetupLoadedEditorAssemblies (640ms)
			LogAssemblyErrors (0ms)
			InitializePlatformSupportModulesInManaged (20ms)
			SetLoadedEditorAssemblies (9ms)
			BeforeProcessingInitializeOnLoad (140ms)
			ProcessInitializeOnLoadAttributes (376ms)
			ProcessInitializeOnLoadMethodAttributes (91ms)
			AfterProcessingInitializeOnLoad (3ms)
			EditorAssembliesLoaded (0ms)
		ExecutionOrderSort2 (0ms)
		AwakeInstancesAfterBackupRestoration (22ms)
Refreshing native plugins compatible for Editor in 1.01 ms, found 3 plugins.
Preloading 0 native plugins for Editor in 0.00 ms.
Unloading 49 Unused Serialized files (Serialized files now loaded: 0)
Unloading 5986 unused Assets / (7.7 MB). Loaded Objects now: 6975.
Memory consumption went from 193.0 MB to 185.3 MB.
Total: 11.766300 ms (FindLiveObjects: 0.547400 ms CreateObjectMapping: 0.373200 ms MarkObjects: 5.394500 ms  DeleteObjects: 5.448500 ms)

Prepare: number of updated asset objects reloaded= 0
========================================================================
Received Prepare
Begin MonoManager ReloadAssembly
- Loaded All Assemblies, in  0.915 seconds
Refreshing native plugins compatible for Editor in 0.78 ms, found 3 plugins.
Native extension for iOS target not found
Native extension for Android target not found
Native extension for WindowsStandalone target not found
Mono: successfully reloaded assembly
- Finished resetting the current domain, in  1.061 seconds
Domain Reload Profiling: 1978ms
	BeginReloadAssembly (231ms)
		ExecutionOrderSort (0ms)
		DisableScriptedObjects (8ms)
		BackupInstance (0ms)
		ReleaseScriptingObjects (0ms)
		CreateAndSetChildDomain (59ms)
	RebuildCommonClasses (42ms)
	RebuildNativeTypeToScriptingClass (13ms)
	initialDomainReloadingComplete (29ms)
	LoadAllAssembliesAndSetupDomain (602ms)
		LoadAssemblies (448ms)
		RebuildTransferFunctionScriptingTraits (0ms)
		AnalyzeDomain (270ms)
			TypeCache.Refresh (16ms)
				TypeCache.ScanAssembly (5ms)
			BuildScriptInfoCaches (232ms)
			ResolveRequiredComponents (17ms)
	FinalizeReload (1062ms)
		ReleaseScriptCaches (0ms)
		RebuildScriptCaches (0ms)
		SetupLoadedEditorAssemblies (742ms)
			LogAssemblyErrors (0ms)
			InitializePlatformSupportModulesInManaged (22ms)
			SetLoadedEditorAssemblies (11ms)
			BeforeProcessingInitializeOnLoad (163ms)
			ProcessInitializeOnLoadAttributes (467ms)
			ProcessInitializeOnLoadMethodAttributes (71ms)
			AfterProcessingInitializeOnLoad (6ms)
			EditorAssembliesLoaded (0ms)
		ExecutionOrderSort2 (0ms)
		AwakeInstancesAfterBackupRestoration (45ms)
Refreshing native plugins compatible for Editor in 2.11 ms, found 3 plugins.
Preloading 0 native plugins for Editor in 0.00 ms.
Unloading 49 Unused Serialized files (Serialized files now loaded: 0)
Unloading 6020 unused Assets / (7.4 MB). Loaded Objects now: 7011.
Memory consumption went from 193.1 MB to 185.8 MB.
Total: 18.073800 ms (FindLiveObjects: 0.733100 ms CreateObjectMapping: 0.596800 ms MarkObjects: 8.849000 ms  DeleteObjects: 7.892700 ms)

Prepare: number of updated asset objects reloaded= 0
========================================================================
Received Prepare
Begin MonoManager ReloadAssembly
- Loaded All Assemblies, in  0.741 seconds
Refreshing native plugins compatible for Editor in 1.26 ms, found 3 plugins.
Native extension for iOS target not found
Native extension for Android target not found
Native extension for WindowsStandalone target not found
Mono: successfully reloaded assembly
- Finished resetting the current domain, in  0.851 seconds
Domain Reload Profiling: 1593ms
	BeginReloadAssembly (217ms)
		ExecutionOrderSort (0ms)
		DisableScriptedObjects (11ms)
		BackupInstance (0ms)
		ReleaseScriptingObjects (0ms)
		CreateAndSetChildDomain (54ms)
	RebuildCommonClasses (34ms)
	RebuildNativeTypeToScriptingClass (11ms)
	initialDomainReloadingComplete (29ms)
	LoadAllAssembliesAndSetupDomain (450ms)
		LoadAssemblies (357ms)
		RebuildTransferFunctionScriptingTraits (0ms)
		AnalyzeDomain (184ms)
			TypeCache.Refresh (7ms)
				TypeCache.ScanAssembly (0ms)
			BuildScriptInfoCaches (158ms)
			ResolveRequiredComponents (14ms)
	FinalizeReload (851ms)
		ReleaseScriptCaches (0ms)
		RebuildScriptCaches (0ms)
		SetupLoadedEditorAssemblies (641ms)
			LogAssemblyErrors (0ms)
			InitializePlatformSupportModulesInManaged (16ms)
			SetLoadedEditorAssemblies (3ms)
			BeforeProcessingInitializeOnLoad (118ms)
			ProcessInitializeOnLoadAttributes (392ms)
			ProcessInitializeOnLoadMethodAttributes (108ms)
			AfterProcessingInitializeOnLoad (4ms)
			EditorAssembliesLoaded (0ms)
		ExecutionOrderSort2 (0ms)
		AwakeInstancesAfterBackupRestoration (25ms)
Refreshing native plugins compatible for Editor in 0.94 ms, found 3 plugins.
Preloading 0 native plugins for Editor in 0.00 ms.
Unloading 49 Unused Serialized files (Serialized files now loaded: 0)
Unloading 6020 unused Assets / (8.3 MB). Loaded Objects now: 7013.
Memory consumption went from 193.2 MB to 184.9 MB.
Total: 11.705400 ms (FindLiveObjects: 0.617300 ms CreateObjectMapping: 0.496300 ms MarkObjects: 4.651900 ms  DeleteObjects: 5.937500 ms)

Prepare: number of updated asset objects reloaded= 0
========================================================================
Received Prepare
Begin MonoManager ReloadAssembly
- Loaded All Assemblies, in  0.744 seconds
Refreshing native plugins compatible for Editor in 1.09 ms, found 3 plugins.
Native extension for iOS target not found
Native extension for Android target not found
Native extension for WindowsStandalone target not found
Mono: successfully reloaded assembly
- Finished resetting the current domain, in  0.832 seconds
Domain Reload Profiling: 1576ms
	BeginReloadAssembly (199ms)
		ExecutionOrderSort (0ms)
		DisableScriptedObjects (7ms)
		BackupInstance (0ms)
		ReleaseScriptingObjects (0ms)
		CreateAndSetChildDomain (50ms)
	RebuildCommonClasses (35ms)
	RebuildNativeTypeToScriptingClass (19ms)
	initialDomainReloadingComplete (27ms)
	LoadAllAssembliesAndSetupDomain (464ms)
		LoadAssemblies (383ms)
		RebuildTransferFunctionScriptingTraits (0ms)
		AnalyzeDomain (179ms)
			TypeCache.Refresh (7ms)
				TypeCache.ScanAssembly (0ms)
			BuildScriptInfoCaches (157ms)
			ResolveRequiredComponents (9ms)
	FinalizeReload (833ms)
		ReleaseScriptCaches (0ms)
		RebuildScriptCaches (0ms)
		SetupLoadedEditorAssemblies (591ms)
			LogAssemblyErrors (0ms)
			InitializePlatformSupportModulesInManaged (17ms)
			SetLoadedEditorAssemblies (6ms)
			BeforeProcessingInitializeOnLoad (113ms)
			ProcessInitializeOnLoadAttributes (379ms)
			ProcessInitializeOnLoadMethodAttributes (72ms)
			AfterProcessingInitializeOnLoad (4ms)
			EditorAssembliesLoaded (0ms)
		ExecutionOrderSort2 (0ms)
		AwakeInstancesAfterBackupRestoration (27ms)
Refreshing native plugins compatible for Editor in 0.84 ms, found 3 plugins.
Preloading 0 native plugins for Editor in 0.00 ms.
Unloading 49 Unused Serialized files (Serialized files now loaded: 0)
Unloading 6020 unused Assets / (7.0 MB). Loaded Objects now: 7015.
Memory consumption went from 193.2 MB to 186.2 MB.
Total: 10.629300 ms (FindLiveObjects: 0.714000 ms CreateObjectMapping: 0.587700 ms MarkObjects: 5.053700 ms  DeleteObjects: 4.272100 ms)

Prepare: number of updated asset objects reloaded= 0
========================================================================
Received Prepare
Refreshing native plugins compatible for Editor in 1.34 ms, found 3 plugins.
Preloading 0 native plugins for Editor in 0.00 ms.
Unloading 48 Unused Serialized files (Serialized files now loaded: 0)
Unloading 6013 unused Assets / (7.2 MB). Loaded Objects now: 7015.
Memory consumption went from 193.2 MB to 186.0 MB.
Total: 14.046800 ms (FindLiveObjects: 0.670900 ms CreateObjectMapping: 0.452700 ms MarkObjects: 7.341800 ms  DeleteObjects: 5.579200 ms)

Prepare: number of updated asset objects reloaded= 0
========================================================================
Received Prepare
Begin MonoManager ReloadAssembly
- Loaded All Assemblies, in  1.046 seconds
Refreshing native plugins compatible for Editor in 1.38 ms, found 3 plugins.
Native extension for iOS target not found
Native extension for Android target not found
Native extension for WindowsStandalone target not found
Mono: successfully reloaded assembly
- Finished resetting the current domain, in  1.135 seconds
Domain Reload Profiling: 2180ms
	BeginReloadAssembly (306ms)
		ExecutionOrderSort (0ms)
		DisableScriptedObjects (13ms)
		BackupInstance (0ms)
		ReleaseScriptingObjects (0ms)
		CreateAndSetChildDomain (69ms)
	RebuildCommonClasses (48ms)
	RebuildNativeTypeToScriptingClass (18ms)
	initialDomainReloadingComplete (48ms)
	LoadAllAssembliesAndSetupDomain (624ms)
		LoadAssemblies (503ms)
		RebuildTransferFunctionScriptingTraits (0ms)
		AnalyzeDomain (270ms)
			TypeCache.Refresh (15ms)
				TypeCache.ScanAssembly (1ms)
			BuildScriptInfoCaches (237ms)
			ResolveRequiredComponents (10ms)
	FinalizeReload (1136ms)
		ReleaseScriptCaches (0ms)
		RebuildScriptCaches (0ms)
		SetupLoadedEditorAssemblies (806ms)
			LogAssemblyErrors (0ms)
			InitializePlatformSupportModulesInManaged (28ms)
			SetLoadedEditorAssemblies (6ms)
			BeforeProcessingInitializeOnLoad (179ms)
			ProcessInitializeOnLoadAttributes (513ms)
			ProcessInitializeOnLoadMethodAttributes (74ms)
			AfterProcessingInitializeOnLoad (5ms)
			EditorAssembliesLoaded (0ms)
		ExecutionOrderSort2 (0ms)
		AwakeInstancesAfterBackupRestoration (25ms)
Refreshing native plugins compatible for Editor in 1.91 ms, found 3 plugins.
Preloading 0 native plugins for Editor in 0.00 ms.
Unloading 49 Unused Serialized files (Serialized files now loaded: 0)
Unloading 6020 unused Assets / (8.4 MB). Loaded Objects now: 7017.
Memory consumption went from 193.2 MB to 184.8 MB.
Total: 11.963000 ms (FindLiveObjects: 0.520900 ms CreateObjectMapping: 0.309200 ms MarkObjects: 4.349200 ms  DeleteObjects: 6.782400 ms)

Prepare: number of updated asset objects reloaded= 0
========================================================================
Received Import Request.
  Time since last request: 1266.532913 seconds.
  path: Assets/Script/SpiderController.cs
  artifactKey: Guid(cda2df36f61f07d4a9db3c2304605840) Importer(815301076,1909f56bfc062723c751e8b465ee728b)
Start importing Assets/Script/SpiderController.cs using Guid(cda2df36f61f07d4a9db3c2304605840) Importer(815301076,1909f56bfc062723c751e8b465ee728b) (PreviewImporter) -> (artifact id: 'efe5134bc3766b29fdc4370ffcfc63a0') in 0.0167596 seconds
Number of updated asset objects reloaded before import = 0Number of asset objects unloaded after import = 0

========================================================================
Received Import Request.
  Time since last request: 0.321470 seconds.
  path: Assets/Script/PlayerHealth.cs
  artifactKey: Guid(5fbf6b06bb71f8045b184a222393c3d6) Importer(815301076,1909f56bfc062723c751e8b465ee728b)
Start importing Assets/Script/PlayerHealth.cs using Guid(5fbf6b06bb71f8045b184a222393c3d6) Importer(815301076,1909f56bfc062723c751e8b465ee728b) (PreviewImporter) -> (artifact id: 'dac0d8b8fe8176dfd4afa6eacce3911e') in 0.0016587 seconds
Number of updated asset objects reloaded before import = 0Number of asset objects unloaded after import = 0

========================================================================
Received Prepare
Begin MonoManager ReloadAssembly
- Loaded All Assemblies, in  0.813 seconds
Refreshing native plugins compatible for Editor in 0.69 ms, found 3 plugins.
Native extension for iOS target not found
Native extension for Android target not found
Native extension for WindowsStandalone target not found
Mono: successfully reloaded assembly
- Finished resetting the current domain, in  0.846 seconds
Domain Reload Profiling: 1659ms
	BeginReloadAssembly (235ms)
		ExecutionOrderSort (0ms)
		DisableScriptedObjects (8ms)
		BackupInstance (0ms)
		ReleaseScriptingObjects (0ms)
		CreateAndSetChildDomain (56ms)
	RebuildCommonClasses (44ms)
	RebuildNativeTypeToScriptingClass (14ms)
	initialDomainReloadingComplete (33ms)
	LoadAllAssembliesAndSetupDomain (486ms)
		LoadAssemblies (403ms)
		RebuildTransferFunctionScriptingTraits (0ms)
		AnalyzeDomain (203ms)
			TypeCache.Refresh (7ms)
				TypeCache.ScanAssembly (0ms)
			BuildScriptInfoCaches (180ms)
			ResolveRequiredComponents (11ms)
	FinalizeReload (846ms)
		ReleaseScriptCaches (0ms)
		RebuildScriptCaches (0ms)
		SetupLoadedEditorAssemblies (621ms)
			LogAssemblyErrors (0ms)
			InitializePlatformSupportModulesInManaged (18ms)
			SetLoadedEditorAssemblies (8ms)
			BeforeProcessingInitializeOnLoad (137ms)
			ProcessInitializeOnLoadAttributes (381ms)
			ProcessInitializeOnLoadMethodAttributes (72ms)
			AfterProcessingInitializeOnLoad (5ms)
			EditorAssembliesLoaded (0ms)
		ExecutionOrderSort2 (0ms)
		AwakeInstancesAfterBackupRestoration (25ms)
Refreshing native plugins compatible for Editor in 0.77 ms, found 3 plugins.
Preloading 0 native plugins for Editor in 0.00 ms.
Unloading 49 Unused Serialized files (Serialized files now loaded: 0)
Unloading 6020 unused Assets / (7.0 MB). Loaded Objects now: 7019.
Memory consumption went from 193.2 MB to 186.2 MB.
Total: 10.819300 ms (FindLiveObjects: 0.716800 ms CreateObjectMapping: 0.331600 ms MarkObjects: 5.125500 ms  DeleteObjects: 4.643800 ms)

Prepare: number of updated asset objects reloaded= 0
========================================================================
Received Prepare
Refreshing native plugins compatible for Editor in 1.51 ms, found 3 plugins.
Preloading 0 native plugins for Editor in 0.00 ms.
Unloading 48 Unused Serialized files (Serialized files now loaded: 0)
Unloading 6013 unused Assets / (8.9 MB). Loaded Objects now: 7019.
Memory consumption went from 193.2 MB to 184.3 MB.
Total: 36.885900 ms (FindLiveObjects: 1.239800 ms CreateObjectMapping: 0.565900 ms MarkObjects: 8.032500 ms  DeleteObjects: 27.045500 ms)

Prepare: number of updated asset objects reloaded= 0
========================================================================
Received Prepare
Begin MonoManager ReloadAssembly
- Loaded All Assemblies, in  1.136 seconds
Refreshing native plugins compatible for Editor in 1.62 ms, found 3 plugins.
Native extension for iOS target not found
Native extension for Android target not found
Native extension for WindowsStandalone target not found
Mono: successfully reloaded assembly
- Finished resetting the current domain, in  1.138 seconds
Domain Reload Profiling: 2275ms
	BeginReloadAssembly (335ms)
		ExecutionOrderSort (0ms)
		DisableScriptedObjects (11ms)
		BackupInstance (0ms)
		ReleaseScriptingObjects (0ms)
		CreateAndSetChildDomain (78ms)
	RebuildCommonClasses (65ms)
	RebuildNativeTypeToScriptingClass (20ms)
	initialDomainReloadingComplete (58ms)
	LoadAllAssembliesAndSetupDomain (659ms)
		LoadAssemblies (532ms)
		RebuildTransferFunctionScriptingTraits (0ms)
		AnalyzeDomain (300ms)
			TypeCache.Refresh (14ms)
				TypeCache.ScanAssembly (1ms)
			BuildScriptInfoCaches (268ms)
			ResolveRequiredComponents (12ms)
	FinalizeReload (1138ms)
		ReleaseScriptCaches (0ms)
		RebuildScriptCaches (0ms)
		SetupLoadedEditorAssemblies (832ms)
			LogAssemblyErrors (0ms)
			InitializePlatformSupportModulesInManaged (21ms)
			SetLoadedEditorAssemblies (8ms)
			BeforeProcessingInitializeOnLoad (157ms)
			ProcessInitializeOnLoadAttributes (548ms)
			ProcessInitializeOnLoadMethodAttributes (91ms)
			AfterProcessingInitializeOnLoad (7ms)
			EditorAssembliesLoaded (1ms)
		ExecutionOrderSort2 (0ms)
		AwakeInstancesAfterBackupRestoration (31ms)
Refreshing native plugins compatible for Editor in 1.28 ms, found 3 plugins.
Preloading 0 native plugins for Editor in 0.00 ms.
Unloading 49 Unused Serialized files (Serialized files now loaded: 0)
Unloading 6020 unused Assets / (9.2 MB). Loaded Objects now: 7021.
Memory consumption went from 193.2 MB to 184.0 MB.
Total: 20.443700 ms (FindLiveObjects: 1.182300 ms CreateObjectMapping: 1.297400 ms MarkObjects: 8.459500 ms  DeleteObjects: 9.502100 ms)

Prepare: number of updated asset objects reloaded= 0
========================================================================
Received Prepare
Begin MonoManager ReloadAssembly
- Loaded All Assemblies, in  0.758 seconds
Refreshing native plugins compatible for Editor in 0.69 ms, found 3 plugins.
Native extension for iOS target not found
Native extension for Android target not found
Native extension for WindowsStandalone target not found
Mono: successfully reloaded assembly
- Finished resetting the current domain, in  0.897 seconds
Domain Reload Profiling: 1656ms
	BeginReloadAssembly (216ms)
		ExecutionOrderSort (0ms)
		DisableScriptedObjects (8ms)
		BackupInstance (0ms)
		ReleaseScriptingObjects (0ms)
		CreateAndSetChildDomain (49ms)
	RebuildCommonClasses (33ms)
	RebuildNativeTypeToScriptingClass (12ms)
	initialDomainReloadingComplete (32ms)
	LoadAllAssembliesAndSetupDomain (466ms)
		LoadAssemblies (382ms)
		RebuildTransferFunctionScriptingTraits (0ms)
		AnalyzeDomain (201ms)
			TypeCache.Refresh (7ms)
				TypeCache.ScanAssembly (0ms)
			BuildScriptInfoCaches (175ms)
			ResolveRequiredComponents (12ms)
	FinalizeReload (898ms)
		ReleaseScriptCaches (0ms)
		RebuildScriptCaches (0ms)
		SetupLoadedEditorAssemblies (653ms)
			LogAssemblyErrors (0ms)
			InitializePlatformSupportModulesInManaged (16ms)
			SetLoadedEditorAssemblies (6ms)
			BeforeProcessingInitializeOnLoad (135ms)
			ProcessInitializeOnLoadAttributes (417ms)
			ProcessInitializeOnLoadMethodAttributes (73ms)
			AfterProcessingInitializeOnLoad (5ms)
			EditorAssembliesLoaded (0ms)
		ExecutionOrderSort2 (0ms)
		AwakeInstancesAfterBackupRestoration (22ms)
Refreshing native plugins compatible for Editor in 0.84 ms, found 3 plugins.
Preloading 0 native plugins for Editor in 0.00 ms.
Unloading 49 Unused Serialized files (Serialized files now loaded: 0)
Unloading 6020 unused Assets / (8.3 MB). Loaded Objects now: 7023.
Memory consumption went from 193.2 MB to 184.9 MB.
Total: 17.183900 ms (FindLiveObjects: 1.098500 ms CreateObjectMapping: 0.688700 ms MarkObjects: 6.454100 ms  DeleteObjects: 8.941100 ms)

Prepare: number of updated asset objects reloaded= 0
========================================================================
Received Prepare
Refreshing native plugins compatible for Editor in 6.48 ms, found 3 plugins.
Preloading 0 native plugins for Editor in 0.00 ms.
Unloading 48 Unused Serialized files (Serialized files now loaded: 0)
Unloading 6013 unused Assets / (7.8 MB). Loaded Objects now: 7023.
Memory consumption went from 193.2 MB to 185.4 MB.
Total: 28.397700 ms (FindLiveObjects: 1.990700 ms CreateObjectMapping: 2.449500 ms MarkObjects: 14.392700 ms  DeleteObjects: 9.562500 ms)

Prepare: number of updated asset objects reloaded= 0
========================================================================
Received Prepare
Begin MonoManager ReloadAssembly
- Loaded All Assemblies, in  1.045 seconds
Refreshing native plugins compatible for Editor in 1.66 ms, found 3 plugins.
Native extension for iOS target not found
Native extension for Android target not found
Native extension for WindowsStandalone target not found
Mono: successfully reloaded assembly
- Finished resetting the current domain, in  1.262 seconds
Domain Reload Profiling: 2307ms
	BeginReloadAssembly (337ms)
		ExecutionOrderSort (0ms)
		DisableScriptedObjects (10ms)
		BackupInstance (0ms)
		ReleaseScriptingObjects (0ms)
		CreateAndSetChildDomain (56ms)
	RebuildCommonClasses (56ms)
	RebuildNativeTypeToScriptingClass (19ms)
	initialDomainReloadingComplete (37ms)
	LoadAllAssembliesAndSetupDomain (595ms)
		LoadAssemblies (536ms)
		RebuildTransferFunctionScriptingTraits (0ms)
		AnalyzeDomain (256ms)
			TypeCache.Refresh (18ms)
				TypeCache.ScanAssembly (2ms)
			BuildScriptInfoCaches (213ms)
			ResolveRequiredComponents (18ms)
	FinalizeReload (1263ms)
		ReleaseScriptCaches (0ms)
		RebuildScriptCaches (0ms)
		SetupLoadedEditorAssemblies (957ms)
			LogAssemblyErrors (0ms)
			InitializePlatformSupportModulesInManaged (26ms)
			SetLoadedEditorAssemblies (7ms)
			BeforeProcessingInitializeOnLoad (158ms)
			ProcessInitializeOnLoadAttributes (635ms)
			ProcessInitializeOnLoadMethodAttributes (120ms)
			AfterProcessingInitializeOnLoad (9ms)
			EditorAssembliesLoaded (0ms)
		ExecutionOrderSort2 (0ms)
		AwakeInstancesAfterBackupRestoration (41ms)
Refreshing native plugins compatible for Editor in 2.82 ms, found 3 plugins.
Preloading 0 native plugins for Editor in 0.00 ms.
Unloading 49 Unused Serialized files (Serialized files now loaded: 0)
Unloading 6020 unused Assets / (7.6 MB). Loaded Objects now: 7025.
Memory consumption went from 193.2 MB to 185.6 MB.
Total: 15.602200 ms (FindLiveObjects: 1.258800 ms CreateObjectMapping: 1.113000 ms MarkObjects: 6.600600 ms  DeleteObjects: 6.627500 ms)

Prepare: number of updated asset objects reloaded= 0
========================================================================
Received Prepare
Begin MonoManager ReloadAssembly
- Loaded All Assemblies, in  0.811 seconds
Refreshing native plugins compatible for Editor in 0.78 ms, found 3 plugins.
Native extension for iOS target not found
Native extension for Android target not found
Native extension for WindowsStandalone target not found
Mono: successfully reloaded assembly
- Finished resetting the current domain, in  0.864 seconds
Domain Reload Profiling: 1678ms
	BeginReloadAssembly (208ms)
		ExecutionOrderSort (0ms)
		DisableScriptedObjects (11ms)
		BackupInstance (0ms)
		ReleaseScriptingObjects (0ms)
		CreateAndSetChildDomain (44ms)
	RebuildCommonClasses (50ms)
	RebuildNativeTypeToScriptingClass (13ms)
	initialDomainReloadingComplete (33ms)
	LoadAllAssembliesAndSetupDomain (510ms)
		LoadAssemblies (400ms)
		RebuildTransferFunctionScriptingTraits (0ms)
		AnalyzeDomain (213ms)
			TypeCache.Refresh (7ms)
				TypeCache.ScanAssembly (0ms)
			BuildScriptInfoCaches (172ms)
			ResolveRequiredComponents (27ms)
	FinalizeReload (864ms)
		ReleaseScriptCaches (0ms)
		RebuildScriptCaches (0ms)
		SetupLoadedEditorAssemblies (627ms)
			LogAssemblyErrors (0ms)
			InitializePlatformSupportModulesInManaged (16ms)
			SetLoadedEditorAssemblies (6ms)
			BeforeProcessingInitializeOnLoad (127ms)
			ProcessInitializeOnLoadAttributes (397ms)
			ProcessInitializeOnLoadMethodAttributes (77ms)
			AfterProcessingInitializeOnLoad (4ms)
			EditorAssembliesLoaded (0ms)
		ExecutionOrderSort2 (0ms)
		AwakeInstancesAfterBackupRestoration (26ms)
Refreshing native plugins compatible for Editor in 0.83 ms, found 3 plugins.
Preloading 0 native plugins for Editor in 0.00 ms.
Unloading 49 Unused Serialized files (Serialized files now loaded: 0)
Unloading 6020 unused Assets / (7.1 MB). Loaded Objects now: 7027.
Memory consumption went from 193.2 MB to 186.1 MB.
Total: 9.904700 ms (FindLiveObjects: 0.597100 ms CreateObjectMapping: 0.413700 ms MarkObjects: 5.173600 ms  DeleteObjects: 3.716800 ms)

Prepare: number of updated asset objects reloaded= 0
========================================================================
Received Prepare
Begin MonoManager ReloadAssembly
- Loaded All Assemblies, in  0.876 seconds
Refreshing native plugins compatible for Editor in 1.36 ms, found 3 plugins.
Native extension for iOS target not found
Native extension for Android target not found
Native extension for WindowsStandalone target not found
Mono: successfully reloaded assembly
- Finished resetting the current domain, in  0.944 seconds
Domain Reload Profiling: 1821ms
	BeginReloadAssembly (214ms)
		ExecutionOrderSort (0ms)
		DisableScriptedObjects (9ms)
		BackupInstance (0ms)
		ReleaseScriptingObjects (0ms)
		CreateAndSetChildDomain (48ms)
	RebuildCommonClasses (49ms)
	RebuildNativeTypeToScriptingClass (13ms)
	initialDomainReloadingComplete (34ms)
	LoadAllAssembliesAndSetupDomain (566ms)
		LoadAssemblies (444ms)
		RebuildTransferFunctionScriptingTraits (0ms)
		AnalyzeDomain (229ms)
			TypeCache.Refresh (7ms)
				TypeCache.ScanAssembly (0ms)
			BuildScriptInfoCaches (203ms)
			ResolveRequiredComponents (12ms)
	FinalizeReload (944ms)
		ReleaseScriptCaches (0ms)
		RebuildScriptCaches (0ms)
		SetupLoadedEditorAssemblies (694ms)
			LogAssemblyErrors (0ms)
			InitializePlatformSupportModulesInManaged (19ms)
			SetLoadedEditorAssemblies (4ms)
			BeforeProcessingInitializeOnLoad (127ms)
			ProcessInitializeOnLoadAttributes (463ms)
			ProcessInitializeOnLoadMethodAttributes (77ms)
			AfterProcessingInitializeOnLoad (4ms)
			EditorAssembliesLoaded (0ms)
		ExecutionOrderSort2 (0ms)
		AwakeInstancesAfterBackupRestoration (27ms)
Refreshing native plugins compatible for Editor in 0.90 ms, found 3 plugins.
Preloading 0 native plugins for Editor in 0.00 ms.
Unloading 49 Unused Serialized files (Serialized files now loaded: 0)
Unloading 6020 unused Assets / (7.6 MB). Loaded Objects now: 7029.
Memory consumption went from 193.1 MB to 185.6 MB.
Total: 11.147300 ms (FindLiveObjects: 0.768000 ms CreateObjectMapping: 0.407500 ms MarkObjects: 5.784200 ms  DeleteObjects: 4.185500 ms)

Prepare: number of updated asset objects reloaded= 0
========================================================================
Received Prepare
Refreshing native plugins compatible for Editor in 1.47 ms, found 3 plugins.
Preloading 0 native plugins for Editor in 0.00 ms.
Unloading 48 Unused Serialized files (Serialized files now loaded: 0)
Unloading 6013 unused Assets / (7.9 MB). Loaded Objects now: 7029.
Memory consumption went from 193.2 MB to 185.3 MB.
Total: 16.377300 ms (FindLiveObjects: 0.838000 ms CreateObjectMapping: 0.801200 ms MarkObjects: 8.727700 ms  DeleteObjects: 6.008200 ms)

Prepare: number of updated asset objects reloaded= 0
========================================================================
Received Prepare
Begin MonoManager ReloadAssembly
- Loaded All Assemblies, in  0.870 seconds
Refreshing native plugins compatible for Editor in 0.80 ms, found 3 plugins.
Native extension for iOS target not found
Native extension for Android target not found
Native extension for WindowsStandalone target not found
Mono: successfully reloaded assembly
- Finished resetting the current domain, in  1.046 seconds
Domain Reload Profiling: 1918ms
	BeginReloadAssembly (227ms)
		ExecutionOrderSort (0ms)
		DisableScriptedObjects (11ms)
		BackupInstance (0ms)
		ReleaseScriptingObjects (0ms)
		CreateAndSetChildDomain (50ms)
	RebuildCommonClasses (48ms)
	RebuildNativeTypeToScriptingClass (15ms)
	initialDomainReloadingComplete (34ms)
	LoadAllAssembliesAndSetupDomain (547ms)
		LoadAssemblies (393ms)
		RebuildTransferFunctionScriptingTraits (0ms)
		AnalyzeDomain (267ms)
			TypeCache.Refresh (14ms)
				TypeCache.ScanAssembly (2ms)
			BuildScriptInfoCaches (229ms)
			ResolveRequiredComponents (17ms)
	FinalizeReload (1047ms)
		ReleaseScriptCaches (0ms)
		RebuildScriptCaches (0ms)
		SetupLoadedEditorAssemblies (768ms)
			LogAssemblyErrors (0ms)
			InitializePlatformSupportModulesInManaged (22ms)
			SetLoadedEditorAssemblies (7ms)
			BeforeProcessingInitializeOnLoad (140ms)
			ProcessInitializeOnLoadAttributes (516ms)
			ProcessInitializeOnLoadMethodAttributes (76ms)
			AfterProcessingInitializeOnLoad (5ms)
			EditorAssembliesLoaded (0ms)
		ExecutionOrderSort2 (0ms)
		AwakeInstancesAfterBackupRestoration (34ms)
Refreshing native plugins compatible for Editor in 1.10 ms, found 3 plugins.
Preloading 0 native plugins for Editor in 0.00 ms.
Unloading 49 Unused Serialized files (Serialized files now loaded: 0)
Unloading 6020 unused Assets / (7.4 MB). Loaded Objects now: 7031.
Memory consumption went from 193.2 MB to 185.8 MB.
Total: 9.924300 ms (FindLiveObjects: 0.577000 ms CreateObjectMapping: 0.450400 ms MarkObjects: 4.846800 ms  DeleteObjects: 4.048500 ms)

Prepare: number of updated asset objects reloaded= 0
========================================================================
Received Prepare
Begin MonoManager ReloadAssembly
- Loaded All Assemblies, in  0.858 seconds
Refreshing native plugins compatible for Editor in 1.75 ms, found 3 plugins.
Native extension for iOS target not found
Native extension for Android target not found
Native extension for WindowsStandalone target not found
Mono: successfully reloaded assembly
- Finished resetting the current domain, in  0.962 seconds
Domain Reload Profiling: 1821ms
	BeginReloadAssembly (216ms)
		ExecutionOrderSort (0ms)
		DisableScriptedObjects (9ms)
		BackupInstance (0ms)
		ReleaseScriptingObjects (0ms)
		CreateAndSetChildDomain (42ms)
	RebuildCommonClasses (64ms)
	RebuildNativeTypeToScriptingClass (13ms)
	initialDomainReloadingComplete (32ms)
	LoadAllAssembliesAndSetupDomain (533ms)
		LoadAssemblies (411ms)
		RebuildTransferFunctionScriptingTraits (0ms)
		AnalyzeDomain (237ms)
			TypeCache.Refresh (9ms)
				TypeCache.ScanAssembly (0ms)
			BuildScriptInfoCaches (209ms)
			ResolveRequiredComponents (13ms)
	FinalizeReload (963ms)
		ReleaseScriptCaches (0ms)
		RebuildScriptCaches (0ms)
		SetupLoadedEditorAssemblies (699ms)
			LogAssemblyErrors (0ms)
			InitializePlatformSupportModulesInManaged (26ms)
			SetLoadedEditorAssemblies (7ms)
			BeforeProcessingInitializeOnLoad (151ms)
			ProcessInitializeOnLoadAttributes (440ms)
			ProcessInitializeOnLoadMethodAttributes (71ms)
			AfterProcessingInitializeOnLoad (4ms)
			EditorAssembliesLoaded (0ms)
		ExecutionOrderSort2 (0ms)
		AwakeInstancesAfterBackupRestoration (21ms)
Refreshing native plugins compatible for Editor in 0.88 ms, found 3 plugins.
Preloading 0 native plugins for Editor in 0.00 ms.
Unloading 49 Unused Serialized files (Serialized files now loaded: 0)
Unloading 6020 unused Assets / (7.1 MB). Loaded Objects now: 7033.
Memory consumption went from 193.2 MB to 186.0 MB.
Total: 10.106000 ms (FindLiveObjects: 0.565700 ms CreateObjectMapping: 0.413200 ms MarkObjects: 4.973000 ms  DeleteObjects: 4.152200 ms)

Prepare: number of updated asset objects reloaded= 0
========================================================================
Received Prepare
Begin MonoManager ReloadAssembly
- Loaded All Assemblies, in  0.805 seconds
Refreshing native plugins compatible for Editor in 0.80 ms, found 3 plugins.
Native extension for iOS target not found
Native extension for Android target not found
Native extension for WindowsStandalone target not found
Mono: successfully reloaded assembly
- Finished resetting the current domain, in  0.935 seconds
Domain Reload Profiling: 1739ms
	BeginReloadAssembly (227ms)
		ExecutionOrderSort (0ms)
		DisableScriptedObjects (8ms)
		BackupInstance (0ms)
		ReleaseScriptingObjects (0ms)
		CreateAndSetChildDomain (42ms)
	RebuildCommonClasses (46ms)
	RebuildNativeTypeToScriptingClass (14ms)
	initialDomainReloadingComplete (31ms)
	LoadAllAssembliesAndSetupDomain (486ms)
		LoadAssemblies (399ms)
		RebuildTransferFunctionScriptingTraits (0ms)
		AnalyzeDomain (218ms)
			TypeCache.Refresh (6ms)
				TypeCache.ScanAssembly (0ms)
			BuildScriptInfoCaches (193ms)
			ResolveRequiredComponents (10ms)
	FinalizeReload (935ms)
		ReleaseScriptCaches (0ms)
		RebuildScriptCaches (0ms)
		SetupLoadedEditorAssemblies (668ms)
			LogAssemblyErrors (0ms)
			InitializePlatformSupportModulesInManaged (18ms)
			SetLoadedEditorAssemblies (7ms)
			BeforeProcessingInitializeOnLoad (160ms)
			ProcessInitializeOnLoadAttributes (409ms)
			ProcessInitializeOnLoadMethodAttributes (67ms)
			AfterProcessingInitializeOnLoad (6ms)
			EditorAssembliesLoaded (0ms)
		ExecutionOrderSort2 (0ms)
		AwakeInstancesAfterBackupRestoration (34ms)
Refreshing native plugins compatible for Editor in 0.86 ms, found 3 plugins.
Preloading 0 native plugins for Editor in 0.00 ms.
Unloading 49 Unused Serialized files (Serialized files now loaded: 0)
Unloading 6020 unused Assets / (7.2 MB). Loaded Objects now: 7035.
Memory consumption went from 193.2 MB to 186.0 MB.
Total: 21.501900 ms (FindLiveObjects: 0.633600 ms CreateObjectMapping: 0.531800 ms MarkObjects: 5.803900 ms  DeleteObjects: 14.531200 ms)

Prepare: number of updated asset objects reloaded= 0
========================================================================
Received Prepare
Begin MonoManager ReloadAssembly
- Loaded All Assemblies, in  0.884 seconds
Refreshing native plugins compatible for Editor in 1.14 ms, found 3 plugins.
Native extension for iOS target not found
Native extension for Android target not found
Native extension for WindowsStandalone target not found
Mono: successfully reloaded assembly
- Finished resetting the current domain, in  1.000 seconds
Domain Reload Profiling: 1886ms
	BeginReloadAssembly (234ms)
		ExecutionOrderSort (0ms)
		DisableScriptedObjects (12ms)
		BackupInstance (0ms)
		ReleaseScriptingObjects (0ms)
		CreateAndSetChildDomain (44ms)
	RebuildCommonClasses (61ms)
	RebuildNativeTypeToScriptingClass (20ms)
	initialDomainReloadingComplete (41ms)
	LoadAllAssembliesAndSetupDomain (529ms)
		LoadAssemblies (417ms)
		RebuildTransferFunctionScriptingTraits (0ms)
		AnalyzeDomain (231ms)
			TypeCache.Refresh (10ms)
				TypeCache.ScanAssembly (0ms)
			BuildScriptInfoCaches (205ms)
			ResolveRequiredComponents (11ms)
	FinalizeReload (1001ms)
		ReleaseScriptCaches (0ms)
		RebuildScriptCaches (0ms)
		SetupLoadedEditorAssemblies (685ms)
			LogAssemblyErrors (0ms)
			InitializePlatformSupportModulesInManaged (18ms)
			SetLoadedEditorAssemblies (7ms)
			BeforeProcessingInitializeOnLoad (132ms)
			ProcessInitializeOnLoadAttributes (453ms)
			ProcessInitializeOnLoadMethodAttributes (71ms)
			AfterProcessingInitializeOnLoad (4ms)
			EditorAssembliesLoaded (0ms)
		ExecutionOrderSort2 (0ms)
		AwakeInstancesAfterBackupRestoration (29ms)
Refreshing native plugins compatible for Editor in 0.86 ms, found 3 plugins.
Preloading 0 native plugins for Editor in 0.00 ms.
Unloading 49 Unused Serialized files (Serialized files now loaded: 0)
Unloading 6020 unused Assets / (7.3 MB). Loaded Objects now: 7037.
Memory consumption went from 193.2 MB to 185.9 MB.
Total: 9.842300 ms (FindLiveObjects: 0.686900 ms CreateObjectMapping: 0.413900 ms MarkObjects: 5.182200 ms  DeleteObjects: 3.557100 ms)

Prepare: number of updated asset objects reloaded= 0
========================================================================
Received Import Request.
  Time since last request: 2422.959375 seconds.
  path: Assets/Script/MainCamera.cs
  artifactKey: Guid(db1eb80d23081514a838390e14212565) Importer(815301076,1909f56bfc062723c751e8b465ee728b)
Start importing Assets/Script/MainCamera.cs using Guid(db1eb80d23081514a838390e14212565) Importer(815301076,1909f56bfc062723c751e8b465ee728b) (PreviewImporter) -> (artifact id: 'a4d6cbd21681d5a8126b7e3aaf139af0') in 0.0330822 seconds
Number of updated asset objects reloaded before import = 0Number of asset objects unloaded after import = 0

========================================================================
Received Prepare
Refreshing native plugins compatible for Editor in 1.92 ms, found 3 plugins.
Preloading 0 native plugins for Editor in 0.00 ms.
Unloading 48 Unused Serialized files (Serialized files now loaded: 0)
Unloading 6012 unused Assets / (7.8 MB). Loaded Objects now: 7036.
Memory consumption went from 193.2 MB to 185.5 MB.
Total: 18.314100 ms (FindLiveObjects: 1.180000 ms CreateObjectMapping: 0.976600 ms MarkObjects: 9.565800 ms  DeleteObjects: 6.589500 ms)

Prepare: number of updated asset objects reloaded= 0
========================================================================
Received Prepare
Begin MonoManager ReloadAssembly
- Loaded All Assemblies, in  1.618 seconds
Refreshing native plugins compatible for Editor in 2.79 ms, found 3 plugins.
Native extension for iOS target not found
Native extension for Android target not found
Native extension for WindowsStandalone target not found
Mono: successfully reloaded assembly
- Finished resetting the current domain, in  1.185 seconds
Domain Reload Profiling: 2804ms
	BeginReloadAssembly (271ms)
		ExecutionOrderSort (0ms)
		DisableScriptedObjects (12ms)
		BackupInstance (0ms)
		ReleaseScriptingObjects (0ms)
		CreateAndSetChildDomain (60ms)
	RebuildCommonClasses (73ms)
	RebuildNativeTypeToScriptingClass (31ms)
	initialDomainReloadingComplete (71ms)
	LoadAllAssembliesAndSetupDomain (1173ms)
		LoadAssemblies (1076ms)
		RebuildTransferFunctionScriptingTraits (0ms)
		AnalyzeDomain (239ms)
			TypeCache.Refresh (12ms)
				TypeCache.ScanAssembly (1ms)
			BuildScriptInfoCaches (208ms)
			ResolveRequiredComponents (13ms)
	FinalizeReload (1185ms)
		ReleaseScriptCaches (0ms)
		RebuildScriptCaches (0ms)
		SetupLoadedEditorAssemblies (830ms)
			LogAssemblyErrors (0ms)
			InitializePlatformSupportModulesInManaged (23ms)
			SetLoadedEditorAssemblies (8ms)
			BeforeProcessingInitializeOnLoad (148ms)
			ProcessInitializeOnLoadAttributes (570ms)
			ProcessInitializeOnLoadMethodAttributes (76ms)
			AfterProcessingInitializeOnLoad (6ms)
			EditorAssembliesLoaded (0ms)
		ExecutionOrderSort2 (0ms)
		AwakeInstancesAfterBackupRestoration (23ms)
Refreshing native plugins compatible for Editor in 1.02 ms, found 3 plugins.
Preloading 0 native plugins for Editor in 0.00 ms.
Unloading 49 Unused Serialized files (Serialized files now loaded: 0)
Unloading 6019 unused Assets / (8.0 MB). Loaded Objects now: 7038.
Memory consumption went from 193.2 MB to 185.2 MB.
Total: 10.562200 ms (FindLiveObjects: 0.766400 ms CreateObjectMapping: 0.503700 ms MarkObjects: 4.773400 ms  DeleteObjects: 4.517200 ms)

Prepare: number of updated asset objects reloaded= 0
========================================================================
Received Prepare
Refreshing native plugins compatible for Editor in 0.82 ms, found 3 plugins.
Preloading 0 native plugins for Editor in 0.00 ms.
Unloading 48 Unused Serialized files (Serialized files now loaded: 0)
Unloading 6013 unused Assets / (9.0 MB). Loaded Objects now: 7039.
Memory consumption went from 193.2 MB to 184.2 MB.
Total: 10.827800 ms (FindLiveObjects: 0.596200 ms CreateObjectMapping: 0.334200 ms MarkObjects: 4.583600 ms  DeleteObjects: 5.312200 ms)

Prepare: number of updated asset objects reloaded= 0
========================================================================
Received Import Request.
  Time since last request: 32.489996 seconds.
  path: Assets/Script/GameManger.cs
  artifactKey: Guid(a301921534dc6494db235557b3b4e501) Importer(815301076,1909f56bfc062723c751e8b465ee728b)
Start importing Assets/Script/GameManger.cs using Guid(a301921534dc6494db235557b3b4e501) Importer(815301076,1909f56bfc062723c751e8b465ee728b) (PreviewImporter) -> (artifact id: '7cee8ff12b594999c1a3512906fe6863') in 0.0040445 seconds
Number of updated asset objects reloaded before import = 0Number of asset objects unloaded after import = 0

========================================================================
Received Prepare
Begin MonoManager ReloadAssembly
- Loaded All Assemblies, in  0.950 seconds
Refreshing native plugins compatible for Editor in 1.03 ms, found 3 plugins.
Native extension for iOS target not found
Native extension for Android target not found
Native extension for WindowsStandalone target not found
Mono: successfully reloaded assembly
- Finished resetting the current domain, in  1.189 seconds
Domain Reload Profiling: 2141ms
	BeginReloadAssembly (261ms)
		ExecutionOrderSort (0ms)
		DisableScriptedObjects (14ms)
		BackupInstance (0ms)
		ReleaseScriptingObjects (0ms)
		CreateAndSetChildDomain (58ms)
	RebuildCommonClasses (55ms)
	RebuildNativeTypeToScriptingClass (20ms)
	initialDomainReloadingComplete (36ms)
	LoadAllAssembliesAndSetupDomain (579ms)
		LoadAssemblies (464ms)
		RebuildTransferFunctionScriptingTraits (0ms)
		AnalyzeDomain (249ms)
			TypeCache.Refresh (13ms)
				TypeCache.ScanAssembly (1ms)
			BuildScriptInfoCaches (215ms)
			ResolveRequiredComponents (13ms)
	FinalizeReload (1190ms)
		ReleaseScriptCaches (0ms)
		RebuildScriptCaches (0ms)
		SetupLoadedEditorAssemblies (854ms)
			LogAssemblyErrors (0ms)
			InitializePlatformSupportModulesInManaged (18ms)
			SetLoadedEditorAssemblies (6ms)
			BeforeProcessingInitializeOnLoad (136ms)
			ProcessInitializeOnLoadAttributes (582ms)
			ProcessInitializeOnLoadMethodAttributes (104ms)
			AfterProcessingInitializeOnLoad (8ms)
			EditorAssembliesLoaded (0ms)
		ExecutionOrderSort2 (0ms)
		AwakeInstancesAfterBackupRestoration (35ms)
Refreshing native plugins compatible for Editor in 1.71 ms, found 3 plugins.
Preloading 0 native plugins for Editor in 0.00 ms.
Unloading 49 Unused Serialized files (Serialized files now loaded: 0)
Unloading 6020 unused Assets / (8.0 MB). Loaded Objects now: 7041.
Memory consumption went from 193.2 MB to 185.2 MB.
Total: 13.075100 ms (FindLiveObjects: 0.583900 ms CreateObjectMapping: 0.374500 ms MarkObjects: 6.340900 ms  DeleteObjects: 5.774200 ms)

Prepare: number of updated asset objects reloaded= 0
========================================================================
Received Import Request.
  Time since last request: 11.516552 seconds.
  path: Assets/Script/GameManger.cs
  artifactKey: Guid(a301921534dc6494db235557b3b4e501) Importer(815301076,1909f56bfc062723c751e8b465ee728b)
Start importing Assets/Script/GameManger.cs using Guid(a301921534dc6494db235557b3b4e501) Importer(815301076,1909f56bfc062723c751e8b465ee728b) (PreviewImporter) -> (artifact id: 'bb9d37ef86b5cffa9d71cd091baf2a57') in 0.0095029 seconds
Number of updated asset objects reloaded before import = 0Number of asset objects unloaded after import = 0

========================================================================
Received Prepare
Refreshing native plugins compatible for Editor in 0.82 ms, found 3 plugins.
Preloading 0 native plugins for Editor in 0.00 ms.
Unloading 48 Unused Serialized files (Serialized files now loaded: 0)
Unloading 6014 unused Assets / (8.7 MB). Loaded Objects now: 7042.
Memory consumption went from 193.2 MB to 184.6 MB.
Total: 24.614600 ms (FindLiveObjects: 0.833100 ms CreateObjectMapping: 0.559800 ms MarkObjects: 5.941900 ms  DeleteObjects: 17.276400 ms)

Prepare: number of updated asset objects reloaded= 0
========================================================================
Received Import Request.
  Time since last request: 208.094938 seconds.
  path: Assets/Script/SpiderHealth.cs
  artifactKey: Guid(81195f8a9ec792f48b01be8073c584f7) Importer(815301076,1909f56bfc062723c751e8b465ee728b)
Start importing Assets/Script/SpiderHealth.cs using Guid(81195f8a9ec792f48b01be8073c584f7) Importer(815301076,1909f56bfc062723c751e8b465ee728b) (PreviewImporter) -> (artifact id: '16c082554571b76647c9777fd89d9056') in 0.0043167 seconds
Number of updated asset objects reloaded before import = 0Number of asset objects unloaded after import = 0

========================================================================
Received Prepare
Begin MonoManager ReloadAssembly
- Loaded All Assemblies, in  0.744 seconds
Refreshing native plugins compatible for Editor in 0.74 ms, found 3 plugins.
Native extension for iOS target not found
Native extension for Android target not found
Native extension for WindowsStandalone target not found
Mono: successfully reloaded assembly
- Finished resetting the current domain, in  0.874 seconds
Domain Reload Profiling: 1621ms
	BeginReloadAssembly (208ms)
		ExecutionOrderSort (0ms)
		DisableScriptedObjects (9ms)
		BackupInstance (0ms)
		ReleaseScriptingObjects (0ms)
		CreateAndSetChildDomain (49ms)
	RebuildCommonClasses (41ms)
	RebuildNativeTypeToScriptingClass (15ms)
	initialDomainReloadingComplete (32ms)
	LoadAllAssembliesAndSetupDomain (451ms)
		LoadAssemblies (360ms)
		RebuildTransferFunctionScriptingTraits (0ms)
		AnalyzeDomain (187ms)
			TypeCache.Refresh (10ms)
				TypeCache.ScanAssembly (1ms)
			BuildScriptInfoCaches (163ms)
			ResolveRequiredComponents (10ms)
	FinalizeReload (875ms)
		ReleaseScriptCaches (0ms)
		RebuildScriptCaches (0ms)
		SetupLoadedEditorAssemblies (655ms)
			LogAssemblyErrors (0ms)
			InitializePlatformSupportModulesInManaged (17ms)
			SetLoadedEditorAssemblies (9ms)
			BeforeProcessingInitializeOnLoad (144ms)
			ProcessInitializeOnLoadAttributes (410ms)
			ProcessInitializeOnLoadMethodAttributes (71ms)
			AfterProcessingInitializeOnLoad (3ms)
			EditorAssembliesLoaded (0ms)
		ExecutionOrderSort2 (0ms)
		AwakeInstancesAfterBackupRestoration (19ms)
Refreshing native plugins compatible for Editor in 1.74 ms, found 3 plugins.
Preloading 0 native plugins for Editor in 0.00 ms.
Unloading 49 Unused Serialized files (Serialized files now loaded: 0)
Unloading 6021 unused Assets / (7.0 MB). Loaded Objects now: 7044.
Memory consumption went from 193.2 MB to 186.2 MB.
Total: 11.227000 ms (FindLiveObjects: 0.657300 ms CreateObjectMapping: 0.561600 ms MarkObjects: 5.776800 ms  DeleteObjects: 4.229400 ms)

Prepare: number of updated asset objects reloaded= 0
========================================================================
Received Import Request.
  Time since last request: 10.311203 seconds.
  path: Assets/Script/SpiderHealth.cs
  artifactKey: Guid(81195f8a9ec792f48b01be8073c584f7) Importer(815301076,1909f56bfc062723c751e8b465ee728b)
Start importing Assets/Script/SpiderHealth.cs using Guid(81195f8a9ec792f48b01be8073c584f7) Importer(815301076,1909f56bfc062723c751e8b465ee728b) (PreviewImporter) -> (artifact id: '3cedfbd25a38971b7e072c2c7c9d72de') in 0.0030008 seconds
Number of updated asset objects reloaded before import = 0Number of asset objects unloaded after import = 0

========================================================================
Received Prepare
Refreshing native plugins compatible for Editor in 3.58 ms, found 3 plugins.
Preloading 0 native plugins for Editor in 0.00 ms.
Unloading 48 Unused Serialized files (Serialized files now loaded: 0)
Unloading 6014 unused Assets / (7.8 MB). Loaded Objects now: 7044.
Memory consumption went from 193.2 MB to 185.4 MB.
Total: 27.355900 ms (FindLiveObjects: 1.641800 ms CreateObjectMapping: 1.609700 ms MarkObjects: 13.818800 ms  DeleteObjects: 10.282400 ms)

Prepare: number of updated asset objects reloaded= 0
========================================================================
Received Prepare
Begin MonoManager ReloadAssembly
- Loaded All Assemblies, in  0.980 seconds
Refreshing native plugins compatible for Editor in 0.98 ms, found 3 plugins.
Native extension for iOS target not found
Native extension for Android target not found
Native extension for WindowsStandalone target not found
Mono: successfully reloaded assembly
- Finished resetting the current domain, in  1.165 seconds
Domain Reload Profiling: 2143ms
	BeginReloadAssembly (247ms)
		ExecutionOrderSort (0ms)
		DisableScriptedObjects (11ms)
		BackupInstance (0ms)
		ReleaseScriptingObjects (0ms)
		CreateAndSetChildDomain (67ms)
	RebuildCommonClasses (43ms)
	RebuildNativeTypeToScriptingClass (17ms)
	initialDomainReloadingComplete (44ms)
	LoadAllAssembliesAndSetupDomain (626ms)
		LoadAssemblies (453ms)
		RebuildTransferFunctionScriptingTraits (0ms)
		AnalyzeDomain (289ms)
			TypeCache.Refresh (15ms)
				TypeCache.ScanAssembly (1ms)
			BuildScriptInfoCaches (255ms)
			ResolveRequiredComponents (11ms)
	FinalizeReload (1166ms)
		ReleaseScriptCaches (0ms)
		RebuildScriptCaches (0ms)
		SetupLoadedEditorAssemblies (866ms)
			LogAssemblyErrors (0ms)
			InitializePlatformSupportModulesInManaged (23ms)
			SetLoadedEditorAssemblies (7ms)
			BeforeProcessingInitializeOnLoad (151ms)
			ProcessInitializeOnLoadAttributes (571ms)
			ProcessInitializeOnLoadMethodAttributes (106ms)
			AfterProcessingInitializeOnLoad (7ms)
			EditorAssembliesLoaded (0ms)
		ExecutionOrderSort2 (0ms)
		AwakeInstancesAfterBackupRestoration (35ms)
Refreshing native plugins compatible for Editor in 1.91 ms, found 3 plugins.
Preloading 0 native plugins for Editor in 0.00 ms.
Unloading 49 Unused Serialized files (Serialized files now loaded: 0)
Unloading 6021 unused Assets / (7.5 MB). Loaded Objects now: 7046.
Memory consumption went from 193.2 MB to 185.7 MB.
Total: 17.226100 ms (FindLiveObjects: 0.923300 ms CreateObjectMapping: 0.789500 ms MarkObjects: 9.299400 ms  DeleteObjects: 6.211200 ms)

Prepare: number of updated asset objects reloaded= 0
========================================================================
Received Import Request.
  Time since last request: 187.063227 seconds.
  path: Assets/Stylized_Astronaut/Stylized Astronaut.prefab
  artifactKey: Guid(4be7a99d429a19840a38df28f88a8680) Importer(815301076,1909f56bfc062723c751e8b465ee728b)
Start importing Assets/Stylized_Astronaut/Stylized Astronaut.prefab using Guid(4be7a99d429a19840a38df28f88a8680) Importer(815301076,1909f56bfc062723c751e8b465ee728b) (PreviewImporter) -> (artifact id: '5773c7c6fd969d8012c80a95f6ed6155') in 0.8019673 seconds
Number of updated asset objects reloaded before import = 0Number of asset objects unloaded after import = 81

========================================================================
Received Import Request.
  Time since last request: 90.006351 seconds.
  path: Assets/Script/SpiderController.cs
  artifactKey: Guid(cda2df36f61f07d4a9db3c2304605840) Importer(815301076,1909f56bfc062723c751e8b465ee728b)
Start importing Assets/Script/SpiderController.cs using Guid(cda2df36f61f07d4a9db3c2304605840) Importer(815301076,1909f56bfc062723c751e8b465ee728b) (PreviewImporter) -> (artifact id: '0c166a84accbb256b29f0bd5ddf87467') in 0.0022901 seconds
Number of updated asset objects reloaded before import = 0Number of asset objects unloaded after import = 0

========================================================================
Received Prepare
Refreshing native plugins compatible for Editor in 0.87 ms, found 3 plugins.
Preloading 0 native plugins for Editor in 0.00 ms.
Unloading 48 Unused Serialized files (Serialized files now loaded: 0)
Unloading 6015 unused Assets / (7.5 MB). Loaded Objects now: 7187.
Memory consumption went from 201.0 MB to 193.5 MB.
Total: 16.596200 ms (FindLiveObjects: 0.577700 ms CreateObjectMapping: 0.333300 ms MarkObjects: 11.006500 ms  DeleteObjects: 4.676600 ms)

Prepare: number of updated asset objects reloaded= 0
========================================================================
Received Import Request.
  Time since last request: 9.739375 seconds.
  path: Assets/Script/GunController.cs
  artifactKey: Guid(cda2df36f61f07d4a9db3c2304605840) Importer(815301076,1909f56bfc062723c751e8b465ee728b)
Start importing Assets/Script/GunController.cs using Guid(cda2df36f61f07d4a9db3c2304605840) Importer(815301076,1909f56bfc062723c751e8b465ee728b) (PreviewImporter) -> (artifact id: '04ffca3adfd720460862acb77373d560') in 0.0022314 seconds
Number of updated asset objects reloaded before import = 0Number of asset objects unloaded after import = 0

========================================================================
Received Prepare
Begin MonoManager ReloadAssembly
- Loaded All Assemblies, in  1.145 seconds
Refreshing native plugins compatible for Editor in 1.33 ms, found 3 plugins.
Native extension for iOS target not found
Native extension for Android target not found
Native extension for WindowsStandalone target not found
Mono: successfully reloaded assembly
- Finished resetting the current domain, in  1.098 seconds
Domain Reload Profiling: 2243ms
	BeginReloadAssembly (344ms)
		ExecutionOrderSort (0ms)
		DisableScriptedObjects (39ms)
		BackupInstance (0ms)
		ReleaseScriptingObjects (1ms)
		CreateAndSetChildDomain (90ms)
	RebuildCommonClasses (57ms)
	RebuildNativeTypeToScriptingClass (21ms)
	initialDomainReloadingComplete (52ms)
	LoadAllAssembliesAndSetupDomain (670ms)
		LoadAssemblies (533ms)
		RebuildTransferFunctionScriptingTraits (0ms)
		AnalyzeDomain (297ms)
			TypeCache.Refresh (14ms)
				TypeCache.ScanAssembly (1ms)
			BuildScriptInfoCaches (254ms)
			ResolveRequiredComponents (23ms)
	FinalizeReload (1099ms)
		ReleaseScriptCaches (0ms)
		RebuildScriptCaches (0ms)
		SetupLoadedEditorAssemblies (769ms)
			LogAssemblyErrors (0ms)
			InitializePlatformSupportModulesInManaged (19ms)
			SetLoadedEditorAssemblies (9ms)
			BeforeProcessingInitializeOnLoad (180ms)
			ProcessInitializeOnLoadAttributes (475ms)
			ProcessInitializeOnLoadMethodAttributes (80ms)
			AfterProcessingInitializeOnLoad (6ms)
			EditorAssembliesLoaded (0ms)
		ExecutionOrderSort2 (0ms)
		AwakeInstancesAfterBackupRestoration (26ms)
Refreshing native plugins compatible for Editor in 1.42 ms, found 3 plugins.
Preloading 0 native plugins for Editor in 0.00 ms.
Unloading 49 Unused Serialized files (Serialized files now loaded: 0)
Unloading 6021 unused Assets / (6.8 MB). Loaded Objects now: 7068.
Memory consumption went from 197.5 MB to 190.7 MB.
Total: 12.539000 ms (FindLiveObjects: 0.762200 ms CreateObjectMapping: 0.593200 ms MarkObjects: 7.336300 ms  DeleteObjects: 3.845800 ms)

Prepare: number of updated asset objects reloaded= 0
========================================================================
Received Import Request.
  Time since last request: 15.971752 seconds.
  path: Assets/Script/GunController.cs
  artifactKey: Guid(cda2df36f61f07d4a9db3c2304605840) Importer(815301076,1909f56bfc062723c751e8b465ee728b)
Start importing Assets/Script/GunController.cs using Guid(cda2df36f61f07d4a9db3c2304605840) Importer(815301076,1909f56bfc062723c751e8b465ee728b) (PreviewImporter) -> (artifact id: 'a2ddfe7c279f21bfad9b388aa991c4cb') in 0.006493 seconds
Number of updated asset objects reloaded before import = 0Number of asset objects unloaded after import = 0

========================================================================
Received Prepare
Refreshing native plugins compatible for Editor in 1.47 ms, found 3 plugins.
Preloading 0 native plugins for Editor in 0.00 ms.
Unloading 48 Unused Serialized files (Serialized files now loaded: 0)
Unloading 6014 unused Assets / (9.4 MB). Loaded Objects now: 7068.
Memory consumption went from 197.4 MB to 188.0 MB.
Total: 14.857300 ms (FindLiveObjects: 0.708700 ms CreateObjectMapping: 0.389300 ms MarkObjects: 6.290700 ms  DeleteObjects: 7.466900 ms)

Prepare: number of updated asset objects reloaded= 0
========================================================================
Received Prepare
Begin MonoManager ReloadAssembly
- Loaded All Assemblies, in  0.979 seconds
Refreshing native plugins compatible for Editor in 0.93 ms, found 3 plugins.
Native extension for iOS target not found
Native extension for Android target not found
Native extension for WindowsStandalone target not found
Mono: successfully reloaded assembly
- Finished resetting the current domain, in  1.049 seconds
Domain Reload Profiling: 2029ms
	BeginReloadAssembly (249ms)
		ExecutionOrderSort (0ms)
		DisableScriptedObjects (13ms)
		BackupInstance (0ms)
		ReleaseScriptingObjects (0ms)
		CreateAndSetChildDomain (51ms)
	RebuildCommonClasses (50ms)
	RebuildNativeTypeToScriptingClass (16ms)
	initialDomainReloadingComplete (33ms)
	LoadAllAssembliesAndSetupDomain (631ms)
		LoadAssemblies (450ms)
		RebuildTransferFunctionScriptingTraits (0ms)
		AnalyzeDomain (308ms)
			TypeCache.Refresh (13ms)
				TypeCache.ScanAssembly (1ms)
			BuildScriptInfoCaches (274ms)
			ResolveRequiredComponents (14ms)
	FinalizeReload (1050ms)
		ReleaseScriptCaches (0ms)
		RebuildScriptCaches (0ms)
		SetupLoadedEditorAssemblies (738ms)
			LogAssemblyErrors (0ms)
			InitializePlatformSupportModulesInManaged (21ms)
			SetLoadedEditorAssemblies (7ms)
			BeforeProcessingInitializeOnLoad (152ms)
			ProcessInitializeOnLoadAttributes (471ms)
			ProcessInitializeOnLoadMethodAttributes (80ms)
			AfterProcessingInitializeOnLoad (6ms)
			EditorAssembliesLoaded (1ms)
		ExecutionOrderSort2 (0ms)
		AwakeInstancesAfterBackupRestoration (29ms)
Refreshing native plugins compatible for Editor in 1.60 ms, found 3 plugins.
Preloading 0 native plugins for Editor in 0.00 ms.
Unloading 49 Unused Serialized files (Serialized files now loaded: 0)
Unloading 6021 unused Assets / (7.5 MB). Loaded Objects now: 7070.
Memory consumption went from 197.4 MB to 189.9 MB.
Total: 11.895900 ms (FindLiveObjects: 0.732800 ms CreateObjectMapping: 0.747400 ms MarkObjects: 5.964900 ms  DeleteObjects: 4.449300 ms)

Prepare: number of updated asset objects reloaded= 0
========================================================================
Received Prepare
Refreshing native plugins compatible for Editor in 1.38 ms, found 3 plugins.
Preloading 0 native plugins for Editor in 0.00 ms.
Unloading 48 Unused Serialized files (Serialized files now loaded: 0)
Unloading 6014 unused Assets / (7.5 MB). Loaded Objects now: 7070.
Memory consumption went from 197.4 MB to 190.0 MB.
Total: 10.987100 ms (FindLiveObjects: 0.614700 ms CreateObjectMapping: 0.355300 ms MarkObjects: 6.499500 ms  DeleteObjects: 3.515600 ms)

Prepare: number of updated asset objects reloaded= 0
========================================================================
Received Prepare
Begin MonoManager ReloadAssembly
- Loaded All Assemblies, in  0.852 seconds
Refreshing native plugins compatible for Editor in 0.82 ms, found 3 plugins.
Native extension for iOS target not found
Native extension for Android target not found
Native extension for WindowsStandalone target not found
Mono: successfully reloaded assembly
- Finished resetting the current domain, in  0.935 seconds
Domain Reload Profiling: 1790ms
	BeginReloadAssembly (231ms)
		ExecutionOrderSort (0ms)
		DisableScriptedObjects (7ms)
		BackupInstance (0ms)
		ReleaseScriptingObjects (0ms)
		CreateAndSetChildDomain (50ms)
	RebuildCommonClasses (42ms)
	RebuildNativeTypeToScriptingClass (13ms)
	initialDomainReloadingComplete (34ms)
	LoadAllAssembliesAndSetupDomain (534ms)
		LoadAssemblies (444ms)
		RebuildTransferFunctionScriptingTraits (0ms)
		AnalyzeDomain (213ms)
			TypeCache.Refresh (10ms)
				TypeCache.ScanAssembly (1ms)
			BuildScriptInfoCaches (185ms)
			ResolveRequiredComponents (12ms)
	FinalizeReload (936ms)
		ReleaseScriptCaches (0ms)
		RebuildScriptCaches (0ms)
		SetupLoadedEditorAssemblies (680ms)
			LogAssemblyErrors (0ms)
			InitializePlatformSupportModulesInManaged (16ms)
			SetLoadedEditorAssemblies (6ms)
			BeforeProcessingInitializeOnLoad (130ms)
			ProcessInitializeOnLoadAttributes (455ms)
			ProcessInitializeOnLoadMethodAttributes (66ms)
			AfterProcessingInitializeOnLoad (7ms)
			EditorAssembliesLoaded (1ms)
		ExecutionOrderSort2 (0ms)
		AwakeInstancesAfterBackupRestoration (33ms)
Refreshing native plugins compatible for Editor in 1.00 ms, found 3 plugins.
Preloading 0 native plugins for Editor in 0.00 ms.
Unloading 49 Unused Serialized files (Serialized files now loaded: 0)
Unloading 6021 unused Assets / (7.4 MB). Loaded Objects now: 7072.
Memory consumption went from 197.4 MB to 190.0 MB.
Total: 10.215800 ms (FindLiveObjects: 0.545800 ms CreateObjectMapping: 0.331900 ms MarkObjects: 4.737000 ms  DeleteObjects: 4.599200 ms)

Prepare: number of updated asset objects reloaded= 0
========================================================================
Received Prepare
Refreshing native plugins compatible for Editor in 0.77 ms, found 3 plugins.
Preloading 0 native plugins for Editor in 0.00 ms.
Unloading 48 Unused Serialized files (Serialized files now loaded: 0)
Unloading 6013 unused Assets / (8.4 MB). Loaded Objects now: 7071.
Memory consumption went from 197.4 MB to 189.0 MB.
Total: 12.829900 ms (FindLiveObjects: 0.534300 ms CreateObjectMapping: 0.320200 ms MarkObjects: 5.679300 ms  DeleteObjects: 6.289700 ms)

Prepare: number of updated asset objects reloaded= 0
========================================================================
Received Prepare
Begin MonoManager ReloadAssembly
- Loaded All Assemblies, in  0.934 seconds
Refreshing native plugins compatible for Editor in 1.57 ms, found 3 plugins.
Native extension for iOS target not found
Native extension for Android target not found
Native extension for WindowsStandalone target not found
Mono: successfully reloaded assembly
- Finished resetting the current domain, in  1.141 seconds
Domain Reload Profiling: 2075ms
	BeginReloadAssembly (260ms)
		ExecutionOrderSort (0ms)
		DisableScriptedObjects (12ms)
		BackupInstance (0ms)
		ReleaseScriptingObjects (0ms)
		CreateAndSetChildDomain (57ms)
	RebuildCommonClasses (49ms)
	RebuildNativeTypeToScriptingClass (20ms)
	initialDomainReloadingComplete (43ms)
	LoadAllAssembliesAndSetupDomain (560ms)
		LoadAssemblies (446ms)
		RebuildTransferFunctionScriptingTraits (0ms)
		AnalyzeDomain (249ms)
			TypeCache.Refresh (11ms)
				TypeCache.ScanAssembly (1ms)
			BuildScriptInfoCaches (220ms)
			ResolveRequiredComponents (13ms)
	FinalizeReload (1141ms)
		ReleaseScriptCaches (0ms)
		RebuildScriptCaches (0ms)
		SetupLoadedEditorAssemblies (827ms)
			LogAssemblyErrors (0ms)
			InitializePlatformSupportModulesInManaged (18ms)
			SetLoadedEditorAssemblies (8ms)
			BeforeProcessingInitializeOnLoad (146ms)
			ProcessInitializeOnLoadAttributes (542ms)
			ProcessInitializeOnLoadMethodAttributes (107ms)
			AfterProcessingInitializeOnLoad (7ms)
			EditorAssembliesLoaded (0ms)
		ExecutionOrderSort2 (0ms)
		AwakeInstancesAfterBackupRestoration (41ms)
Refreshing native plugins compatible for Editor in 1.58 ms, found 3 plugins.
Preloading 0 native plugins for Editor in 0.00 ms.
Unloading 49 Unused Serialized files (Serialized files now loaded: 0)
Unloading 6020 unused Assets / (8.9 MB). Loaded Objects now: 7073.
Memory consumption went from 197.4 MB to 188.5 MB.
Total: 13.262100 ms (FindLiveObjects: 0.708800 ms CreateObjectMapping: 0.455000 ms MarkObjects: 5.674700 ms  DeleteObjects: 6.421900 ms)

Prepare: number of updated asset objects reloaded= 0
========================================================================
Received Prepare
Refreshing native plugins compatible for Editor in 0.87 ms, found 3 plugins.
Preloading 0 native plugins for Editor in 0.00 ms.
Unloading 48 Unused Serialized files (Serialized files now loaded: 0)
Unloading 6014 unused Assets / (7.5 MB). Loaded Objects now: 7074.
Memory consumption went from 197.4 MB to 189.9 MB.
Total: 9.455100 ms (FindLiveObjects: 0.602500 ms CreateObjectMapping: 0.590200 ms MarkObjects: 5.004500 ms  DeleteObjects: 3.254200 ms)

Prepare: number of updated asset objects reloaded= 0
========================================================================
Received Import Request.
  Time since last request: 201.990374 seconds.
  path: Assets/Script/GunController.cs
  artifactKey: Guid(9598e2949886ebc46a447408cf32f8ee) Importer(815301076,1909f56bfc062723c751e8b465ee728b)
Start importing Assets/Script/GunController.cs using Guid(9598e2949886ebc46a447408cf32f8ee) Importer(815301076,1909f56bfc062723c751e8b465ee728b) (PreviewImporter) -> (artifact id: '1afdc7371988bb7ee10b327da0104067') in 0.0113338 seconds
Number of updated asset objects reloaded before import = 0Number of asset objects unloaded after import = 0

========================================================================
Received Prepare
Begin MonoManager ReloadAssembly
- Loaded All Assemblies, in  0.995 seconds
Refreshing native plugins compatible for Editor in 0.94 ms, found 3 plugins.
Native extension for iOS target not found
Native extension for Android target not found
Native extension for WindowsStandalone target not found
Mono: successfully reloaded assembly
- Finished resetting the current domain, in  1.260 seconds
Domain Reload Profiling: 2255ms
	BeginReloadAssembly (276ms)
		ExecutionOrderSort (0ms)
		DisableScriptedObjects (9ms)
		BackupInstance (0ms)
		ReleaseScriptingObjects (0ms)
		CreateAndSetChildDomain (67ms)
	RebuildCommonClasses (57ms)
	RebuildNativeTypeToScriptingClass (15ms)
	initialDomainReloadingComplete (39ms)
	LoadAllAssembliesAndSetupDomain (607ms)
		LoadAssemblies (474ms)
		RebuildTransferFunctionScriptingTraits (0ms)
		AnalyzeDomain (278ms)
			TypeCache.Refresh (12ms)
				TypeCache.ScanAssembly (1ms)
			BuildScriptInfoCaches (241ms)
			ResolveRequiredComponents (15ms)
	FinalizeReload (1261ms)
		ReleaseScriptCaches (0ms)
		RebuildScriptCaches (0ms)
		SetupLoadedEditorAssemblies (939ms)
			LogAssemblyErrors (0ms)
			InitializePlatformSupportModulesInManaged (23ms)
			SetLoadedEditorAssemblies (8ms)
			BeforeProcessingInitializeOnLoad (179ms)
			ProcessInitializeOnLoadAttributes (609ms)
			ProcessInitializeOnLoadMethodAttributes (111ms)
			AfterProcessingInitializeOnLoad (8ms)
			EditorAssembliesLoaded (0ms)
		ExecutionOrderSort2 (0ms)
		AwakeInstancesAfterBackupRestoration (37ms)
Refreshing native plugins compatible for Editor in 1.41 ms, found 3 plugins.
Preloading 0 native plugins for Editor in 0.00 ms.
Unloading 49 Unused Serialized files (Serialized files now loaded: 0)
Unloading 6021 unused Assets / (8.3 MB). Loaded Objects now: 7076.
Memory consumption went from 197.4 MB to 189.1 MB.
Total: 15.804300 ms (FindLiveObjects: 0.882200 ms CreateObjectMapping: 1.137700 ms MarkObjects: 7.475300 ms  DeleteObjects: 6.307200 ms)

Prepare: number of updated asset objects reloaded= 0
========================================================================
Received Prepare
Refreshing native plugins compatible for Editor in 0.98 ms, found 3 plugins.
Preloading 0 native plugins for Editor in 0.00 ms.
Unloading 48 Unused Serialized files (Serialized files now loaded: 0)
Unloading 6014 unused Assets / (7.6 MB). Loaded Objects now: 7076.
Memory consumption went from 197.5 MB to 189.8 MB.
Total: 13.296900 ms (FindLiveObjects: 0.611600 ms CreateObjectMapping: 0.354700 ms MarkObjects: 7.382900 ms  DeleteObjects: 4.945600 ms)

Prepare: number of updated asset objects reloaded= 0
========================================================================
Received Import Request.
  Time since last request: 229.512029 seconds.
  path: Assets/Script/GunController.cs
  artifactKey: Guid(9598e2949886ebc46a447408cf32f8ee) Importer(815301076,1909f56bfc062723c751e8b465ee728b)
Start importing Assets/Script/GunController.cs using Guid(9598e2949886ebc46a447408cf32f8ee) Importer(815301076,1909f56bfc062723c751e8b465ee728b) (PreviewImporter) -> (artifact id: '1a98db41f29971546b7b308b938d2421') in 0.0048439 seconds
Number of updated asset objects reloaded before import = 0Number of asset objects unloaded after import = 0

========================================================================
Received Prepare
Begin MonoManager ReloadAssembly
- Loaded All Assemblies, in  1.034 seconds
Refreshing native plugins compatible for Editor in 1.48 ms, found 3 plugins.
Native extension for iOS target not found
Native extension for Android target not found
Native extension for WindowsStandalone target not found
Mono: successfully reloaded assembly
- Finished resetting the current domain, in  1.201 seconds
Domain Reload Profiling: 2236ms
	BeginReloadAssembly (293ms)
		ExecutionOrderSort (0ms)
		DisableScriptedObjects (10ms)
		BackupInstance (0ms)
		ReleaseScriptingObjects (0ms)
		CreateAndSetChildDomain (61ms)
	RebuildCommonClasses (64ms)
	RebuildNativeTypeToScriptingClass (16ms)
	initialDomainReloadingComplete (55ms)
	LoadAllAssembliesAndSetupDomain (606ms)
		LoadAssemblies (511ms)
		RebuildTransferFunctionScriptingTraits (0ms)
		AnalyzeDomain (256ms)
			TypeCache.Refresh (14ms)
				TypeCache.ScanAssembly (1ms)
			BuildScriptInfoCaches (214ms)
			ResolveRequiredComponents (22ms)
	FinalizeReload (1202ms)
		ReleaseScriptCaches (0ms)
		RebuildScriptCaches (0ms)
		SetupLoadedEditorAssemblies (911ms)
			LogAssemblyErrors (0ms)
			InitializePlatformSupportModulesInManaged (30ms)
			SetLoadedEditorAssemblies (10ms)
			BeforeProcessingInitializeOnLoad (181ms)
			ProcessInitializeOnLoadAttributes (573ms)
			ProcessInitializeOnLoadMethodAttributes (111ms)
			AfterProcessingInitializeOnLoad (6ms)
			EditorAssembliesLoaded (0ms)
		ExecutionOrderSort2 (0ms)
		AwakeInstancesAfterBackupRestoration (34ms)
Refreshing native plugins compatible for Editor in 0.98 ms, found 3 plugins.
Preloading 0 native plugins for Editor in 0.00 ms.
Unloading 49 Unused Serialized files (Serialized files now loaded: 0)
Unloading 6021 unused Assets / (9.0 MB). Loaded Objects now: 7078.
Memory consumption went from 197.5 MB to 188.5 MB.
Total: 11.689800 ms (FindLiveObjects: 0.598300 ms CreateObjectMapping: 0.378600 ms MarkObjects: 5.130700 ms  DeleteObjects: 5.580600 ms)

Prepare: number of updated asset objects reloaded= 0
========================================================================
Received Prepare
Refreshing native plugins compatible for Editor in 2.81 ms, found 3 plugins.
Preloading 0 native plugins for Editor in 0.00 ms.
Unloading 48 Unused Serialized files (Serialized files now loaded: 0)
Unloading 6014 unused Assets / (7.9 MB). Loaded Objects now: 7078.
Memory consumption went from 197.5 MB to 189.6 MB.
Total: 24.732700 ms (FindLiveObjects: 1.343200 ms CreateObjectMapping: 1.486200 ms MarkObjects: 12.957800 ms  DeleteObjects: 8.942700 ms)

Prepare: number of updated asset objects reloaded= 0
========================================================================
Received Import Request.
  Time since last request: 19.248043 seconds.
  path: Assets/Script/GunController.cs
  artifactKey: Guid(9598e2949886ebc46a447408cf32f8ee) Importer(815301076,1909f56bfc062723c751e8b465ee728b)
Start importing Assets/Script/GunController.cs using Guid(9598e2949886ebc46a447408cf32f8ee) Importer(815301076,1909f56bfc062723c751e8b465ee728b) (PreviewImporter) -> (artifact id: 'c73530f38dba782c9303f2d04f1d8b44') in 0.0145676 seconds
Number of updated asset objects reloaded before import = 0Number of asset objects unloaded after import = 0

========================================================================
Received Prepare
Begin MonoManager ReloadAssembly
- Loaded All Assemblies, in  0.892 seconds
Refreshing native plugins compatible for Editor in 1.17 ms, found 3 plugins.
Native extension for iOS target not found
Native extension for Android target not found
Native extension for WindowsStandalone target not found
Mono: successfully reloaded assembly
- Finished resetting the current domain, in  1.121 seconds
Domain Reload Profiling: 2013ms
	BeginReloadAssembly (276ms)
		ExecutionOrderSort (0ms)
		DisableScriptedObjects (13ms)
		BackupInstance (0ms)
		ReleaseScriptingObjects (0ms)
		CreateAndSetChildDomain (60ms)
	RebuildCommonClasses (53ms)
	RebuildNativeTypeToScriptingClass (16ms)
	initialDomainReloadingComplete (37ms)
	LoadAllAssembliesAndSetupDomain (510ms)
		LoadAssemblies (457ms)
		RebuildTransferFunctionScriptingTraits (0ms)
		AnalyzeDomain (199ms)
			TypeCache.Refresh (13ms)
				TypeCache.ScanAssembly (1ms)
			BuildScriptInfoCaches (172ms)
			ResolveRequiredComponents (9ms)
	FinalizeReload (1122ms)
		ReleaseScriptCaches (0ms)
		RebuildScriptCaches (0ms)
		SetupLoadedEditorAssemblies (803ms)
			LogAssemblyErrors (0ms)
			InitializePlatformSupportModulesInManaged (20ms)
			SetLoadedEditorAssemblies (8ms)
			BeforeProcessingInitializeOnLoad (152ms)
			ProcessInitializeOnLoadAttributes (535ms)
			ProcessInitializeOnLoadMethodAttributes (76ms)
			AfterProcessingInitializeOnLoad (11ms)
			EditorAssembliesLoaded (1ms)
		ExecutionOrderSort2 (0ms)
		AwakeInstancesAfterBackupRestoration (36ms)
Refreshing native plugins compatible for Editor in 1.25 ms, found 3 plugins.
Preloading 0 native plugins for Editor in 0.00 ms.
Unloading 49 Unused Serialized files (Serialized files now loaded: 0)
Unloading 6021 unused Assets / (7.9 MB). Loaded Objects now: 7080.
Memory consumption went from 197.5 MB to 189.6 MB.
Total: 12.979700 ms (FindLiveObjects: 1.038500 ms CreateObjectMapping: 0.464700 ms MarkObjects: 6.017000 ms  DeleteObjects: 5.457000 ms)

Prepare: number of updated asset objects reloaded= 0
========================================================================
Received Import Request.
  Time since last request: 22.639106 seconds.
  path: Assets/Helica/PM-40
  artifactKey: Guid(0ab65bb8d9f9d5e4383acb799913c502) Importer(815301076,1909f56bfc062723c751e8b465ee728b)
Start importing Assets/Helica/PM-40 using Guid(0ab65bb8d9f9d5e4383acb799913c502) Importer(815301076,1909f56bfc062723c751e8b465ee728b) (PreviewImporter) -> (artifact id: 'f3f05e2f79679cba69328596a0571389') in 0.0034667 seconds
Number of updated asset objects reloaded before import = 0Number of asset objects unloaded after import = 0

========================================================================
Received Import Request.
  Time since last request: 1.955810 seconds.
  path: Assets/Helica/PM-40/Prefabs
  artifactKey: Guid(99d88e93bb896754981630e654be4207) Importer(815301076,1909f56bfc062723c751e8b465ee728b)
Start importing Assets/Helica/PM-40/Prefabs using Guid(99d88e93bb896754981630e654be4207) Importer(815301076,1909f56bfc062723c751e8b465ee728b) (PreviewImporter) -> (artifact id: '2d872b1b4d6ceb5a483e08276505ca6c') in 0.0007938 seconds
Number of updated asset objects reloaded before import = 0Number of asset objects unloaded after import = 0

========================================================================
Received Import Request.
  Time since last request: 0.014822 seconds.
  path: Assets/Helica/PM-40/Prefabs/PM-40_Variant1.prefab
  artifactKey: Guid(40f85fbf483918e44862a63a0bc4bd2a) Importer(815301076,1909f56bfc062723c751e8b465ee728b)
Start importing Assets/Helica/PM-40/Prefabs/PM-40_Variant1.prefab using Guid(40f85fbf483918e44862a63a0bc4bd2a) Importer(815301076,1909f56bfc062723c751e8b465ee728b) (PreviewImporter) -> (artifact id: '1522d47dd2760b691ecaffc4389ebc25') in 2.4258671 seconds
Number of updated asset objects reloaded before import = 0Number of asset objects unloaded after import = 34

========================================================================
Received Import Request.
  Time since last request: 0.000048 seconds.
  path: Assets/Helica/PM-40/Prefabs/PM-40_Variant3.prefab
  artifactKey: Guid(0f599fa355e018c47bd698bd6bdf7e90) Importer(815301076,1909f56bfc062723c751e8b465ee728b)
Start importing Assets/Helica/PM-40/Prefabs/PM-40_Variant3.prefab using Guid(0f599fa355e018c47bd698bd6bdf7e90) Importer(815301076,1909f56bfc062723c751e8b465ee728b) (PreviewImporter) -> (artifact id: 'fa5cdd757b53aac1ce89585df5f2dd0d') in 1.0540906 seconds
Number of updated asset objects reloaded before import = 0Number of asset objects unloaded after import = 33

========================================================================
Received Import Request.
  Time since last request: 27.303719 seconds.
  path: Assets/Helica/PM-40/Materials
  artifactKey: Guid(307afec974d4283489ab24ac7fc98a88) Importer(815301076,1909f56bfc062723c751e8b465ee728b)
Start importing Assets/Helica/PM-40/Materials using Guid(307afec974d4283489ab24ac7fc98a88) Importer(815301076,1909f56bfc062723c751e8b465ee728b) (PreviewImporter) -> (artifact id: 'f2fb58fca9a4ea6ee8a1968b06683b37') in 0.0017592 seconds
Number of updated asset objects reloaded before import = 0Number of asset objects unloaded after import = 0

========================================================================
Received Import Request.
  Time since last request: 2.933170 seconds.
  path: Assets/Helica/PM-40/Materials/PM-40_Variant1
  artifactKey: Guid(2b35df49ab1f12a46a208c9bfeb2324e) Importer(815301076,1909f56bfc062723c751e8b465ee728b)
Start importing Assets/Helica/PM-40/Materials/PM-40_Variant1 using Guid(2b35df49ab1f12a46a208c9bfeb2324e) Importer(815301076,1909f56bfc062723c751e8b465ee728b) (PreviewImporter) -> (artifact id: 'fc87d8cb3450c87f3c35a43fa049a948') in 0.0009281 seconds
Number of updated asset objects reloaded before import = 0Number of asset objects unloaded after import = 0

========================================================================
Received Import Request.
  Time since last request: 0.030041 seconds.
  path: Assets/Helica/PM-40/Materials/PM-40_Variant1/PM-40_Variant1.mat
  artifactKey: Guid(4552f63936bdda740bc5a72773c67947) Importer(815301076,1909f56bfc062723c751e8b465ee728b)
Start importing Assets/Helica/PM-40/Materials/PM-40_Variant1/PM-40_Variant1.mat using Guid(4552f63936bdda740bc5a72773c67947) Importer(815301076,1909f56bfc062723c751e8b465ee728b) (PreviewImporter) -> (artifact id: '781d77ec2448dcdeffb5bde42f406964') in 0.7343579 seconds
Number of updated asset objects reloaded before import = 0Number of asset objects unloaded after import = 6

========================================================================
Received Import Request.
  Time since last request: 0.000044 seconds.
  path: Assets/Helica/PM-40/Materials/PM-40_Variant1/PM-40_Variant1_MetallicSmoothness.png
  artifactKey: Guid(8ab873b39a814904aa49ccd23e88ceba) Importer(815301076,1909f56bfc062723c751e8b465ee728b)
Start importing Assets/Helica/PM-40/Materials/PM-40_Variant1/PM-40_Variant1_MetallicSmoothness.png using Guid(8ab873b39a814904aa49ccd23e88ceba) Importer(815301076,1909f56bfc062723c751e8b465ee728b) (PreviewImporter) -> (artifact id: '1db2797e258125029bfb34768aa0cfbf') in 0.2463472 seconds
Number of updated asset objects reloaded before import = 0Number of asset objects unloaded after import = 2

Editor requested this worker to shutdown with reason: Scaling down because of idle timeout
AssetImportWorkerClient::OnTransportError - code=2 error=End of file
AssetImportWorker is now disconnected from the server
Process exiting
Exiting without the bug reporter. Application will terminate with return code 0